-- MySQL dump 10.13  Distrib 8.0.46, for Linux (x86_64)
--
-- Host: localhost    Database: opticedge
-- ------------------------------------------------------
-- Server version	8.0.46

/*!40101 SET @OLD_CHARACTER_SET_CLIENT=@@CHARACTER_SET_CLIENT */;
/*!40101 SET @OLD_CHARACTER_SET_RESULTS=@@CHARACTER_SET_RESULTS */;
/*!40101 SET @OLD_COLLATION_CONNECTION=@@COLLATION_CONNECTION */;
/*!50503 SET NAMES utf8mb4 */;
/*!40103 SET @OLD_TIME_ZONE=@@TIME_ZONE */;
/*!40103 SET TIME_ZONE='+00:00' */;
/*!40014 SET @OLD_UNIQUE_CHECKS=@@UNIQUE_CHECKS, UNIQUE_CHECKS=0 */;
/*!40014 SET @OLD_FOREIGN_KEY_CHECKS=@@FOREIGN_KEY_CHECKS, FOREIGN_KEY_CHECKS=0 */;
/*!40101 SET @OLD_SQL_MODE=@@SQL_MODE, SQL_MODE='NO_AUTO_VALUE_ON_ZERO' */;
/*!40111 SET @OLD_SQL_NOTES=@@SQL_NOTES, SQL_NOTES=0 */;

--
-- Table structure for table `addresses`
--

DROP TABLE IF EXISTS `addresses`;
/*!40101 SET @saved_cs_client     = @@character_set_client */;
/*!50503 SET character_set_client = utf8mb4 */;
CREATE TABLE `addresses` (
  `id` bigint unsigned NOT NULL AUTO_INCREMENT,
  `user_id` bigint unsigned NOT NULL,
  `type` varchar(255) NOT NULL DEFAULT 'Home',
  `address` varchar(255) NOT NULL,
  `city` varchar(255) NOT NULL,
  `state` varchar(255) DEFAULT NULL,
  `zip` varchar(255) DEFAULT NULL,
  `country` varchar(255) NOT NULL DEFAULT 'Tanzania',
  `is_default` tinyint(1) NOT NULL DEFAULT '0',
  `created_at` timestamp NULL DEFAULT NULL,
  `updated_at` timestamp NULL DEFAULT NULL,
  `latitude` decimal(10,8) DEFAULT NULL,
  `longitude` decimal(11,8) DEFAULT NULL,
  PRIMARY KEY (`id`),
  KEY `addresses_user_id_foreign` (`user_id`),
  CONSTRAINT `addresses_user_id_foreign` FOREIGN KEY (`user_id`) REFERENCES `users` (`id`) ON DELETE CASCADE
) ENGINE=InnoDB DEFAULT CHARSET=latin1;
/*!40101 SET character_set_client = @saved_cs_client */;

--
-- Dumping data for table `addresses`
--

LOCK TABLES `addresses` WRITE;
/*!40000 ALTER TABLE `addresses` DISABLE KEYS */;
/*!40000 ALTER TABLE `addresses` ENABLE KEYS */;
UNLOCK TABLES;

--
-- Table structure for table `agent_assignments`
--

DROP TABLE IF EXISTS `agent_assignments`;
/*!40101 SET @saved_cs_client     = @@character_set_client */;
/*!50503 SET character_set_client = utf8mb4 */;
CREATE TABLE `agent_assignments` (
  `id` bigint unsigned NOT NULL AUTO_INCREMENT,
  `agent_id` bigint unsigned NOT NULL,
  `product_id` bigint unsigned NOT NULL,
  `purchase_id` bigint unsigned DEFAULT NULL,
  `assignment_type` varchar(16) NOT NULL DEFAULT 'imei',
  `quantity_assigned` int NOT NULL DEFAULT '0',
  `quantity_sold` int NOT NULL DEFAULT '0',
  `created_at` timestamp NULL DEFAULT NULL,
  `updated_at` timestamp NULL DEFAULT NULL,
  PRIMARY KEY (`id`),
  UNIQUE KEY `agent_assignments_agent_id_product_id_unique` (`agent_id`,`product_id`),
  UNIQUE KEY `agent_assignments_agent_product_type_purchase_unique` (`agent_id`,`product_id`,`assignment_type`,`purchase_id`),
  KEY `agent_assignments_product_id_foreign` (`product_id`),
  KEY `agent_assignments_purchase_id_foreign` (`purchase_id`),
  CONSTRAINT `agent_assignments_agent_id_foreign` FOREIGN KEY (`agent_id`) REFERENCES `users` (`id`) ON DELETE CASCADE,
  CONSTRAINT `agent_assignments_product_id_foreign` FOREIGN KEY (`product_id`) REFERENCES `models` (`id`) ON DELETE CASCADE,
  CONSTRAINT `agent_assignments_purchase_id_foreign` FOREIGN KEY (`purchase_id`) REFERENCES `purchases` (`id`) ON DELETE SET NULL
) ENGINE=InnoDB AUTO_INCREMENT=82 DEFAULT CHARSET=latin1;
/*!40101 SET character_set_client = @saved_cs_client */;

--
-- Dumping data for table `agent_assignments`
--

LOCK TABLES `agent_assignments` WRITE;
/*!40000 ALTER TABLE `agent_assignments` DISABLE KEYS */;
INSERT INTO `agent_assignments` VALUES (6,10,428,NULL,'imei',2,0,'2026-05-01 09:29:08','2026-05-01 10:29:06'),(7,15,428,NULL,'imei',2,2,'2026-05-01 10:18:03','2026-05-01 10:34:48'),(8,34,430,NULL,'imei',50,49,'2026-05-02 07:20:52','2026-05-28 16:44:20'),(9,20,430,NULL,'imei',34,32,'2026-05-02 08:07:22','2026-05-28 13:16:01'),(10,27,430,NULL,'imei',61,57,'2026-05-02 08:15:08','2026-05-28 07:32:26'),(11,28,430,NULL,'imei',42,41,'2026-05-02 08:22:41','2026-05-26 10:07:01'),(12,25,430,NULL,'imei',71,69,'2026-05-02 08:58:04','2026-05-26 14:28:43'),(13,39,430,NULL,'imei',19,18,'2026-05-02 09:05:10','2026-05-27 14:04:01'),(14,58,430,NULL,'imei',32,28,'2026-05-02 09:11:38','2026-05-21 14:13:26'),(15,26,430,NULL,'imei',36,35,'2026-05-02 09:26:44','2026-05-26 06:24:04'),(17,31,430,NULL,'imei',51,48,'2026-05-02 11:07:31','2026-05-28 17:04:09'),(18,30,430,NULL,'imei',25,21,'2026-05-02 11:53:51','2026-05-26 08:58:43'),(19,52,430,NULL,'imei',23,20,'2026-05-02 12:09:06','2026-05-21 09:28:02'),(20,55,430,NULL,'imei',39,37,'2026-05-02 12:21:04','2026-05-28 11:15:17'),(21,48,430,NULL,'imei',1,1,'2026-05-02 12:45:42','2026-05-14 06:35:35'),(22,63,430,NULL,'imei',50,49,'2026-05-02 12:50:23','2026-05-28 12:41:00'),(23,56,430,NULL,'imei',31,25,'2026-05-02 12:55:37','2026-05-21 15:09:23'),(24,16,430,NULL,'imei',32,32,'2026-05-02 13:06:54','2026-05-18 16:09:08'),(25,37,430,NULL,'imei',45,38,'2026-05-02 13:17:12','2026-05-28 08:43:01'),(26,17,430,NULL,'imei',46,42,'2026-05-02 13:20:47','2026-05-26 09:54:51'),(27,24,430,NULL,'imei',7,7,'2026-05-02 13:22:51','2026-05-27 08:23:05'),(28,40,430,NULL,'imei',47,47,'2026-05-02 13:28:21','2026-05-28 16:47:55'),(29,57,430,NULL,'imei',198,185,'2026-05-02 13:48:01','2026-05-28 15:03:29'),(30,45,430,NULL,'imei',49,45,'2026-05-02 14:09:05','2026-05-27 13:06:35'),(31,64,430,NULL,'imei',4,0,'2026-05-02 14:19:34','2026-05-02 14:19:34'),(32,51,430,NULL,'imei',3,3,'2026-05-02 14:20:37','2026-05-23 13:56:53'),(33,44,430,NULL,'imei',4,4,'2026-05-02 14:40:22','2026-05-16 15:46:45'),(34,65,430,NULL,'imei',85,69,'2026-05-02 14:57:11','2026-05-28 17:19:42'),(35,18,430,NULL,'imei',4,4,'2026-05-02 16:25:14','2026-05-20 08:58:52'),(36,22,430,NULL,'imei',10,10,'2026-05-02 17:35:15','2026-05-27 12:10:15'),(37,54,430,NULL,'imei',47,43,'2026-05-03 08:51:37','2026-05-28 10:02:32'),(38,72,430,NULL,'imei',14,11,'2026-05-04 09:37:09','2026-05-22 11:50:35'),(39,10,395,NULL,'imei',1,1,'2026-05-04 10:17:10','2026-05-22 08:58:28'),(40,50,430,NULL,'imei',10,5,'2026-05-04 10:24:12','2026-05-09 18:12:21'),(41,73,430,NULL,'imei',15,15,'2026-05-04 10:34:32','2026-05-24 12:27:43'),(42,74,430,NULL,'imei',17,17,'2026-05-04 10:42:57','2026-05-20 13:49:31'),(43,35,430,NULL,'imei',44,43,'2026-05-04 12:37:26','2026-05-23 10:06:44'),(45,24,437,NULL,'imei',1,1,'2026-05-04 16:49:13','2026-05-04 16:51:45'),(46,75,430,NULL,'imei',29,24,'2026-05-04 17:37:30','2026-05-28 11:45:20'),(47,78,430,NULL,'imei',3,0,'2026-05-05 10:51:40','2026-05-05 10:51:40'),(48,66,430,NULL,'imei',10,9,'2026-05-06 08:26:41','2026-05-28 16:15:48'),(51,81,430,NULL,'imei',7,6,'2026-05-07 08:10:57','2026-05-23 09:38:56'),(53,84,430,NULL,'imei',12,8,'2026-05-08 12:51:24','2026-05-28 08:40:07'),(54,53,430,NULL,'imei',5,4,'2026-05-09 17:25:19','2026-05-27 10:25:44'),(55,49,430,NULL,'imei',3,3,'2026-05-10 11:29:57','2026-05-25 09:45:34'),(56,85,430,NULL,'imei',15,0,'2026-05-11 11:56:23','2026-05-15 16:04:01'),(57,60,430,NULL,'imei',7,0,'2026-05-12 13:23:13','2026-05-13 13:32:52'),(58,88,430,NULL,'imei',1,0,'2026-05-13 07:20:14','2026-05-13 07:20:14'),(59,89,430,NULL,'imei',2,1,'2026-05-13 10:08:47','2026-05-22 15:56:15'),(60,86,430,NULL,'imei',12,0,'2026-05-13 10:08:53','2026-05-17 09:15:24'),(61,96,430,NULL,'imei',3,0,'2026-05-13 13:32:52','2026-05-13 13:32:52'),(62,92,430,NULL,'imei',7,4,'2026-05-15 12:13:29','2026-05-22 15:36:36'),(63,100,430,NULL,'imei',1,1,'2026-05-17 09:15:24','2026-05-17 09:18:52'),(64,93,430,NULL,'imei',2,1,'2026-05-18 09:35:00','2026-05-21 12:47:47'),(65,94,430,NULL,'imei',2,1,'2026-05-18 09:35:38','2026-05-26 12:28:58'),(66,95,430,NULL,'imei',2,2,'2026-05-18 09:38:21','2026-05-27 11:34:05'),(67,10,430,NULL,'imei',1,1,'2026-05-18 10:41:19','2026-05-18 10:46:06'),(68,19,430,NULL,'imei',1,1,'2026-05-18 11:43:18','2026-05-18 12:00:31'),(69,23,430,NULL,'imei',2,2,'2026-05-18 13:32:16','2026-05-23 18:02:15'),(70,105,430,NULL,'imei',5,5,'2026-05-19 08:46:51','2026-05-25 07:39:37'),(71,101,430,NULL,'imei',7,2,'2026-05-19 08:50:45','2026-05-28 08:42:45'),(72,102,430,NULL,'imei',5,5,'2026-05-19 09:56:39','2026-05-25 18:17:30'),(73,106,430,NULL,'imei',15,8,'2026-05-19 10:05:54','2026-05-25 18:35:38'),(74,70,430,NULL,'imei',10,0,'2026-05-19 12:33:29','2026-05-19 12:33:29'),(75,107,430,NULL,'imei',20,0,'2026-05-19 13:33:15','2026-05-19 13:33:15'),(76,108,430,NULL,'imei',1,1,'2026-05-19 14:17:59','2026-05-19 14:26:23'),(77,110,430,NULL,'imei',2,1,'2026-05-21 16:20:52','2026-05-22 10:31:37'),(78,111,430,NULL,'imei',5,4,'2026-05-25 08:27:35','2026-05-28 09:52:58'),(79,69,430,NULL,'imei',1,1,'2026-05-27 14:04:01','2026-05-27 14:33:10'),(80,10,89,NULL,'imei',1,1,'2026-05-28 10:39:26','2026-05-28 11:09:26'),(81,112,430,NULL,'imei',4,1,'2026-05-28 11:15:17','2026-05-28 13:01:03');
/*!40000 ALTER TABLE `agent_assignments` ENABLE KEYS */;
UNLOCK TABLES;

--
-- Table structure for table `agent_credit_payments`
--

DROP TABLE IF EXISTS `agent_credit_payments`;
/*!40101 SET @saved_cs_client     = @@character_set_client */;
/*!50503 SET character_set_client = utf8mb4 */;
CREATE TABLE `agent_credit_payments` (
  `id` bigint unsigned NOT NULL AUTO_INCREMENT,
  `agent_credit_id` bigint unsigned NOT NULL,
  `payment_option_id` bigint unsigned DEFAULT NULL,
  `amount` decimal(15,2) NOT NULL,
  `paid_date` date DEFAULT NULL,
  `notes` text,
  `created_at` timestamp NULL DEFAULT NULL,
  `updated_at` timestamp NULL DEFAULT NULL,
  PRIMARY KEY (`id`),
  KEY `agent_credit_payments_agent_credit_id_foreign` (`agent_credit_id`),
  KEY `agent_credit_payments_payment_option_id_foreign` (`payment_option_id`),
  CONSTRAINT `agent_credit_payments_agent_credit_id_foreign` FOREIGN KEY (`agent_credit_id`) REFERENCES `agent_credits` (`id`) ON DELETE CASCADE,
  CONSTRAINT `agent_credit_payments_payment_option_id_foreign` FOREIGN KEY (`payment_option_id`) REFERENCES `payment_options` (`id`) ON DELETE SET NULL
) ENGINE=InnoDB AUTO_INCREMENT=7 DEFAULT CHARSET=latin1;
/*!40101 SET character_set_client = @saved_cs_client */;

--
-- Dumping data for table `agent_credit_payments`
--

LOCK TABLES `agent_credit_payments` WRITE;
/*!40000 ALTER TABLE `agent_credit_payments` DISABLE KEYS */;
/*!40000 ALTER TABLE `agent_credit_payments` ENABLE KEYS */;
UNLOCK TABLES;

--
-- Table structure for table `agent_credits`
--

DROP TABLE IF EXISTS `agent_credits`;
/*!40101 SET @saved_cs_client     = @@character_set_client */;
/*!50503 SET character_set_client = utf8mb4 */;
CREATE TABLE `agent_credits` (
  `id` bigint unsigned NOT NULL AUTO_INCREMENT,
  `agent_id` bigint unsigned NOT NULL,
  `customer_name` varchar(255) NOT NULL,
  `customer_phone` varchar(64) DEFAULT NULL,
  `kin_name` varchar(255) DEFAULT NULL,
  `kin_phone` varchar(64) DEFAULT NULL,
  `product_list_id` bigint unsigned DEFAULT NULL,
  `product_id` bigint unsigned NOT NULL,
  `total_amount` decimal(15,2) NOT NULL,
  `purchase_price` decimal(15,2) DEFAULT NULL,
  `selling_price` decimal(15,2) DEFAULT NULL,
  `profit` decimal(15,2) DEFAULT NULL,
  `paid_amount` decimal(15,2) NOT NULL DEFAULT '0.00',
  `commission_paid` decimal(15,2) NOT NULL DEFAULT '0.00',
  `commission_expense_id` bigint unsigned DEFAULT NULL,
  `payment_status` varchar(255) NOT NULL DEFAULT 'pending',
  `payment_option_id` bigint unsigned DEFAULT NULL,
  `installment_count` int unsigned DEFAULT NULL,
  `installment_amount` decimal(15,2) DEFAULT NULL,
  `installment_interval_days` smallint unsigned DEFAULT NULL,
  `first_due_date` date DEFAULT NULL,
  `installment_notes` text,
  `date` date NOT NULL,
  `paid_date` date DEFAULT NULL,
  `created_at` timestamp NULL DEFAULT NULL,
  `updated_at` timestamp NULL DEFAULT NULL,
  PRIMARY KEY (`id`),
  KEY `agent_credits_agent_id_foreign` (`agent_id`),
  KEY `agent_credits_product_list_id_foreign` (`product_list_id`),
  KEY `agent_credits_product_id_foreign` (`product_id`),
  KEY `agent_credits_payment_option_id_foreign` (`payment_option_id`),
  KEY `agent_credits_commission_expense_id_foreign` (`commission_expense_id`),
  CONSTRAINT `agent_credits_agent_id_foreign` FOREIGN KEY (`agent_id`) REFERENCES `users` (`id`) ON DELETE CASCADE,
  CONSTRAINT `agent_credits_commission_expense_id_foreign` FOREIGN KEY (`commission_expense_id`) REFERENCES `expenses` (`id`) ON DELETE SET NULL,
  CONSTRAINT `agent_credits_payment_option_id_foreign` FOREIGN KEY (`payment_option_id`) REFERENCES `payment_options` (`id`) ON DELETE SET NULL,
  CONSTRAINT `agent_credits_product_id_foreign` FOREIGN KEY (`product_id`) REFERENCES `models` (`id`) ON DELETE CASCADE,
  CONSTRAINT `agent_credits_product_list_id_foreign` FOREIGN KEY (`product_list_id`) REFERENCES `product_list` (`id`) ON DELETE SET NULL
) ENGINE=InnoDB AUTO_INCREMENT=1257 DEFAULT CHARSET=latin1;
/*!40101 SET character_set_client = @saved_cs_client */;

--
-- Dumping data for table `agent_credits`
--

LOCK TABLES `agent_credits` WRITE;
/*!40000 ALTER TABLE `agent_credits` DISABLE KEYS */;
INSERT INTO `agent_credits` VALUES (11,25,'Mohamedi Selemani Mwinchande','0756827972','Juma Shabani Ramadhani','0702699171',41,430,430000.00,315000.00,430000.00,115000.00,0.00,0.00,NULL,'pending',NULL,NULL,NULL,NULL,NULL,NULL,'2026-05-02',NULL,'2026-05-02 12:03:31','2026-05-22 12:19:32'),(12,27,'Celina A Antony','0750335323','Smithman Chales Julius','0710901531',31,430,430000.00,315000.00,430000.00,115000.00,0.00,0.00,NULL,'pending',NULL,NULL,NULL,NULL,NULL,NULL,'2026-05-02',NULL,'2026-05-02 13:37:00','2026-05-22 12:19:32'),(13,16,'Said Said','0763805387','Elizabeth Gerald Shabo','0749464537',132,430,430000.00,315000.00,430000.00,115000.00,0.00,0.00,NULL,'pending',NULL,NULL,NULL,NULL,NULL,NULL,'2026-05-02',NULL,'2026-05-02 13:42:57','2026-05-22 12:19:32'),(14,57,'Sarah J Maneno','+255742614619','Juma Ally Juma','0776301323',150,430,430000.00,315000.00,430000.00,115000.00,0.00,0.00,NULL,'pending',NULL,NULL,NULL,NULL,NULL,NULL,'2026-05-02',NULL,'2026-05-02 14:02:33','2026-05-22 12:19:32'),(15,34,'Editha P Mazengo','0791247971','Paulina Emanuel Chimosa','719813684',81,430,430000.00,315000.00,430000.00,115000.00,0.00,0.00,NULL,'pending',NULL,NULL,NULL,NULL,NULL,NULL,'2026-05-02',NULL,'2026-05-02 14:14:04','2026-05-22 12:19:32'),(16,31,'Sadick','0797390000','Diana','0715419969',78,430,430000.00,315000.00,430000.00,115000.00,0.00,0.00,NULL,'pending',NULL,NULL,NULL,NULL,NULL,NULL,'2026-05-02',NULL,'2026-05-02 14:37:30','2026-05-22 12:19:32'),(17,51,'Bakari A Askai','0766538608','Joseph Adam Askai','067479956',69,430,430000.00,315000.00,430000.00,115000.00,0.00,0.00,NULL,'pending',NULL,NULL,NULL,NULL,NULL,NULL,'2026-05-02',NULL,'2026-05-02 14:46:06','2026-05-22 12:19:32'),(18,56,'Princess B Msumba','0790253451','Baraka Yoel Sumba','0757886616',128,430,430000.00,315000.00,430000.00,115000.00,0.00,0.00,NULL,'pending',NULL,NULL,NULL,NULL,NULL,NULL,'2026-05-02',NULL,'2026-05-02 14:47:12','2026-05-22 12:19:32'),(19,16,'Ismail Ally','0664944796','Yahaya Ally Mpole','0655537014',131,430,430000.00,315000.00,430000.00,115000.00,0.00,0.00,NULL,'pending',NULL,NULL,NULL,NULL,NULL,NULL,'2026-05-02',NULL,'2026-05-02 14:48:29','2026-05-22 12:19:32'),(20,58,'Rose A Muhaha','+255662825369','Rehema Athumani Msiku','0714767160',59,430,430000.00,315000.00,430000.00,115000.00,0.00,0.00,NULL,'pending',NULL,NULL,NULL,NULL,NULL,NULL,'2026-05-02',NULL,'2026-05-02 14:52:34','2026-05-22 12:19:32'),(21,25,'Salma Athumani Bakari','0776365396','Rashidi Columba Bonumali','0784754815',43,430,430000.00,315000.00,430000.00,115000.00,0.00,0.00,NULL,'pending',NULL,NULL,NULL,NULL,NULL,NULL,'2026-05-02',NULL,'2026-05-02 14:54:47','2026-05-22 12:19:32'),(22,24,'Naomi Ephraim Issa','070796307165','Janeth Chokela Mgaya','0789995050',144,430,430000.00,315000.00,430000.00,115000.00,0.00,0.00,NULL,'pending',NULL,NULL,NULL,NULL,NULL,NULL,'2026-05-02',NULL,'2026-05-02 14:58:46','2026-05-22 12:19:32'),(23,65,'Fatuhu A Ramadhan','0685232349','Razia Ahmad Salum','0682043621',163,430,430000.00,315000.00,430000.00,115000.00,0.00,0.00,NULL,'pending',NULL,NULL,NULL,NULL,NULL,NULL,'2026-05-02',NULL,'2026-05-02 15:01:54','2026-05-22 12:19:32'),(24,20,'Fatuma Athumani Sufiani','+255746041292','Samweli Varelian Kesi','0786208889',27,430,430000.00,315000.00,430000.00,115000.00,0.00,0.00,NULL,'pending',NULL,NULL,NULL,NULL,NULL,NULL,'2026-05-02',NULL,'2026-05-02 15:09:34','2026-05-22 12:19:32'),(25,57,'Mohamed A Iddi','0686435199','Maliki Ally Juma','06555533251',164,430,430000.00,315000.00,430000.00,115000.00,0.00,0.00,NULL,'pending',NULL,NULL,NULL,NULL,NULL,NULL,'2026-05-02',NULL,'2026-05-02 15:15:25','2026-05-22 12:19:32'),(26,65,'Asha A Gundu','0740248813','Aziza Gundu','0762703500',166,430,430000.00,315000.00,430000.00,115000.00,0.00,0.00,NULL,'pending',NULL,NULL,NULL,NULL,NULL,NULL,'2026-05-02',NULL,'2026-05-02 15:35:30','2026-05-22 12:19:32'),(27,20,'Mariam S Salum','0749528193','Habitat Mohamed Hassan','0694045839',26,430,430000.00,315000.00,430000.00,115000.00,0.00,0.00,NULL,'pending',NULL,NULL,NULL,NULL,NULL,NULL,'2026-05-02',NULL,'2026-05-02 15:42:20','2026-05-22 12:19:32'),(28,65,'Arafat A Rashidi','0777343036','Rehema Chanzi Manyama','0679212237',167,430,430000.00,315000.00,430000.00,115000.00,0.00,0.00,NULL,'pending',NULL,NULL,NULL,NULL,NULL,NULL,'2026-05-02',NULL,'2026-05-02 16:17:43','2026-05-22 12:19:32'),(29,55,'Hassani Omary Saraizo','0774574240','Abubakar Idd Kakote','0683106853',112,430,430000.00,315000.00,430000.00,115000.00,0.00,0.00,NULL,'pending',NULL,NULL,NULL,NULL,NULL,NULL,'2026-05-02',NULL,'2026-05-02 16:20:05','2026-05-22 12:19:33'),(30,58,'Jofrey Sevelin Kibengu','+255749978984','Piela Tobiyas Ndishwe','0653728984',61,430,430000.00,315000.00,430000.00,115000.00,0.00,0.00,NULL,'pending',NULL,NULL,NULL,NULL,NULL,NULL,'2026-05-02',NULL,'2026-05-02 16:28:04','2026-05-22 12:19:33'),(31,16,'Aisha Mansuli','0745353247','Zubeda Ramadhan Mansuli','0678484592',129,430,430000.00,315000.00,430000.00,115000.00,0.00,0.00,NULL,'pending',NULL,NULL,NULL,NULL,NULL,NULL,'2026-05-02',NULL,'2026-05-02 16:36:30','2026-05-22 12:19:33'),(32,28,'Asia Mnundu','0767760816','Pili Hamad Salumu','0696973742',35,430,430000.00,315000.00,430000.00,115000.00,0.00,0.00,NULL,'pending',NULL,NULL,NULL,NULL,NULL,NULL,'2026-05-02',NULL,'2026-05-02 16:43:48','2026-05-22 12:19:33'),(33,65,'Dorotea Michael Omasi','0664301516','Jemsi Peter  Chiwiko','748929287',165,430,430000.00,315000.00,430000.00,115000.00,0.00,0.00,NULL,'pending',NULL,NULL,NULL,NULL,NULL,NULL,'2026-05-02',NULL,'2026-05-02 17:02:44','2026-05-22 12:19:33'),(34,57,'Salome D Joseph','0698421515',NULL,NULL,170,430,430000.00,315000.00,430000.00,115000.00,0.00,0.00,NULL,'pending',NULL,NULL,NULL,NULL,NULL,NULL,'2026-05-02',NULL,'2026-05-02 17:05:53','2026-05-22 12:19:33'),(35,17,'Anton Sijaona','0790799503','Emanuel Elenest','0666237100',139,430,430000.00,315000.00,430000.00,115000.00,0.00,0.00,NULL,'pending',NULL,NULL,NULL,NULL,NULL,NULL,'2026-05-02',NULL,'2026-05-02 17:08:22','2026-05-22 12:19:33'),(36,18,'Veronika Charles Mbusule','0744264190','Getruda Bahebe Ngeni','0746164930',169,430,430000.00,315000.00,430000.00,115000.00,0.00,0.00,NULL,'pending',NULL,NULL,NULL,NULL,NULL,NULL,'2026-05-02',NULL,'2026-05-02 17:19:57','2026-05-22 12:19:33'),(37,39,'Elizabeth T Kontua','0678704003','Saimon Laulent Masupi','0768508804',57,430,430000.00,315000.00,430000.00,115000.00,0.00,0.00,NULL,'pending',NULL,NULL,NULL,NULL,NULL,NULL,'2026-05-02',NULL,'2026-05-02 17:29:30','2026-05-22 12:19:33'),(38,45,'Boniphace Colinse Okomo','0743640562',NULL,NULL,151,430,430000.00,315000.00,430000.00,115000.00,0.00,0.00,NULL,'pending',NULL,NULL,NULL,NULL,NULL,NULL,'2026-05-02',NULL,'2026-05-02 17:29:35','2026-05-22 12:19:33'),(39,22,'YOHANA SALEHE MAYALA','0613465564','BARAKA MAGESA NYAGANA','0683862478',174,430,430000.00,315000.00,430000.00,115000.00,0.00,0.00,NULL,'pending',NULL,NULL,NULL,NULL,NULL,NULL,'2026-05-02',NULL,'2026-05-02 17:54:26','2026-05-22 12:19:33'),(40,40,'Kehocha Goodfredy','0754253361','Boke Slivestar Makoli','0694168714',147,430,430000.00,315000.00,430000.00,115000.00,0.00,0.00,NULL,'pending',NULL,NULL,NULL,NULL,NULL,NULL,'2026-05-02',NULL,'2026-05-02 17:55:31','2026-05-22 12:19:33'),(41,56,'Hamphley Petro Mushi','0758287466','Jabili Simon','0749097816',127,430,430000.00,315000.00,430000.00,115000.00,0.00,0.00,NULL,'pending',NULL,NULL,NULL,NULL,NULL,NULL,'2026-05-02',NULL,'2026-05-02 18:20:31','2026-05-22 12:19:33'),(42,57,'Joseph Ninini Nkoh','0788906296',NULL,NULL,175,430,430000.00,315000.00,430000.00,115000.00,0.00,0.00,NULL,'pending',NULL,NULL,NULL,NULL,NULL,NULL,'2026-05-02',NULL,'2026-05-02 18:53:41','2026-05-22 12:19:33'),(43,56,'Selemany Yusuph Saidy','0684261296',NULL,NULL,126,430,430000.00,315000.00,430000.00,115000.00,0.00,0.00,NULL,'pending',NULL,NULL,NULL,NULL,NULL,NULL,'2026-05-02',NULL,'2026-05-02 18:57:07','2026-05-22 12:19:33'),(44,31,'Said S Juma','0792326469','Sunsaye  magogo','0749696469',77,430,430000.00,315000.00,430000.00,115000.00,0.00,0.00,NULL,'pending',1,NULL,NULL,NULL,NULL,NULL,'2026-05-03',NULL,'2026-05-03 07:21:15','2026-05-22 12:19:33'),(45,37,'Philimon Degratius Nkulikiye','0711882471','Aberi Andasoni Kiromba','0746824440',136,430,430000.00,315000.00,430000.00,115000.00,0.00,0.00,NULL,'pending',1,NULL,NULL,NULL,NULL,NULL,'2026-05-03',NULL,'2026-05-03 08:01:46','2026-05-22 12:19:33'),(46,58,'Morris Malick Mwinshehe','0740988917','Aisha Selemani Mrisho','0718202034',60,430,430000.00,315000.00,430000.00,115000.00,0.00,0.00,NULL,'pending',1,NULL,NULL,NULL,NULL,NULL,'2026-05-03',NULL,'2026-05-03 08:03:44','2026-05-22 12:19:33'),(47,44,'Elizabeth Athanasi','0799439317','Johari Hamis Kapila','0759720248',161,430,430000.00,315000.00,430000.00,115000.00,0.00,0.00,NULL,'pending',1,NULL,NULL,NULL,NULL,NULL,'2026-05-03',NULL,'2026-05-03 08:08:27','2026-05-22 12:19:33'),(48,63,'minza baluya magashi','0742120578','mgala manyama maugo','0762720031',125,430,430000.00,315000.00,430000.00,115000.00,0.00,0.00,NULL,'pending',1,NULL,NULL,NULL,NULL,NULL,'2026-05-03',NULL,'2026-05-03 08:31:17','2026-05-22 12:19:33'),(49,20,'Zuberi Philipo','0679912303','Abbeli Mayco Mlawa','0757843564',96,430,430000.00,315000.00,430000.00,115000.00,0.00,0.00,NULL,'pending',1,NULL,NULL,NULL,NULL,NULL,'2026-05-03',NULL,'2026-05-03 08:35:20','2026-05-22 12:19:33'),(50,27,'Regina T Emanuel','0688401600','Zuhura Swedy Kankila','0650357222',29,430,430000.00,315000.00,430000.00,115000.00,0.00,0.00,NULL,'pending',1,NULL,NULL,NULL,NULL,NULL,'2026-05-03',NULL,'2026-05-03 08:40:06','2026-05-22 12:19:33'),(51,54,'Ryidia Juma Martine','0773704084','Salum Hamis Athumani','0741112483',176,430,430000.00,315000.00,430000.00,115000.00,0.00,0.00,NULL,'pending',1,NULL,NULL,NULL,NULL,NULL,'2026-05-03',NULL,'2026-05-03 08:56:03','2026-05-22 12:19:33'),(52,28,'Samweli Chacha Gisili',NULL,NULL,NULL,93,430,430000.00,315000.00,430000.00,115000.00,0.00,0.00,NULL,'pending',1,NULL,NULL,NULL,NULL,'[Converted from agent sale #3] Seller: Claudiana Agustino','2026-05-02',NULL,'2026-05-03 09:02:19','2026-05-22 12:19:33'),(53,27,'Adolf Stephen Kiponda','0793799327','Seleman Saidy Ally','0628664944',89,430,430000.00,315000.00,430000.00,115000.00,0.00,0.00,NULL,'pending',1,NULL,NULL,NULL,NULL,NULL,'2026-05-03',NULL,'2026-05-03 10:02:48','2026-05-22 12:19:33'),(54,45,'Kelvin Kelvin  Charles','0759832187','juma kelvin charles','0767809089',152,430,430000.00,315000.00,430000.00,115000.00,0.00,0.00,NULL,'pending',1,NULL,NULL,NULL,NULL,NULL,'2026-05-03',NULL,'2026-05-03 10:26:09','2026-05-22 12:19:33'),(55,40,'Eveliana Adrian Petro','0764457419','Kelivin Chales Yohan','0760898718',148,430,430000.00,315000.00,430000.00,115000.00,0.00,0.00,NULL,'pending',1,NULL,NULL,NULL,NULL,NULL,'2026-05-03',NULL,'2026-05-03 10:58:10','2026-05-22 12:19:33'),(56,63,'leticia Peter','0662581124','msendo Christopher adam','0650167178',122,430,430000.00,315000.00,430000.00,115000.00,0.00,0.00,NULL,'pending',1,NULL,NULL,NULL,NULL,NULL,'2026-05-03',NULL,'2026-05-03 11:55:36','2026-05-22 12:19:33'),(57,40,'Pentalius Jason Patelena','0769377648','Jastin Switibat Ishamako','0681031243',145,430,430000.00,315000.00,430000.00,115000.00,0.00,0.00,NULL,'pending',1,NULL,NULL,NULL,NULL,NULL,'2026-05-03',NULL,'2026-05-03 12:06:19','2026-05-22 12:19:33'),(58,31,'Eva P Minja','0778907596','Enes P Minja','0624254839',73,430,430000.00,315000.00,430000.00,115000.00,0.00,0.00,NULL,'pending',1,NULL,NULL,NULL,NULL,NULL,'2026-05-03',NULL,'2026-05-03 12:16:33','2026-05-22 12:19:33'),(59,58,'umanne Hamisi Maluli','+255653563343','Jimmy Eliudy Kindole','0662129678',62,430,430000.00,315000.00,430000.00,115000.00,0.00,0.00,NULL,'pending',1,NULL,NULL,NULL,NULL,NULL,'2026-05-03',NULL,'2026-05-03 12:24:22','2026-05-22 12:19:33'),(60,25,'Yakanda Selemani Shaibu','0747529495','Asia Rajabu Mohamed','0623097870',44,430,430000.00,315000.00,430000.00,115000.00,0.00,0.00,NULL,'pending',1,NULL,NULL,NULL,NULL,NULL,'2026-05-03',NULL,'2026-05-03 12:26:41','2026-05-22 12:19:33'),(61,57,'Hadija Mohamed Kitiwe','0675985879','Hawa Rashidi Ngonyani','0765350111',171,430,430000.00,315000.00,430000.00,115000.00,0.00,0.00,NULL,'pending',1,NULL,NULL,NULL,NULL,'Watu','2026-05-03',NULL,'2026-05-03 12:33:29','2026-05-22 12:19:33'),(62,54,'Daniel J Yacobo','0710549072','Kelvin Yacobo','0698715068',178,430,430000.00,315000.00,430000.00,115000.00,0.00,0.00,NULL,'pending',1,NULL,NULL,NULL,NULL,NULL,'2026-05-03',NULL,'2026-05-03 12:36:02','2026-05-22 12:19:33'),(63,54,'Mohamed I Shabani','0659425371','Athumani China','0719781405',177,430,430000.00,315000.00,430000.00,115000.00,0.00,0.00,NULL,'pending',1,NULL,NULL,NULL,NULL,NULL,'2026-05-03',NULL,'2026-05-03 12:37:06','2026-05-22 12:19:33'),(64,30,'Zainabu Bakari Omary','+255792737604','Mwanaidi Aly Halidi','0770636687',100,430,430000.00,315000.00,430000.00,115000.00,0.00,0.00,NULL,'pending',1,NULL,NULL,NULL,NULL,NULL,'2026-05-03',NULL,'2026-05-03 12:42:54','2026-05-22 12:19:33'),(65,45,'Elia Festo Chafumbo','0799115661','Juma Festo Chafumbo','0702512523',153,430,430000.00,315000.00,430000.00,115000.00,0.00,0.00,NULL,'pending',1,NULL,NULL,NULL,NULL,NULL,'2026-05-03',NULL,'2026-05-03 12:44:02','2026-05-22 12:19:33'),(66,34,'Aisha R Kilango','+255693885198','Fatma Hemdi Abdallah','655093704',82,430,430000.00,315000.00,430000.00,115000.00,0.00,0.00,NULL,'pending',1,NULL,NULL,NULL,NULL,NULL,'2026-05-03',NULL,'2026-05-03 13:52:13','2026-05-22 12:19:33'),(67,27,'Salma S Omary','0779200649','Suzan Jogy Mazigwa','0658569494',33,430,430000.00,315000.00,430000.00,115000.00,0.00,0.00,NULL,'pending',1,NULL,NULL,NULL,NULL,NULL,'2026-05-03',NULL,'2026-05-03 14:08:42','2026-05-22 12:19:33'),(68,27,'Jenmary Joseph Mwanisawa','0764716746','Grece John Sanga','0627118128',88,430,430000.00,315000.00,430000.00,115000.00,0.00,0.00,NULL,'pending',1,NULL,NULL,NULL,NULL,NULL,'2026-05-03',NULL,'2026-05-03 14:18:55','2026-05-22 12:19:33'),(69,55,'Mwanahamis Yusuph Mussa','799637474','Zawadi Jeremia Msigale','0618318570',111,430,430000.00,315000.00,430000.00,115000.00,0.00,0.00,NULL,'pending',1,NULL,NULL,NULL,NULL,NULL,'2026-05-03',NULL,'2026-05-03 14:42:02','2026-05-22 12:19:33'),(70,26,'Othuman Abdallah','0775974260','Sara  Abdallah Omar','0702075470',64,430,430000.00,315000.00,430000.00,115000.00,0.00,0.00,NULL,'pending',1,NULL,NULL,NULL,NULL,NULL,'2026-05-03',NULL,'2026-05-03 15:04:12','2026-05-22 12:19:33'),(71,34,'Saidi A Paul','+255652552071','Hassani Ibdahim Mbiu','773838004',23,430,430000.00,315000.00,430000.00,115000.00,0.00,0.00,NULL,'pending',1,NULL,NULL,NULL,NULL,NULL,'2026-05-04',NULL,'2026-05-04 06:14:27','2026-05-22 12:19:33'),(72,57,'Hawa Nasibu Ngonyani','0799766041','Zuleha Rajabu Hassan','0679566041',181,430,430000.00,315000.00,430000.00,115000.00,0.00,0.00,NULL,'pending',1,NULL,NULL,NULL,NULL,NULL,'2026-05-04',NULL,'2026-05-04 07:05:03','2026-05-22 12:19:33'),(73,44,'Abdul Masoud Ramadhani',NULL,NULL,NULL,159,430,430000.00,315000.00,430000.00,115000.00,0.00,0.00,NULL,'pending',1,NULL,NULL,NULL,NULL,'[Converted from agent sale #4] Seller: Joseph Julius','2026-05-03',NULL,'2026-05-04 07:21:20','2026-05-22 12:19:33'),(74,57,'Bruno Abas Kinyaga',NULL,NULL,NULL,179,430,430000.00,315000.00,430000.00,115000.00,0.00,0.00,NULL,'pending',1,NULL,NULL,NULL,NULL,'[Converted from agent sale #5] Seller: HANSLA JAPHET CHAZYA','2026-05-03',NULL,'2026-05-04 07:21:40','2026-05-22 12:19:33'),(75,57,'Hawa Seif Mpwelele','0754439695','Ratifa Ally Juma','0789525272',180,430,430000.00,315000.00,430000.00,115000.00,0.00,0.00,NULL,'pending',1,NULL,NULL,NULL,NULL,NULL,'2026-05-04',NULL,'2026-05-04 07:24:31','2026-05-22 12:19:33'),(76,26,'Juma Awazi Jackson','0799443933','Jackson Mweta Awazi','0690251898',66,430,430000.00,315000.00,430000.00,115000.00,0.00,0.00,NULL,'pending',1,NULL,NULL,NULL,NULL,NULL,'2026-05-04',NULL,'2026-05-04 07:37:38','2026-05-22 12:19:33'),(77,65,'Reginald S Aloyce','0793486240','Reginald Stephan Tarimo','785112206',168,430,430000.00,315000.00,430000.00,115000.00,0.00,0.00,NULL,'pending',1,NULL,NULL,NULL,NULL,NULL,'2026-05-04',NULL,'2026-05-04 07:49:47','2026-05-22 12:19:33'),(78,55,'RAHMAN RASHID SHEMGA','750183120','Imamu Ramadhani Mzia','0714255448',114,430,430000.00,315000.00,430000.00,115000.00,0.00,0.00,NULL,'pending',1,NULL,NULL,NULL,NULL,NULL,'2026-05-04',NULL,'2026-05-04 08:20:13','2026-05-22 12:19:33'),(79,34,'Mariana Thomas Alphonce','+255750077035','Murshidi Hamza Ramadhani','617077060',84,430,430000.00,315000.00,430000.00,115000.00,0.00,0.00,NULL,'pending',1,NULL,NULL,NULL,NULL,NULL,'2026-05-04',NULL,'2026-05-04 08:21:05','2026-05-22 12:19:33'),(80,57,'Sikudhani Abdallah Ally','0791734488','Ally Abdallah Ngalala','0634338378',190,430,430000.00,315000.00,430000.00,115000.00,0.00,0.00,NULL,'pending',1,NULL,NULL,NULL,NULL,NULL,'2026-05-04',NULL,'2026-05-04 08:37:39','2026-05-22 12:19:33'),(81,27,'Eliah George Mjengi','0687255425','Anna Devid Nsimba','0620596964',32,430,430000.00,315000.00,430000.00,115000.00,0.00,0.00,NULL,'pending',1,NULL,NULL,NULL,NULL,NULL,'2026-05-04',NULL,'2026-05-04 08:37:50','2026-05-22 12:19:33'),(82,17,'Octayian Murima','0687319731','Quinter','0685504546',143,430,430000.00,315000.00,430000.00,115000.00,0.00,0.00,NULL,'pending',1,NULL,NULL,NULL,NULL,NULL,'2026-05-04',NULL,'2026-05-04 09:15:13','2026-05-22 12:19:33'),(83,20,'Yazidu I Salala','0766010900','Salala Issa Salala','0624258980',97,430,430000.00,315000.00,430000.00,115000.00,0.00,0.00,NULL,'pending',1,NULL,NULL,NULL,NULL,NULL,'2026-05-04',NULL,'2026-05-04 09:27:53','2026-05-22 12:19:33'),(84,34,'Elizabeth M Semgoja','+255783275094','Mariam Masudi Mshihiri','656265125',85,430,430000.00,315000.00,430000.00,115000.00,0.00,0.00,NULL,'pending',1,NULL,NULL,NULL,NULL,NULL,'2026-05-04',NULL,'2026-05-04 09:58:36','2026-05-22 12:19:33'),(85,31,'Godbless J macha','0787005020','Regan Macha Kichowe','0786732260',80,430,430000.00,315000.00,430000.00,115000.00,0.00,0.00,NULL,'pending',1,NULL,NULL,NULL,NULL,NULL,'2026-05-04',NULL,'2026-05-04 09:58:42','2026-05-22 12:19:33'),(86,57,'Winston  Rweyemam William','0759442827','Prems Rutailwa Pastory','0613050396',193,430,430000.00,315000.00,430000.00,115000.00,0.00,0.00,NULL,'pending',1,NULL,NULL,NULL,NULL,NULL,'2026-05-04',NULL,'2026-05-04 10:01:51','2026-05-22 12:19:33'),(87,27,'Mwaija Kibugu','0662523783','Tabu Yondo Mlishi','0789342468',28,430,430000.00,315000.00,430000.00,115000.00,0.00,0.00,NULL,'pending',1,NULL,NULL,NULL,NULL,NULL,'2026-05-04',NULL,'2026-05-04 10:06:26','2026-05-22 12:19:33'),(88,39,'Agustini Antoni Fwaja','0768063482','Marisel Antoni Fwaja','0740470682',52,430,430000.00,315000.00,430000.00,115000.00,0.00,0.00,NULL,'pending',1,NULL,NULL,NULL,NULL,NULL,'2026-05-04',NULL,'2026-05-04 10:41:49','2026-05-22 12:19:33'),(89,52,'Ramadhan Shemhokwa','718015517','Hassan R Shemhokwa','757976120',106,430,430000.00,315000.00,430000.00,115000.00,0.00,0.00,NULL,'pending',1,NULL,NULL,NULL,NULL,NULL,'2026-05-04',NULL,'2026-05-04 10:50:52','2026-05-22 12:19:33'),(90,57,'Zulfa Raymond Sagaya','0671753023','Husna Athumani Abisent','0688053023',196,430,430000.00,315000.00,430000.00,115000.00,0.00,0.00,NULL,'pending',1,NULL,NULL,NULL,NULL,NULL,'2026-05-04',NULL,'2026-05-04 10:58:25','2026-05-22 12:19:33'),(91,28,'Assa John Messo','0796194527','Anamalisi Anania Chilongola','0676849359',94,430,430000.00,315000.00,430000.00,115000.00,0.00,0.00,NULL,'pending',1,NULL,NULL,NULL,NULL,NULL,'2026-05-04',NULL,'2026-05-04 11:02:46','2026-05-22 12:19:33'),(92,55,'HOSEA SADOKI HOSEA','0711592263','Muslim Ramadhani Kisika','0659146521',115,430,430000.00,315000.00,430000.00,115000.00,0.00,0.00,NULL,'pending',1,NULL,NULL,NULL,NULL,NULL,'2026-05-04',NULL,'2026-05-04 11:05:58','2026-05-22 12:19:33'),(93,34,'Devotha S Mwakalonge','+255768326655','Sebastiani Mwakalonge Lukas','797285055',24,430,430000.00,315000.00,430000.00,115000.00,0.00,0.00,NULL,'pending',1,NULL,NULL,NULL,NULL,NULL,'2026-05-04',NULL,'2026-05-04 11:32:36','2026-05-22 12:19:33'),(94,28,'Donald Mtei Mtochi','0793185938','Shafi Kudula Ally','0782318684',91,430,430000.00,315000.00,430000.00,115000.00,0.00,0.00,NULL,'pending',1,NULL,NULL,NULL,NULL,NULL,'2026-05-04',NULL,'2026-05-04 11:34:18','2026-05-22 12:19:33'),(95,58,'Saidi S Lubuya','0752439217','Mwanaidi R Swalehe','0686594478',47,430,430000.00,315000.00,430000.00,115000.00,0.00,0.00,NULL,'pending',1,NULL,NULL,NULL,NULL,NULL,'2026-05-04',NULL,'2026-05-04 11:56:13','2026-05-22 12:19:33'),(96,16,'Aneth Victor','0791091226','Edwin Dominick Kamuhanda','0758783311',189,430,430000.00,315000.00,430000.00,115000.00,0.00,0.00,NULL,'pending',1,NULL,NULL,NULL,NULL,NULL,'2026-05-04',NULL,'2026-05-04 12:11:05','2026-05-22 12:19:33'),(97,28,'Ruben God Mpangala','0687442601','Sesilia Aliki Mpangala','0687916677',34,430,430000.00,315000.00,430000.00,115000.00,0.00,0.00,NULL,'pending',1,NULL,NULL,NULL,NULL,NULL,'2026-05-04',NULL,'2026-05-04 12:23:41','2026-05-22 12:19:33'),(98,28,'Juma Abdul Azizi','0758701086','Adam Agustino Goi','0719420688',92,430,430000.00,315000.00,430000.00,115000.00,0.00,0.00,NULL,'pending',1,NULL,NULL,NULL,NULL,NULL,'2026-05-04',NULL,'2026-05-04 12:38:18','2026-05-22 12:19:33'),(99,72,'Daudi Daniel Samson','0768532060','Neema Godfrey Muhimbano','0770984704',200,430,430000.00,315000.00,430000.00,115000.00,0.00,0.00,NULL,'pending',1,NULL,NULL,NULL,NULL,NULL,'2026-05-04',NULL,'2026-05-04 12:43:57','2026-05-22 12:19:33'),(100,55,'Karimu Muhidini Mwinchande','0770026880','Riziwani Saidi Shabani','0629803113',113,430,430000.00,315000.00,430000.00,115000.00,0.00,0.00,NULL,'pending',1,NULL,NULL,NULL,NULL,NULL,'2026-05-04',NULL,'2026-05-04 13:31:08','2026-05-22 12:19:33'),(101,20,'Issa L Omari','0758911707','Salumu Issa Omari','0787564915',71,430,430000.00,315000.00,430000.00,115000.00,0.00,0.00,NULL,'pending',1,NULL,NULL,NULL,NULL,NULL,'2026-05-04',NULL,'2026-05-04 13:32:00','2026-05-22 12:19:33'),(102,58,'Fatma  I Sheiza','0792518080','Samsoni A Manyilizu','0718152090',86,430,430000.00,315000.00,430000.00,115000.00,0.00,0.00,NULL,'pending',1,NULL,NULL,NULL,NULL,NULL,'2026-05-04',NULL,'2026-05-04 13:33:30','2026-05-22 12:19:33'),(103,30,'Zulfa J Salamba','+255713518637','Hassan Athumani Mohamed','0652255593',101,430,430000.00,315000.00,430000.00,115000.00,0.00,0.00,NULL,'pending',1,NULL,NULL,NULL,NULL,NULL,'2026-05-04',NULL,'2026-05-04 13:34:03','2026-05-22 12:19:34'),(104,57,'Juma Juma Mtuve','0689236355','Saidi Mohammedi Bakari','0655767314',194,430,430000.00,315000.00,430000.00,115000.00,0.00,0.00,NULL,'pending',1,NULL,NULL,NULL,NULL,NULL,'2026-05-04',NULL,'2026-05-04 13:36:26','2026-05-22 12:19:34'),(105,25,'Husseni S Rumumba','0756176114','Ally H Juma','0637000601',42,430,430000.00,315000.00,430000.00,115000.00,0.00,0.00,NULL,'pending',1,NULL,NULL,NULL,NULL,NULL,'2026-05-04',NULL,'2026-05-04 13:43:21','2026-05-22 12:19:34'),(106,30,'Asia B Salehe','+255653781702','Ramadhani omary lowela','0717292933',99,430,430000.00,315000.00,430000.00,115000.00,0.00,0.00,NULL,'pending',1,NULL,NULL,NULL,NULL,NULL,'2026-05-04',NULL,'2026-05-04 13:45:07','2026-05-22 12:19:34'),(107,57,'Hamisi Mzee Kishoka','0784361877','Abudalazack Bakari Natunga','0689981095',195,430,430000.00,315000.00,430000.00,115000.00,0.00,0.00,NULL,'pending',1,NULL,NULL,NULL,NULL,NULL,'2026-05-04',NULL,'2026-05-04 14:00:31','2026-05-22 12:19:34'),(108,28,'Mwanabibi Saidi Mbalamwezi','0791323395','Seif Masud Kikopa','0650747499',95,430,430000.00,315000.00,430000.00,115000.00,0.00,0.00,NULL,'pending',1,NULL,NULL,NULL,NULL,NULL,'2026-05-04',NULL,'2026-05-04 14:02:36','2026-05-22 12:19:34'),(109,40,'Jakson Mkama Isaya','0799508509','Japhet Nestory Renald','067843754',149,430,430000.00,315000.00,430000.00,115000.00,0.00,0.00,NULL,'pending',1,NULL,NULL,NULL,NULL,NULL,'2026-05-04',NULL,'2026-05-04 14:22:52','2026-05-22 12:19:34'),(110,65,'William Godfrey Kilango','0786389421','Halima Yusuph Kombo','0686140601',251,430,430000.00,315000.00,430000.00,115000.00,0.00,0.00,NULL,'pending',1,NULL,NULL,NULL,NULL,NULL,'2026-05-04',NULL,'2026-05-04 14:34:14','2026-05-22 12:19:34'),(112,51,'Bakari A Askai','0766538608','Joseph Adam Askai','0674579956',53,430,430000.00,315000.00,430000.00,115000.00,0.00,0.00,NULL,'pending',1,NULL,NULL,NULL,NULL,NULL,'2026-05-04',NULL,'2026-05-04 15:49:39','2026-05-22 12:19:34'),(113,35,'Sophia Lumelezi','0765680202','Jackline Rafael Sanga','0719788460',270,430,430000.00,315000.00,430000.00,115000.00,0.00,0.00,NULL,'pending',1,NULL,NULL,NULL,NULL,NULL,'2026-05-04',NULL,'2026-05-04 15:54:03','2026-05-22 12:19:34'),(114,34,'Dorcas M Daudi','0694990654','Edina Stivin Kachem','0675719027',25,430,430000.00,315000.00,430000.00,115000.00,0.00,0.00,NULL,'pending',1,NULL,NULL,NULL,NULL,NULL,'2026-05-04',NULL,'2026-05-04 16:01:28','2026-05-22 12:19:34'),(115,24,'Peter Thomas','0741110949','Frank Meshako','0756670338',384,437,630000.00,475000.00,630000.00,155000.00,0.00,0.00,NULL,'pending',1,NULL,NULL,NULL,NULL,NULL,'2026-05-04',NULL,'2026-05-04 16:51:45','2026-05-22 12:19:34'),(116,57,'Omary Hamisi Ngoyanga','0777655602','Alex Nehemia Alifu','0675696056',385,430,430000.00,315000.00,430000.00,115000.00,0.00,0.00,NULL,'pending',1,NULL,NULL,NULL,NULL,NULL,'2026-05-04',NULL,'2026-05-04 17:08:50','2026-05-22 12:19:34'),(117,26,'Faruku  Mustapha Kimaro','0742825000','Mustapha Hamis Kimaro','0759499158',67,430,430000.00,315000.00,430000.00,115000.00,0.00,0.00,NULL,'pending',1,NULL,NULL,NULL,NULL,NULL,'2026-05-04',NULL,'2026-05-04 17:26:30','2026-05-22 12:19:34'),(118,44,'Patrick Paul Byabato','0697760432','Augustine Amos Kihengu','0779792982',162,430,430000.00,315000.00,430000.00,115000.00,0.00,0.00,NULL,'pending',1,NULL,NULL,NULL,NULL,NULL,'2026-05-04',NULL,'2026-05-04 18:00:59','2026-05-22 12:19:34'),(119,75,'Hidaya Juma Mwambalilo','0790550188','Salma Akili Bakari','0692899313',388,430,430000.00,315000.00,430000.00,115000.00,0.00,0.00,NULL,'pending',1,NULL,NULL,NULL,NULL,NULL,'2026-05-04',NULL,'2026-05-04 18:12:37','2026-05-22 12:19:34'),(120,35,'Zuhura M  Mussa','0761643062','Ally M Mussa','0689353645',269,430,430000.00,315000.00,430000.00,115000.00,0.00,0.00,NULL,'pending',1,NULL,NULL,NULL,NULL,NULL,'2026-05-04',NULL,'2026-05-04 18:19:21','2026-05-22 12:19:34'),(121,25,'Salami S Mikidadi','0766316986','Sania S Ahmadi','0698964572',45,430,430000.00,315000.00,430000.00,115000.00,0.00,0.00,NULL,'pending',1,NULL,NULL,NULL,NULL,NULL,'2026-05-04',NULL,'2026-05-04 18:31:11','2026-05-22 12:19:34'),(122,17,'Rajabu Pele','0761604309','Jesca John Rajabu','0613778951',140,430,430000.00,315000.00,430000.00,115000.00,0.00,0.00,NULL,'pending',1,NULL,NULL,NULL,NULL,NULL,'2026-05-04',NULL,'2026-05-04 18:34:14','2026-05-22 12:19:34'),(123,39,'Wilson S Kashumun','0799460085','Tito Samwel Kashumun','0665716734',55,430,430000.00,315000.00,430000.00,115000.00,0.00,0.00,NULL,'pending',1,NULL,NULL,NULL,NULL,NULL,'2026-05-04',NULL,'2026-05-04 18:47:57','2026-05-22 12:19:34'),(124,25,'Hassani S Omary','0740304843','Fatuma S Issa','0692591465',46,430,430000.00,315000.00,430000.00,115000.00,0.00,0.00,NULL,'pending',1,NULL,NULL,NULL,NULL,NULL,'2026-05-04',NULL,'2026-05-04 18:51:10','2026-05-22 12:19:34'),(125,45,'Tongono S Kibwe','0677659669','Juma Saidi Kibwe','0657445478',242,430,430000.00,315000.00,430000.00,115000.00,0.00,0.00,NULL,'pending',1,NULL,NULL,NULL,NULL,NULL,'2026-05-05',NULL,'2026-05-05 06:14:46','2026-05-22 12:19:34'),(126,25,'Hellena Y Joseph','0758478394','Odilia Y Joseph','0714030365',39,430,430000.00,315000.00,430000.00,115000.00,0.00,0.00,NULL,'pending',1,NULL,NULL,NULL,NULL,NULL,'2026-05-05',NULL,'2026-05-05 07:42:46','2026-05-22 12:19:34'),(127,52,'Lamia Mohamed','0717373799','Mariam E Masige','715341979',108,430,430000.00,315000.00,430000.00,115000.00,0.00,0.00,NULL,'pending',1,NULL,NULL,NULL,NULL,NULL,'2026-05-05',NULL,'2026-05-05 08:34:23','2026-05-22 12:19:34'),(128,16,'Abubakari Magulila','0710905974','Amina Mdaki Kiungi','0719761086',188,430,430000.00,315000.00,430000.00,115000.00,0.00,0.00,NULL,'pending',1,NULL,NULL,NULL,NULL,NULL,'2026-05-05',NULL,'2026-05-05 08:35:54','2026-05-22 12:19:34'),(129,39,'Hosana J Simeon','0761062460','Joel Joseph Simeon','0675702888',535,430,430000.00,315000.00,430000.00,115000.00,0.00,0.00,NULL,'pending',1,NULL,NULL,NULL,NULL,NULL,'2026-05-05',NULL,'2026-05-05 09:02:40','2026-05-22 12:19:34'),(130,56,'Swidick B Kabok','0795001620','Jazina Kaboko','0742204090',225,430,430000.00,315000.00,430000.00,115000.00,0.00,0.00,NULL,'pending',1,NULL,NULL,NULL,NULL,NULL,'2026-05-05',NULL,'2026-05-05 09:10:47','2026-05-22 12:19:34'),(131,27,'Juma Shaban Pendo','0742936830','Ibrahimu Juma Shabani','0670777187',296,430,430000.00,315000.00,430000.00,115000.00,0.00,0.00,NULL,'pending',1,NULL,NULL,NULL,NULL,NULL,'2026-05-05',NULL,'2026-05-05 09:28:08','2026-05-22 12:19:34'),(132,74,'Fazili C Rwankungule','+255790146225','Josephine Joseph mapunda','0683446225',213,430,430000.00,315000.00,430000.00,115000.00,0.00,0.00,NULL,'pending',1,NULL,NULL,NULL,NULL,NULL,'2026-05-05',NULL,'2026-05-05 09:30:30','2026-05-22 12:19:34'),(133,16,'Rachel Raphael','0696414135','Vedasto Raphael Kelvin','0744286933',187,430,430000.00,315000.00,430000.00,115000.00,0.00,0.00,NULL,'pending',1,NULL,NULL,NULL,NULL,NULL,'2026-05-05',NULL,'2026-05-05 09:43:10','2026-05-22 12:19:34'),(134,54,'Joseph John Joseph','0781526101','Halima Rashid','742988542',404,430,430000.00,315000.00,430000.00,115000.00,0.00,0.00,NULL,'pending',1,NULL,NULL,NULL,NULL,NULL,'2026-05-05',NULL,'2026-05-05 10:33:33','2026-05-22 12:19:34'),(135,25,'Faridi E Mohamed','0740871031','Sofia J Hamisi','0613580562',36,430,430000.00,315000.00,430000.00,115000.00,0.00,0.00,NULL,'pending',1,NULL,NULL,NULL,NULL,NULL,'2026-05-05',NULL,'2026-05-05 10:46:57','2026-05-22 12:19:34'),(136,72,'Mwaija Hussein Kihiyo','0799993944','Weche MOSHI WENCHE','0747111640',199,430,430000.00,315000.00,430000.00,115000.00,0.00,0.00,NULL,'pending',1,NULL,NULL,NULL,NULL,NULL,'2026-05-05',NULL,'2026-05-05 11:15:52','2026-05-22 12:19:34'),(137,28,'Bakari Shaban Mnondwa','0747426891','Mohammed Saidi Gingo','0692715946',361,430,430000.00,315000.00,430000.00,115000.00,0.00,0.00,NULL,'pending',1,NULL,NULL,NULL,NULL,NULL,'2026-05-05',NULL,'2026-05-05 11:19:44','2026-05-22 12:19:34'),(138,16,'Swaleh Hamis','0795140157','Mwahija Hamis Mambile','0753818074',130,430,430000.00,315000.00,430000.00,115000.00,0.00,0.00,NULL,'pending',1,NULL,NULL,NULL,NULL,NULL,'2026-05-05',NULL,'2026-05-05 11:23:23','2026-05-22 12:19:34'),(139,30,'Mwazani R Waza','+255750218352','Rehema Ibrahim hemed','0796505801',98,430,430000.00,315000.00,430000.00,115000.00,0.00,0.00,NULL,'pending',1,NULL,NULL,NULL,NULL,NULL,'2026-05-05',NULL,'2026-05-05 11:37:36','2026-05-22 12:19:34'),(140,31,'Reginald  P kavishe','0793815721','Razalo','0797820294',305,430,430000.00,315000.00,430000.00,115000.00,0.00,0.00,NULL,'pending',1,NULL,NULL,NULL,NULL,NULL,'2026-05-05',NULL,'2026-05-05 11:40:19','2026-05-22 12:19:34'),(141,16,'Amina Charles','0760870431','Agness Ally Lumwecha','0757248492',133,430,430000.00,315000.00,430000.00,115000.00,0.00,0.00,NULL,'pending',1,NULL,NULL,NULL,NULL,NULL,'2026-05-05',NULL,'2026-05-05 11:47:06','2026-05-22 12:19:34'),(142,74,'Everina U Mwakagile','+255799887157','Agree Uswege Mwakagile','0799887157',214,430,430000.00,315000.00,430000.00,115000.00,0.00,0.00,NULL,'pending',1,NULL,NULL,NULL,NULL,NULL,'2026-05-05',NULL,'2026-05-05 11:48:06','2026-05-22 12:19:34'),(143,28,'Moses Richard Masanja','0747544104','Emmanuel Peter Misayo','0618345236',363,430,430000.00,315000.00,430000.00,115000.00,0.00,0.00,NULL,'pending',1,NULL,NULL,NULL,NULL,NULL,'2026-05-05',NULL,'2026-05-05 11:51:16','2026-05-22 12:19:34'),(144,56,'Dorosia A Kiyeyeu','0712397794','Boniphace Pama','0687697810',228,430,430000.00,315000.00,430000.00,115000.00,0.00,0.00,NULL,'pending',1,NULL,NULL,NULL,NULL,NULL,'2026-05-05',NULL,'2026-05-05 12:11:56','2026-05-22 12:19:34'),(145,27,'Joyce H Kahindu','0799537557','Ramadhan Miraji Mdungu','0749934243',90,430,430000.00,315000.00,430000.00,115000.00,0.00,0.00,NULL,'pending',1,NULL,NULL,NULL,NULL,NULL,'2026-05-05',NULL,'2026-05-05 12:22:50','2026-05-22 12:19:34'),(146,24,'Albert Albinus','0757658660','Daniel Shole','0757535236',541,430,430000.00,315000.00,430000.00,115000.00,0.00,0.00,NULL,'pending',1,NULL,NULL,NULL,NULL,NULL,'2026-05-05',NULL,'2026-05-05 12:38:27','2026-05-22 12:19:34'),(147,45,'Jasmin B Mgogosi','0634807020','Zuhura Sevuli Mohamed','0746877597',234,430,430000.00,315000.00,430000.00,115000.00,0.00,0.00,NULL,'pending',1,NULL,NULL,NULL,NULL,NULL,'2026-05-05',NULL,'2026-05-05 12:46:37','2026-05-22 12:19:34'),(148,26,'Given Razaro Kilingo','0664527309','Derick Vaileth Temu','0625838229',381,430,430000.00,315000.00,430000.00,115000.00,0.00,0.00,NULL,'pending',1,NULL,NULL,NULL,NULL,NULL,'2026-05-05',NULL,'2026-05-05 12:53:08','2026-05-22 12:19:34'),(149,57,'Asha Said Nanjaga','0794651579','Salumu Ally Baja','0786219542',433,430,430000.00,315000.00,430000.00,115000.00,0.00,0.00,NULL,'pending',1,NULL,NULL,NULL,NULL,NULL,'2026-05-05',NULL,'2026-05-05 12:54:20','2026-05-22 12:19:34'),(150,28,'Adolph Daniel Mgidange','0680474246','Evodia Julius Kagine','0758041077',359,430,430000.00,315000.00,430000.00,115000.00,0.00,0.00,NULL,'pending',1,NULL,NULL,NULL,NULL,NULL,'2026-05-05',NULL,'2026-05-05 12:54:24','2026-05-22 12:19:34'),(151,40,'Zuberi Shabani Zuberi','0652804974','Moris Mosses Mayara','0672006191',146,430,430000.00,315000.00,430000.00,115000.00,0.00,0.00,NULL,'pending',1,NULL,NULL,NULL,NULL,NULL,'2026-05-05',NULL,'2026-05-05 13:05:48','2026-05-22 12:19:34'),(152,35,'Hadija O Mzaruba','0683299981','Fatuma Mohamed','0784113604',435,430,430000.00,315000.00,430000.00,115000.00,0.00,0.00,NULL,'pending',1,NULL,NULL,NULL,NULL,NULL,'2026-05-05',NULL,'2026-05-05 13:06:50','2026-05-22 12:19:34'),(153,45,'Betrice Samson Mabula','0634807020','Anna Samson Mabula','07623125131',232,430,430000.00,315000.00,430000.00,115000.00,0.00,0.00,NULL,'pending',1,NULL,NULL,NULL,NULL,NULL,'2026-05-05',NULL,'2026-05-05 13:26:42','2026-05-22 12:19:34'),(154,56,'Haji Omari Said','0717937386','Tatu Said','0690969986',226,430,430000.00,315000.00,430000.00,115000.00,0.00,0.00,NULL,'pending',1,NULL,NULL,NULL,NULL,NULL,'2026-05-05',NULL,'2026-05-05 13:52:23','2026-05-22 12:19:34'),(155,28,'Winifrida Issaya Tegiligwa','0758307433','Edina Delphinus Rulagilwa','0783205255',364,430,430000.00,315000.00,430000.00,115000.00,0.00,0.00,NULL,'pending',1,NULL,NULL,NULL,NULL,NULL,'2026-05-05',NULL,'2026-05-05 14:06:40','2026-05-22 12:19:34'),(156,57,'Naima Mohammed Jaff','0675229026','Alyy Khamiss Ally','0674111117',440,430,430000.00,315000.00,430000.00,115000.00,0.00,0.00,NULL,'pending',1,NULL,NULL,NULL,NULL,NULL,'2026-05-05',NULL,'2026-05-05 14:26:40','2026-05-22 12:19:34'),(157,27,'Rashidi Bakari Kilindo','0742411303','Anna Komba Komba','0622162233',295,430,430000.00,315000.00,430000.00,115000.00,0.00,0.00,NULL,'pending',1,NULL,NULL,NULL,NULL,NULL,'2026-05-05',NULL,'2026-05-05 14:35:40','2026-05-22 12:19:34'),(158,16,'Alex Anthon','0754768829','Hekima Ezekia Rujekwenda','0750038311',546,430,430000.00,315000.00,430000.00,115000.00,0.00,0.00,NULL,'pending',1,NULL,NULL,NULL,NULL,NULL,'2026-05-05',NULL,'2026-05-05 15:02:12','2026-05-22 12:19:34'),(159,54,'Mkude Bernad Gervas','0749576363','Zainabu Mussa','0652541012',401,430,430000.00,315000.00,430000.00,115000.00,0.00,0.00,NULL,'pending',1,NULL,NULL,NULL,NULL,NULL,'2026-05-05',NULL,'2026-05-05 15:10:51','2026-05-22 12:19:34'),(160,37,'Isaka Nikolausi Joseph','0765950010','Jafari Welison','0699797884',134,430,430000.00,315000.00,430000.00,115000.00,0.00,0.00,NULL,'pending',1,NULL,NULL,NULL,NULL,NULL,'2026-05-05',NULL,'2026-05-05 15:14:23','2026-05-22 12:19:34'),(161,17,'Joshua Philipo','0756559753','Rajabu Mohamed Pele','0713778951',141,430,430000.00,315000.00,430000.00,115000.00,0.00,0.00,NULL,'pending',1,NULL,NULL,NULL,NULL,NULL,'2026-05-05',NULL,'2026-05-05 15:15:43','2026-05-22 12:19:34'),(162,35,'Mwanaidi Mwalla','0798866898','Amina Richard','0785912014',87,430,430000.00,315000.00,430000.00,115000.00,0.00,0.00,NULL,'pending',1,NULL,NULL,NULL,NULL,NULL,'2026-05-05',NULL,'2026-05-05 15:21:00','2026-05-22 12:19:34'),(163,26,'Mtoro Saidi Ally','0764404389','Saidi Ally Liyama','0682264759',63,430,430000.00,315000.00,430000.00,115000.00,0.00,0.00,NULL,'pending',1,NULL,NULL,NULL,NULL,NULL,'2026-05-05',NULL,'2026-05-05 15:26:53','2026-05-22 12:19:34'),(164,65,'Edwin Ismail Urio','0717275740','Bonaventure Robat Salala','0617657411',257,430,430000.00,315000.00,430000.00,115000.00,0.00,0.00,NULL,'pending',1,NULL,NULL,NULL,NULL,NULL,'2026-05-05',NULL,'2026-05-05 15:27:21','2026-05-22 12:19:34'),(165,27,'Renatus Deonatus Deonatus Makene','0798932795','Timetheo Mashusa John','0784292493',268,430,430000.00,315000.00,430000.00,115000.00,0.00,0.00,NULL,'pending',1,NULL,NULL,NULL,NULL,NULL,'2026-05-05',NULL,'2026-05-05 15:34:33','2026-05-22 12:19:34'),(166,25,'Anicleth A Anicleth','0791189950','Golden A Mahena','0746477920',40,430,430000.00,315000.00,430000.00,115000.00,0.00,0.00,NULL,'pending',1,NULL,NULL,NULL,NULL,NULL,'2026-05-05',NULL,'2026-05-05 15:34:46','2026-05-22 12:19:34'),(167,45,'Hamis K Kilala','0767531504','Juma K Kilala','0682501022',243,430,430000.00,315000.00,430000.00,115000.00,0.00,0.00,NULL,'pending',1,NULL,NULL,NULL,NULL,NULL,'2026-05-05',NULL,'2026-05-05 16:06:57','2026-05-22 12:19:34'),(168,37,'Devid Nicolaus','0786305557','Pendo Chalesi','0665962360',389,430,430000.00,315000.00,430000.00,115000.00,0.00,0.00,NULL,'pending',1,NULL,NULL,NULL,NULL,NULL,'2026-05-05',NULL,'2026-05-05 16:17:52','2026-05-22 12:19:34'),(169,28,'Mussa Stephano Chipite','0696501107','Groly Barnabas Kambwembwe','0798439136',358,430,430000.00,315000.00,430000.00,115000.00,0.00,0.00,NULL,'pending',1,NULL,NULL,NULL,NULL,NULL,'2026-05-05',NULL,'2026-05-05 16:20:09','2026-05-22 12:19:34'),(170,57,'Julieth Peter Shayo','0743111392','Hendeika Akley Shayo','0694741504',418,430,430000.00,315000.00,430000.00,115000.00,0.00,0.00,NULL,'pending',1,NULL,NULL,NULL,NULL,NULL,'2026-05-05',NULL,'2026-05-05 16:32:31','2026-05-22 12:19:34'),(171,26,'Yoeza Samwel Mbwambo','0767641515','Rehema  Hakiel Mbwambwa','0785179118',65,430,430000.00,315000.00,430000.00,115000.00,0.00,0.00,NULL,'pending',1,NULL,NULL,NULL,NULL,NULL,'2026-05-05',NULL,'2026-05-05 16:53:02','2026-05-22 12:19:34'),(172,55,'Erick Mathayo Michael','0790987733','Innocent Gablie Paul','0761510259',352,430,430000.00,315000.00,430000.00,115000.00,0.00,0.00,NULL,'pending',1,NULL,NULL,NULL,NULL,NULL,'2026-05-05',NULL,'2026-05-05 16:53:22','2026-05-22 12:19:34'),(173,28,'Albart Chacha Gituti','0761340908','Neema Daudi Getalo','0792953399',360,430,430000.00,315000.00,430000.00,115000.00,0.00,0.00,NULL,'pending',1,NULL,NULL,NULL,NULL,NULL,'2026-05-05',NULL,'2026-05-05 16:59:13','2026-05-22 12:19:34'),(174,45,'Kulwa Joseph Kissinga','0761861044','Juma Joseph Kisinga','0762312120',235,430,430000.00,315000.00,430000.00,115000.00,0.00,0.00,NULL,'pending',1,NULL,NULL,NULL,NULL,NULL,'2026-05-05',NULL,'2026-05-05 17:05:49','2026-05-22 12:19:34'),(175,57,'Pili Mzelu Omary','+255762550625','Mariamu Juma Ally','0778158778',191,430,430000.00,315000.00,430000.00,115000.00,0.00,0.00,NULL,'pending',1,NULL,NULL,NULL,NULL,NULL,'2026-05-05',NULL,'2026-05-05 17:06:38','2026-05-22 12:19:34'),(176,57,'Adamu Mwaliko','0753684803','Mwasi Upinga','0678364914',454,430,430000.00,315000.00,430000.00,115000.00,0.00,0.00,NULL,'pending',1,NULL,NULL,NULL,NULL,NULL,'2026-05-05',NULL,'2026-05-05 17:11:41','2026-05-22 12:19:34'),(177,56,'Hamisi A Siraji','0787727151','Mariam Juma','0787727158',238,430,430000.00,315000.00,430000.00,115000.00,0.00,0.00,NULL,'pending',1,NULL,NULL,NULL,NULL,NULL,'2026-05-05',NULL,'2026-05-05 17:14:54','2026-05-22 12:19:34'),(178,16,'Martha Mochemba','0749765653','Sofia Salisali Mochemba','0757818317',545,430,430000.00,315000.00,430000.00,115000.00,0.00,0.00,NULL,'pending',1,NULL,NULL,NULL,NULL,NULL,'2026-05-05',NULL,'2026-05-05 17:16:30','2026-05-22 12:19:34'),(179,35,'Sumaiya N Wella','0683518803','Mwanahamis Mohamed Libui','0774683135',436,430,430000.00,315000.00,430000.00,115000.00,0.00,0.00,NULL,'pending',1,NULL,NULL,NULL,NULL,NULL,'2026-05-05',NULL,'2026-05-05 17:22:15','2026-05-22 12:19:34'),(180,35,'Mariam M Omary','0777083861','Salma Abdallah Omar','0715542159',265,430,430000.00,315000.00,430000.00,115000.00,0.00,0.00,NULL,'pending',1,NULL,NULL,NULL,NULL,NULL,'2026-05-05',NULL,'2026-05-05 17:26:05','2026-05-22 12:19:34'),(181,57,'Peter Cheo','+255779680853','Saumu Ally','0623433337',192,430,430000.00,315000.00,430000.00,115000.00,0.00,0.00,NULL,'pending',1,NULL,NULL,NULL,NULL,NULL,'2026-05-05',NULL,'2026-05-05 17:31:13','2026-05-22 12:19:34'),(182,65,'Simon Daudi Myeji','0699280199','Athumani Maulid Kamote','0749355382',250,430,430000.00,315000.00,430000.00,115000.00,0.00,0.00,NULL,'pending',1,NULL,NULL,NULL,NULL,NULL,'2026-05-05',NULL,'2026-05-05 17:33:25','2026-05-22 12:19:34'),(183,57,'Zainabu Abedi','0769353135','Iddi Singano','0672457196',415,430,430000.00,315000.00,430000.00,115000.00,0.00,0.00,NULL,'pending',1,NULL,NULL,NULL,NULL,NULL,'2026-05-05',NULL,'2026-05-05 17:37:14','2026-05-22 12:19:35'),(184,16,'Leonard Lwango','0744692889','James Magati Magati','0767',543,430,430000.00,315000.00,430000.00,115000.00,0.00,0.00,NULL,'pending',1,NULL,NULL,NULL,NULL,NULL,'2026-05-05',NULL,'2026-05-05 17:38:06','2026-05-22 12:19:35'),(185,65,'Araphat A juma','0680753966','Ashura Juma Omary','0713290093',259,430,430000.00,315000.00,430000.00,115000.00,0.00,0.00,NULL,'pending',1,NULL,NULL,NULL,NULL,NULL,'2026-05-05',NULL,'2026-05-05 17:46:30','2026-05-22 12:19:35'),(186,22,'MANYILI RICHARD DENNI','0765883388','ROSE JEREMIAH MATANDIKO','0752336175',1008,430,430000.00,315000.00,430000.00,115000.00,0.00,0.00,NULL,'pending',1,NULL,NULL,NULL,NULL,NULL,'2026-05-05',NULL,'2026-05-05 17:49:22','2026-05-22 12:19:35'),(187,58,'Farida I Salumu','+255790190175','Masanja solo sahani','0773019158',417,430,430000.00,315000.00,430000.00,115000.00,0.00,0.00,NULL,'pending',1,NULL,NULL,NULL,NULL,NULL,'2026-05-05',NULL,'2026-05-05 17:58:58','2026-05-22 12:19:35'),(188,17,'Mathias Godfrey','0780994104','Neema  Mathias Godfrey','0782824684',183,430,430000.00,315000.00,430000.00,115000.00,0.00,0.00,NULL,'pending',1,NULL,NULL,NULL,NULL,NULL,'2026-05-05',NULL,'2026-05-05 18:03:41','2026-05-22 12:19:35'),(189,57,'Saidi Rajabu','0759667813','Mwamini Juma','0718061496',431,430,430000.00,315000.00,430000.00,115000.00,0.00,0.00,NULL,'pending',1,NULL,NULL,NULL,NULL,NULL,'2026-05-05',NULL,'2026-05-05 18:08:28','2026-05-22 12:19:35'),(190,27,'Habiba  Shabani  Pazi','0764394553','Abrahamu Rajabu Juma','0652511474',285,430,430000.00,315000.00,430000.00,115000.00,0.00,0.00,NULL,'pending',1,NULL,NULL,NULL,NULL,NULL,'2026-05-05',NULL,'2026-05-05 18:16:27','2026-05-22 12:19:35'),(191,57,'Rajabu Kapera','0794423008','Mariam Mwenjuma','0718184727',432,430,430000.00,315000.00,430000.00,115000.00,0.00,0.00,NULL,'pending',1,NULL,NULL,NULL,NULL,NULL,'2026-05-05',NULL,'2026-05-05 18:17:26','2026-05-22 12:19:35'),(192,28,'Asma Salum Ahmad','0694334530','Abdul Juma Komba','0659989576',355,430,430000.00,315000.00,430000.00,115000.00,0.00,0.00,NULL,'pending',1,NULL,NULL,NULL,NULL,NULL,'2026-05-05',NULL,'2026-05-05 18:21:25','2026-05-22 12:19:35'),(193,75,'Paskali Sevelini Chipata','0778773253','Rahma Ally Chambuso','0680414276',386,430,430000.00,315000.00,430000.00,115000.00,0.00,0.00,NULL,'pending',1,NULL,NULL,NULL,NULL,NULL,'2026-05-05',NULL,'2026-05-05 18:42:26','2026-05-22 12:19:35'),(194,57,'Majidi Bashiru','0693215411','Rajabu Adamu','0715885203',439,430,430000.00,315000.00,430000.00,115000.00,0.00,0.00,NULL,'pending',1,NULL,NULL,NULL,NULL,NULL,'2026-05-05',NULL,'2026-05-05 18:54:21','2026-05-22 12:19:35'),(195,58,'Richard Edward Kagoma','0675549027','Mwamini Seleman','0678901234',438,430,430000.00,315000.00,430000.00,115000.00,0.00,0.00,NULL,'pending',1,NULL,NULL,NULL,NULL,NULL,'2026-05-05',NULL,'2026-05-05 18:55:00','2026-05-22 12:19:35'),(196,34,'Simon J Okama','+255798179040','Hilda Jomas Mushi','637107419',399,430,430000.00,315000.00,430000.00,115000.00,0.00,0.00,NULL,'pending',1,NULL,NULL,NULL,NULL,NULL,'2026-05-06',NULL,'2026-05-06 05:49:31','2026-05-22 12:19:35'),(197,27,'Glory J Msofe','0773099749','Gladisi','0657897910',292,430,430000.00,315000.00,430000.00,115000.00,0.00,0.00,NULL,'pending',1,NULL,NULL,NULL,NULL,NULL,'2026-05-06',NULL,'2026-05-06 06:10:12','2026-05-22 12:19:35'),(198,25,'Said M Said','0790059495','Fatuma S Mohamed','0695157081',37,430,430000.00,315000.00,430000.00,115000.00,0.00,0.00,NULL,'pending',1,NULL,NULL,NULL,NULL,NULL,'2026-05-06',NULL,'2026-05-06 06:44:58','2026-05-22 12:19:35'),(199,73,'Salama Sadick Francis','0761434363','Shadya Jackson Saprapasen','0748447465',210,430,430000.00,315000.00,430000.00,115000.00,0.00,0.00,NULL,'pending',1,NULL,NULL,NULL,NULL,NULL,'2026-05-06',NULL,'2026-05-06 07:56:22','2026-05-22 12:19:35'),(200,57,'Angrl Charless Petro','0792592972','Zacharia Laphaeli Zegeli','0663138438',416,430,430000.00,315000.00,430000.00,115000.00,0.00,0.00,NULL,'pending',1,NULL,NULL,NULL,NULL,NULL,'2026-05-06',NULL,'2026-05-06 08:27:28','2026-05-22 12:19:35'),(201,54,'Mwanahawa Yusuph Athumani','0747125959','Salima Yusuph','0621453770',409,430,430000.00,315000.00,430000.00,115000.00,0.00,0.00,NULL,'pending',1,NULL,NULL,NULL,NULL,NULL,'2026-05-06',NULL,'2026-05-06 08:38:00','2026-05-22 12:19:35'),(202,27,'Eva J Joshua','0663110411','Abduli Twaha Kapilima','0612152209',286,430,430000.00,315000.00,430000.00,115000.00,0.00,0.00,NULL,'pending',1,NULL,NULL,NULL,NULL,NULL,'2026-05-06',NULL,'2026-05-06 09:06:19','2026-05-22 12:19:35'),(203,20,'Saulo K Kimwaga','0772149355','Suzana Honoraty Gaspary',NULL,347,430,430000.00,315000.00,430000.00,115000.00,0.00,0.00,NULL,'pending',1,NULL,NULL,NULL,NULL,NULL,'2026-05-06',NULL,'2026-05-06 09:08:16','2026-05-22 12:19:35'),(204,16,'Jacob Williamu','0797001365','Amosi Simon Williamu','0678081775',1010,430,430000.00,315000.00,430000.00,115000.00,0.00,0.00,NULL,'pending',1,NULL,NULL,NULL,NULL,NULL,'2026-05-06',NULL,'2026-05-06 09:23:38','2026-05-22 12:19:35'),(205,25,'Mwajuma S Kambokela','0760585752','Saidi K Mandawili','0789894234',38,430,430000.00,315000.00,430000.00,115000.00,0.00,0.00,NULL,'pending',1,NULL,NULL,NULL,NULL,NULL,'2026-05-06',NULL,'2026-05-06 09:26:40','2026-05-22 12:19:35'),(206,37,'Stevin Wambura Mwitasore','0746444180','Veronica Simon','0776946739',390,430,430000.00,315000.00,430000.00,115000.00,0.00,0.00,NULL,'pending',1,NULL,NULL,NULL,NULL,NULL,'2026-05-06',NULL,'2026-05-06 10:25:28','2026-05-22 12:19:35'),(207,58,'George Godfrey Kitumbotele','+255790933011','Esta Elisate Daudi','0630955535',444,430,430000.00,315000.00,430000.00,115000.00,0.00,0.00,NULL,'pending',1,NULL,NULL,NULL,NULL,NULL,'2026-05-06',NULL,'2026-05-06 10:31:38','2026-05-22 12:19:35'),(208,31,'Musa Y hamad','0686230344','Christina','0754936376',79,430,430000.00,315000.00,430000.00,115000.00,0.00,0.00,NULL,'pending',1,NULL,NULL,NULL,NULL,NULL,'2026-05-06',NULL,'2026-05-06 10:34:11','2026-05-22 12:19:35'),(209,52,'Meshaki Mtero','741475555','Amayani Mwesera Mtero','738702838',107,430,430000.00,315000.00,430000.00,115000.00,0.00,0.00,NULL,'pending',1,NULL,NULL,NULL,NULL,NULL,'2026-05-06',NULL,'2026-05-06 10:43:43','2026-05-22 12:19:35'),(210,16,'Mayala mussa','0788568679','Wilson Jairos Nonkwe','0779896699',1011,430,430000.00,315000.00,430000.00,115000.00,0.00,0.00,NULL,'pending',1,NULL,NULL,NULL,NULL,NULL,'2026-05-06',NULL,'2026-05-06 10:50:39','2026-05-22 12:19:35'),(211,63,'martine Joseph john','0618372576','neema bahati','0634482576',1017,430,430000.00,315000.00,430000.00,115000.00,0.00,0.00,NULL,'pending',1,NULL,NULL,NULL,NULL,NULL,'2026-05-06',NULL,'2026-05-06 10:58:30','2026-05-22 12:19:35'),(212,48,'Mathias Gamba Magesa','0790053205','Christophe Magesa Mathias','0766871019',1019,430,430000.00,315000.00,430000.00,115000.00,0.00,0.00,NULL,'pending',1,NULL,NULL,NULL,NULL,NULL,'2026-05-06',NULL,'2026-05-06 11:02:06','2026-05-22 12:19:35'),(213,55,'Hazard Daniel Ngoda','762717164','Victor Batalome Mrose','0717363228',350,430,430000.00,315000.00,430000.00,115000.00,0.00,0.00,NULL,'pending',1,NULL,NULL,NULL,NULL,NULL,'2026-05-06',NULL,'2026-05-06 11:02:22','2026-05-22 12:19:35'),(214,27,'Juma H Muhamed','0765301534','Hussen Rashidi Kambona','744723736',294,430,430000.00,315000.00,430000.00,115000.00,0.00,0.00,NULL,'pending',1,NULL,NULL,NULL,NULL,NULL,'2026-05-06',NULL,'2026-05-06 11:03:27','2026-05-22 12:19:35'),(215,54,'Winfrida Cristofa Segumba','0770124030','Braithgness Kihombo','0698560577',410,430,430000.00,315000.00,430000.00,115000.00,0.00,0.00,NULL,'pending',1,NULL,NULL,NULL,NULL,NULL,'2026-05-06',NULL,'2026-05-06 11:12:14','2026-05-22 12:19:35'),(216,66,'Gadson Josias','693831501','Misago Nehemia','772230364',574,430,430000.00,315000.00,430000.00,115000.00,0.00,0.00,NULL,'pending',1,NULL,NULL,NULL,NULL,NULL,'2026-05-06',NULL,'2026-05-06 11:34:00','2026-05-22 12:19:35'),(217,75,'Naomi Ezekiel Mganga','0790092799','Kulwa Juma Kolwa','0684270524',387,430,430000.00,315000.00,430000.00,115000.00,0.00,0.00,NULL,'pending',1,NULL,NULL,NULL,NULL,NULL,'2026-05-06',NULL,'2026-05-06 11:36:54','2026-05-22 12:19:35'),(218,57,'James Robert','+255788138444','Halima Juma','0778158543',450,430,430000.00,315000.00,430000.00,115000.00,0.00,0.00,NULL,'pending',1,NULL,NULL,NULL,NULL,NULL,'2026-05-06',NULL,'2026-05-06 11:39:39','2026-05-22 12:19:35'),(219,52,'Evelina Sanga','759037897','Yosia Simion Mwamahonje','755225852',109,430,430000.00,315000.00,430000.00,115000.00,0.00,0.00,NULL,'pending',1,NULL,NULL,NULL,NULL,NULL,'2026-05-06',NULL,'2026-05-06 11:48:04','2026-05-22 12:19:35'),(220,27,'Redemtha S Yilika','0798689676','Relvsi Silasi Honda','0712838540',288,430,430000.00,315000.00,430000.00,115000.00,0.00,0.00,NULL,'pending',1,NULL,NULL,NULL,NULL,NULL,'2026-05-06',NULL,'2026-05-06 11:52:29','2026-05-22 12:19:35'),(221,25,'Tausi M Kimbwili','0753390747','Juma M Rajabu','0716377253',643,430,430000.00,315000.00,430000.00,115000.00,0.00,0.00,NULL,'pending',1,NULL,NULL,NULL,NULL,NULL,'2026-05-06',NULL,'2026-05-06 11:58:37','2026-05-22 12:19:35'),(222,16,'Swedi Juma','0746018959','Elias Mwangala Karist','0675905458',542,430,430000.00,315000.00,430000.00,115000.00,0.00,0.00,NULL,'pending',1,NULL,NULL,NULL,NULL,NULL,'2026-05-06',NULL,'2026-05-06 12:05:29','2026-05-22 12:19:35'),(223,25,'Jasmini A Abdull','0767556094','Ally A Hamisi','0694791176',644,430,430000.00,315000.00,430000.00,115000.00,0.00,0.00,NULL,'pending',1,NULL,NULL,NULL,NULL,NULL,'2026-05-06',NULL,'2026-05-06 12:23:18','2026-05-22 12:19:35'),(224,34,'Daudi S Laizer','+255767760003','Rodrick Daudi Chimya','699547528',407,430,430000.00,315000.00,430000.00,115000.00,0.00,0.00,NULL,'pending',1,NULL,NULL,NULL,NULL,NULL,'2026-05-06',NULL,'2026-05-06 12:32:38','2026-05-22 12:19:35'),(225,54,'Masudi Ally Masudi','0698560577','Bora Jishi','0752083567',408,430,430000.00,315000.00,430000.00,115000.00,0.00,0.00,NULL,'pending',1,NULL,NULL,NULL,NULL,NULL,'2026-05-06',NULL,'2026-05-06 12:34:26','2026-05-22 12:19:35'),(226,31,'Asha K mahamudu','0750678331','Fatuma Ally','0714412459',302,430,430000.00,315000.00,430000.00,115000.00,0.00,0.00,NULL,'pending',1,NULL,NULL,NULL,NULL,NULL,'2026-05-06',NULL,'2026-05-06 12:40:57','2026-05-22 12:19:35'),(227,54,'Oscar George Jonas','0772438607','Elia Mahenge','0689381597',413,430,430000.00,315000.00,430000.00,115000.00,0.00,0.00,NULL,'pending',1,NULL,NULL,NULL,NULL,NULL,'2026-05-06',NULL,'2026-05-06 12:58:20','2026-05-22 12:19:35'),(228,28,'Mwachwa Erenesto Nyagawa','0758125876','Huruma Edwin Mandela','0650798154',652,430,430000.00,315000.00,430000.00,115000.00,0.00,0.00,NULL,'pending',1,NULL,NULL,NULL,NULL,NULL,'2026-05-06',NULL,'2026-05-06 13:04:57','2026-05-22 12:19:35'),(229,34,'Hadija A Haruna','+255662643296','Sharia Omary Kinoge','784267378',83,430,430000.00,315000.00,430000.00,115000.00,0.00,0.00,NULL,'pending',1,NULL,NULL,NULL,NULL,NULL,'2026-05-06',NULL,'2026-05-06 13:07:09','2026-05-22 12:19:35'),(230,65,'Asma A Rashid','0780663894','Pili Hussen Issa','0781215896',245,430,430000.00,315000.00,430000.00,115000.00,0.00,0.00,NULL,'pending',1,NULL,NULL,NULL,NULL,NULL,'2026-05-06',NULL,'2026-05-06 13:29:03','2026-05-22 12:19:35'),(231,31,'Farid T Lubuva','0772562186','Salim Ally','0621197495',303,430,430000.00,315000.00,430000.00,115000.00,0.00,0.00,NULL,'pending',1,NULL,NULL,NULL,NULL,NULL,'2026-05-06',NULL,'2026-05-06 13:32:10','2026-05-22 12:19:35'),(232,58,'Rahma A Ally','+255682151058','Knife Rajabu Mohamed','622861915',449,430,430000.00,315000.00,430000.00,115000.00,0.00,0.00,NULL,'pending',1,NULL,NULL,NULL,NULL,NULL,'2026-05-06',NULL,'2026-05-06 13:38:12','2026-05-22 12:19:35'),(233,57,'Steve Lusito','0763309795','Amiri Saidi','0782001420',447,430,430000.00,315000.00,430000.00,115000.00,0.00,0.00,NULL,'pending',1,NULL,NULL,NULL,NULL,NULL,'2026-05-06',NULL,'2026-05-06 13:47:35','2026-05-22 12:19:35'),(234,57,'Halidi Ngalowoka','+255786522765','Mwamini Juma','0743350286',422,430,430000.00,315000.00,430000.00,115000.00,0.00,0.00,NULL,'pending',1,NULL,NULL,NULL,NULL,NULL,'2026-05-06',NULL,'2026-05-06 13:50:32','2026-05-22 12:19:35'),(235,54,'Emanueli Juma Irumba','0702902904','Evaness Simon','0670208215',414,430,430000.00,315000.00,430000.00,115000.00,0.00,0.00,NULL,'pending',1,NULL,NULL,NULL,NULL,NULL,'2026-05-06',NULL,'2026-05-06 14:00:17','2026-05-22 12:19:35'),(236,44,'Zawadi Shilinde Wiliam','0767773536','Elidesa Justine Jonathan','0759239836',160,430,430000.00,315000.00,430000.00,115000.00,0.00,0.00,NULL,'pending',1,NULL,NULL,NULL,NULL,NULL,'2026-05-06',NULL,'2026-05-06 14:05:27','2026-05-22 12:19:35'),(237,63,'joyce magafu shija','0698108271','Jennifer magafu jirabi','0764080425',1016,430,430000.00,315000.00,430000.00,115000.00,0.00,0.00,NULL,'pending',1,NULL,NULL,NULL,NULL,NULL,'2026-05-06',NULL,'2026-05-06 14:14:47','2026-05-22 12:19:35'),(238,26,'Petro Fraud Machali','0798777518','Ramadhan Nassoro Mbendu','0672719736',367,430,430000.00,315000.00,430000.00,115000.00,0.00,0.00,NULL,'pending',1,NULL,NULL,NULL,NULL,NULL,'2026-05-06',NULL,'2026-05-06 14:36:05','2026-05-22 12:19:35'),(239,55,'Kelvin Babu Simba','0687274825','Sospeter Nicholaus','0764873159',353,430,430000.00,315000.00,430000.00,115000.00,0.00,0.00,NULL,'pending',1,NULL,NULL,NULL,NULL,NULL,'2026-05-06',NULL,'2026-05-06 14:42:26','2026-05-22 12:19:35'),(240,58,'Salum S Abdarabi','+255763131118','Nurathy Mohamedy Mzuri','693333490',427,430,430000.00,315000.00,430000.00,115000.00,0.00,0.00,NULL,'pending',1,NULL,NULL,NULL,NULL,NULL,'2026-05-06',NULL,'2026-05-06 14:46:32','2026-05-22 12:19:35'),(241,37,'Jafari Devidi Juma','0798048035','Isaka Nicolaus','0744125939',138,430,430000.00,315000.00,430000.00,115000.00,0.00,0.00,NULL,'pending',1,NULL,NULL,NULL,NULL,NULL,'2026-05-06',NULL,'2026-05-06 14:59:16','2026-05-22 12:19:35'),(242,57,'Tausi Sultani Kinyamasongo','+255750058843','Asha Hemedi Ramadhani','0692275619',421,430,430000.00,315000.00,430000.00,115000.00,0.00,0.00,NULL,'pending',1,NULL,NULL,NULL,NULL,NULL,'2026-05-06',NULL,'2026-05-06 15:12:21','2026-05-22 12:19:35'),(243,57,'Emmygodi Solomoni','+255793055918','Manka Solomoni','0717575918',451,430,430000.00,315000.00,430000.00,115000.00,0.00,0.00,NULL,'pending',1,NULL,NULL,NULL,NULL,NULL,'2026-05-06',NULL,'2026-05-06 15:16:53','2026-05-22 12:19:35'),(244,34,'Gwantwa M Mwaisumo','+255768002811','Audifas Ferisian Shilima','0756689948',402,430,430000.00,315000.00,430000.00,115000.00,0.00,0.00,NULL,'pending',1,NULL,NULL,NULL,NULL,NULL,'2026-05-06',NULL,'2026-05-06 15:36:06','2026-05-22 12:19:35'),(245,37,'Richard Siku Elia','0741273014','Mariam John','0762654256',137,430,430000.00,315000.00,430000.00,115000.00,0.00,0.00,NULL,'pending',1,NULL,NULL,NULL,NULL,NULL,'2026-05-06',NULL,'2026-05-06 15:43:34','2026-05-22 12:19:35'),(246,66,'Seif Abeid','0713572405','Juma Salehe','714999097',554,430,430000.00,315000.00,430000.00,115000.00,0.00,0.00,NULL,'pending',1,NULL,NULL,NULL,NULL,NULL,'2026-05-06',NULL,'2026-05-06 15:48:38','2026-05-22 12:19:35'),(247,35,'Sabina Fabiani Paul','+255795556741','Mangaza kitwana cheula','0716118767',1024,430,430000.00,315000.00,430000.00,115000.00,0.00,0.00,NULL,'pending',1,NULL,NULL,NULL,NULL,NULL,'2026-05-06',NULL,'2026-05-06 15:56:19','2026-05-22 12:19:35'),(248,16,'Mnagani Msimu','0747399254','John Samwel Bundala','0690529384',1009,430,430000.00,315000.00,430000.00,115000.00,0.00,0.00,NULL,'pending',1,NULL,NULL,NULL,NULL,NULL,'2026-05-06',NULL,'2026-05-06 16:13:09','2026-05-22 12:19:35'),(249,66,'Mariam Richard','780578824','Agnes Salamaga','657319236',571,430,430000.00,315000.00,430000.00,115000.00,0.00,0.00,NULL,'pending',1,NULL,NULL,NULL,NULL,NULL,'2026-05-06',NULL,'2026-05-06 16:14:42','2026-05-22 12:19:35'),(250,52,'Vincent Mbuya','790535465','Vailety Vincent Bonifece','629180317',110,430,430000.00,315000.00,430000.00,115000.00,0.00,0.00,NULL,'pending',1,NULL,NULL,NULL,NULL,NULL,'2026-05-06',NULL,'2026-05-06 16:15:09','2026-05-22 12:19:35'),(251,72,'Fatina Mdoe','0790144012','Hamis Ramadhan  Shekiondo','0715067301',198,430,430000.00,315000.00,430000.00,115000.00,0.00,0.00,NULL,'pending',1,NULL,NULL,NULL,NULL,NULL,'2026-05-06',NULL,'2026-05-06 16:18:15','2026-05-22 12:19:35'),(252,73,'Benjamini Gustapha Kyoni','0748077970','Solomoni Gustapha Kyoni','0687958194',211,430,430000.00,315000.00,430000.00,115000.00,0.00,0.00,NULL,'pending',1,NULL,NULL,NULL,NULL,NULL,'2026-05-06',NULL,'2026-05-06 16:37:56','2026-05-22 12:19:35'),(253,65,'Fatuma  I Mussa','0777673166','Ramadhani Shabani Ramadhani','716008202',247,430,430000.00,315000.00,430000.00,115000.00,0.00,0.00,NULL,'pending',1,NULL,NULL,NULL,NULL,NULL,'2026-05-06',NULL,'2026-05-06 16:45:34','2026-05-22 12:19:35'),(254,28,'James Wiliam John','0689260550','Baraka Jamaly Juma','0658548176',556,430,430000.00,315000.00,430000.00,115000.00,0.00,0.00,NULL,'pending',1,NULL,NULL,NULL,NULL,NULL,'2026-05-06',NULL,'2026-05-06 16:56:32','2026-05-22 12:19:35'),(255,57,'Venosa Chaka','0741297675','Gabriel Alon','0744724320',446,430,430000.00,315000.00,430000.00,115000.00,0.00,0.00,NULL,'pending',1,NULL,NULL,NULL,NULL,NULL,'2026-05-06',NULL,'2026-05-06 17:02:04','2026-05-22 12:19:36'),(256,66,'Lucky Festo','0755847590','Clara Festo','748758281',565,430,430000.00,315000.00,430000.00,115000.00,0.00,0.00,NULL,'pending',1,NULL,NULL,NULL,NULL,NULL,'2026-05-06',NULL,'2026-05-06 17:08:50','2026-05-22 12:19:36'),(257,57,'Abdallah Mhando','0743699614','Zaina Mkomwa','0778158514',448,430,430000.00,315000.00,430000.00,115000.00,0.00,0.00,NULL,'pending',1,NULL,NULL,NULL,NULL,NULL,'2026-05-06',NULL,'2026-05-06 17:11:20','2026-05-22 12:19:36'),(258,26,'Shemtoi Abdallah Wamusa','0797844414','Mwajuma Hamis Kasimu','0788214874',561,430,430000.00,315000.00,430000.00,115000.00,0.00,0.00,NULL,'pending',1,NULL,NULL,NULL,NULL,NULL,'2026-05-06',NULL,'2026-05-06 17:16:00','2026-05-22 12:19:36'),(259,37,'Veronica Pamba Maalimu','0796706814','Ezekiel Zakaria','0694225409',182,430,430000.00,315000.00,430000.00,115000.00,0.00,0.00,NULL,'pending',1,NULL,NULL,NULL,NULL,NULL,'2026-05-06',NULL,'2026-05-06 17:18:37','2026-05-22 12:19:36'),(260,54,'Susana Joseph Mengele','0758414547','Elias Martin','0655402569',411,430,430000.00,315000.00,430000.00,115000.00,0.00,0.00,NULL,'pending',1,NULL,NULL,NULL,NULL,NULL,'2026-05-06',NULL,'2026-05-06 17:29:05','2026-05-22 12:19:36'),(261,50,'Miraji Juma Chigwe','0787271790','Faidha Said Matimbwa','0696705565',201,430,430000.00,315000.00,430000.00,115000.00,0.00,0.00,NULL,'pending',1,NULL,NULL,NULL,NULL,NULL,'2026-05-06',NULL,'2026-05-06 17:39:52','2026-05-22 12:19:36'),(262,65,'Melekizedeck William William','0703417231','Saimon Daud Myeji','0699280199',249,430,430000.00,315000.00,430000.00,115000.00,0.00,0.00,NULL,'pending',1,NULL,NULL,NULL,NULL,NULL,'2026-05-06',NULL,'2026-05-06 17:42:21','2026-05-22 12:19:36'),(263,25,'Mardadi U Ally','0790079664','Adam A Ramadhani','0684349732',568,430,430000.00,315000.00,430000.00,115000.00,0.00,0.00,NULL,'pending',1,NULL,NULL,NULL,NULL,NULL,'2026-05-06',NULL,'2026-05-06 17:45:09','2026-05-22 12:19:36'),(264,57,'Hiven Abdallah','0656171961','Dotto Magari','0698265157',453,430,430000.00,315000.00,430000.00,115000.00,0.00,0.00,NULL,'pending',1,NULL,NULL,NULL,NULL,NULL,'2026-05-06',NULL,'2026-05-06 17:46:52','2026-05-22 12:19:36'),(265,57,'Maria Nhongo','0743767473','Mwajuma Juma','0763130651',434,430,430000.00,315000.00,430000.00,115000.00,0.00,0.00,NULL,'pending',1,NULL,NULL,NULL,NULL,NULL,'2026-05-06',NULL,'2026-05-06 17:55:09','2026-05-22 12:19:36'),(266,45,'Mohamed Bakari Awadhi','0793593300','Juma Awadhi Mohamed','07623331211',551,430,430000.00,315000.00,430000.00,115000.00,0.00,0.00,NULL,'pending',1,NULL,NULL,NULL,NULL,NULL,'2026-05-06',NULL,'2026-05-06 18:04:39','2026-05-22 12:19:36'),(267,45,'Ramadhani Amiri Mbazi','0740350825','Juma Amir Mbazi','0752335212',629,430,430000.00,315000.00,430000.00,115000.00,0.00,0.00,NULL,'pending',1,NULL,NULL,NULL,NULL,NULL,'2026-05-06',NULL,'2026-05-06 18:13:35','2026-05-22 12:19:36'),(268,57,'Ibrahim Mhando','0655185451','Alyy Juma','0629623575',437,430,430000.00,315000.00,430000.00,115000.00,0.00,0.00,NULL,'pending',1,NULL,NULL,NULL,NULL,NULL,'2026-05-06',NULL,'2026-05-06 18:13:43','2026-05-22 12:19:36'),(269,57,'Peter Chimungu','0769416078','Elizabeth Masigose','0748350254',429,430,430000.00,315000.00,430000.00,115000.00,0.00,0.00,NULL,'pending',1,NULL,NULL,NULL,NULL,NULL,'2026-05-06',NULL,'2026-05-06 18:19:30','2026-05-22 12:19:36'),(270,39,'Gasper Fraterini Kisaka','0750720237','Monica Fraterini Kisaka','0652754751',50,430,430000.00,315000.00,430000.00,115000.00,0.00,0.00,NULL,'pending',1,NULL,NULL,NULL,NULL,NULL,'2026-05-06',NULL,'2026-05-06 18:20:35','2026-05-22 12:19:36'),(271,26,'Bilali Juma Mbwana','0748683816','Martin George Namwala','0693553004',563,430,430000.00,315000.00,430000.00,115000.00,0.00,0.00,NULL,'pending',1,NULL,NULL,NULL,NULL,NULL,'2026-05-06',NULL,'2026-05-06 18:45:44','2026-05-22 12:19:36'),(272,45,'Josia Fabian Mlati','+255790385826','Juma Fabian Mlati','255762312121',570,430,430000.00,315000.00,430000.00,115000.00,0.00,0.00,NULL,'pending',1,NULL,NULL,NULL,NULL,NULL,'2026-05-07',NULL,'2026-05-07 06:43:23','2026-05-22 12:19:36'),(273,27,'Lazaro S Lazaro','0686522039','Steve John Shija','0619406717',297,430,430000.00,315000.00,430000.00,115000.00,0.00,0.00,NULL,'pending',1,NULL,NULL,NULL,NULL,NULL,'2026-05-07',NULL,'2026-05-07 07:02:03','2026-05-22 12:19:36'),(274,54,'Mohamed Omary Mmela','0778133239','Athumani Ramadhani','0670557191',400,430,430000.00,315000.00,430000.00,115000.00,0.00,0.00,NULL,'pending',1,NULL,NULL,NULL,NULL,NULL,'2026-05-07',NULL,'2026-05-07 07:03:18','2026-05-22 12:19:36'),(275,30,'Moy A Siwale','+255748911816','Gasps Amos Simon','768055144',102,430,430000.00,315000.00,430000.00,115000.00,0.00,0.00,NULL,'pending',1,NULL,NULL,NULL,NULL,NULL,'2026-05-07',NULL,'2026-05-07 07:08:08','2026-05-22 12:19:36'),(276,45,'Mukhsin Jumanne Jafar','+255765262607','Juma Jumanne Jafar','0702515123',549,430,430000.00,315000.00,430000.00,115000.00,0.00,0.00,NULL,'pending',1,NULL,NULL,NULL,NULL,NULL,'2026-05-07',NULL,'2026-05-07 07:35:45','2026-05-22 12:19:36'),(277,27,'Mwajuma Amiri Zahoro','0748674664','Amiri Shabani Hamady','0689106486',290,430,430000.00,315000.00,430000.00,115000.00,0.00,0.00,NULL,'pending',1,NULL,NULL,NULL,NULL,NULL,'2026-05-07',NULL,'2026-05-07 07:43:28','2026-05-22 12:19:36'),(278,45,'rehema martin kikwete','0741057087','judith muheni','0657429577',573,430,430000.00,315000.00,430000.00,115000.00,0.00,0.00,NULL,'pending',1,NULL,NULL,NULL,NULL,NULL,'2026-05-07',NULL,'2026-05-07 08:12:08','2026-05-22 12:19:36'),(279,25,'Hilima R Mahamudu','0796323435','Khadija N Mahamudu','0790140344',632,430,430000.00,315000.00,430000.00,115000.00,0.00,0.00,NULL,'pending',1,NULL,NULL,NULL,NULL,NULL,'2026-05-07',NULL,'2026-05-07 08:13:55','2026-05-22 12:19:36'),(280,66,'Ayubu Fabiano','0698527970','Alex Stephano','703376745',641,430,430000.00,315000.00,430000.00,115000.00,0.00,0.00,NULL,'pending',1,NULL,NULL,NULL,NULL,NULL,'2026-05-07',NULL,'2026-05-07 08:32:31','2026-05-22 12:19:36'),(281,73,'Faith Mongola Kayega','0775855549','Idrisa Jumanne Mwelondo','0656709573',628,430,430000.00,315000.00,430000.00,115000.00,0.00,0.00,NULL,'pending',1,NULL,NULL,NULL,NULL,NULL,'2026-05-07',NULL,'2026-05-07 08:41:40','2026-05-22 12:19:36'),(282,30,'Eliya Philipo Msaka','0766798100','Charles Yohana Kovaga','0786762314',104,430,430000.00,315000.00,430000.00,115000.00,0.00,0.00,NULL,'pending',1,NULL,NULL,NULL,NULL,NULL,'2026-05-07',NULL,'2026-05-07 09:09:12','2026-05-22 12:19:36'),(283,52,'Asha Khalid','790782115','Hussain Abdallah Kingochi','754370060',105,430,430000.00,315000.00,430000.00,115000.00,0.00,0.00,NULL,'pending',1,NULL,NULL,NULL,NULL,NULL,'2026-05-07',NULL,'2026-05-07 09:14:48','2026-05-22 12:19:36'),(284,34,'Rajab Thabit Matandika','+255796482305','Ally Rajab Matandiko','789864111',406,430,430000.00,315000.00,430000.00,115000.00,0.00,0.00,NULL,'pending',1,NULL,NULL,NULL,NULL,NULL,'2026-05-07',NULL,'2026-05-07 09:15:36','2026-05-22 12:19:36'),(285,26,'Pili Juma Kigonile','0788632945','Neema Emma Richard','0717047863',581,430,430000.00,315000.00,430000.00,115000.00,0.00,0.00,NULL,'pending',1,NULL,NULL,NULL,NULL,NULL,'2026-05-07',NULL,'2026-05-07 09:16:51','2026-05-22 12:19:36'),(286,63,'john Emmanuel john','0628565542','david alex','0759135542',124,430,430000.00,315000.00,430000.00,115000.00,0.00,0.00,NULL,'pending',1,NULL,NULL,NULL,NULL,NULL,'2026-05-07',NULL,'2026-05-07 09:17:54','2026-05-22 12:19:36'),(287,45,'Abdallah I Libui','0791421574','juma I Libui','0744281436',646,430,430000.00,315000.00,430000.00,115000.00,0.00,0.00,NULL,'pending',1,NULL,NULL,NULL,NULL,NULL,'2026-05-07',NULL,'2026-05-07 09:30:47','2026-05-22 12:19:36'),(288,27,'Maria J Chuma','0794834577','Alex Silvanusi Lili','0789096394',291,430,430000.00,315000.00,430000.00,115000.00,0.00,0.00,NULL,'pending',1,NULL,NULL,NULL,NULL,NULL,'2026-05-07',NULL,'2026-05-07 09:45:42','2026-05-22 12:19:36'),(289,81,'Yohana Josia Emmanuel','0763709364','Adios Peter Mambosasa','0637068616',1053,430,430000.00,315000.00,430000.00,115000.00,0.00,0.00,NULL,'pending',1,NULL,NULL,NULL,NULL,NULL,'2026-05-07',NULL,'2026-05-07 09:46:15','2026-05-22 12:19:36'),(290,39,'Yusuph Hoseni Mbuji','0768431739','Mussa Hoseni Mbuji','0682451739',56,430,430000.00,315000.00,430000.00,115000.00,0.00,0.00,NULL,'pending',1,NULL,NULL,NULL,NULL,NULL,'2026-05-07',NULL,'2026-05-07 10:02:19','2026-05-22 12:19:36'),(291,45,'Abdalla Seif Omar','+255793997500','Juma Hassan Ally','0762312521',1018,430,430000.00,315000.00,430000.00,115000.00,0.00,0.00,NULL,'pending',1,NULL,NULL,NULL,NULL,NULL,'2026-05-07',NULL,'2026-05-07 10:07:18','2026-05-22 12:19:36'),(292,31,'Alphonce C sanzuri','0744820012','Anastazia Antony','0750011755',75,430,430000.00,315000.00,430000.00,115000.00,0.00,0.00,NULL,'pending',1,NULL,NULL,NULL,NULL,NULL,'2026-05-07',NULL,'2026-05-07 10:13:20','2026-05-22 12:19:36'),(293,57,'Mathayo Sawaya','0698303644','Ali Juma','0765513734',686,430,430000.00,315000.00,430000.00,115000.00,0.00,0.00,NULL,'pending',1,NULL,NULL,NULL,NULL,NULL,'2026-05-07',NULL,'2026-05-07 10:16:04','2026-05-22 12:19:36'),(294,63,'isaka Joseph','0747722548',NULL,'0680551420',1052,430,430000.00,315000.00,430000.00,115000.00,0.00,0.00,NULL,'pending',1,NULL,NULL,NULL,NULL,NULL,'2026-05-07',NULL,'2026-05-07 10:23:58','2026-05-22 12:19:36'),(295,28,'Aman Jumanne Hamza','0718956087','George John Gidas','0752979988',547,430,430000.00,315000.00,430000.00,115000.00,0.00,0.00,NULL,'pending',1,NULL,NULL,NULL,NULL,NULL,'2026-05-07',NULL,'2026-05-07 10:57:35','2026-05-22 12:19:36'),(296,55,'Shabani Zimbo Mmoni','0790755162','Hidaya Liziki Malenda','0651378890',354,430,430000.00,315000.00,430000.00,115000.00,0.00,0.00,NULL,'pending',1,NULL,NULL,NULL,NULL,NULL,'2026-05-07',NULL,'2026-05-07 11:13:26','2026-05-22 12:19:36'),(297,20,'Nasra O Mdewele','680216878','Alfa Joseph Muhenza','0714068053',349,430,430000.00,315000.00,430000.00,115000.00,0.00,0.00,NULL,'pending',1,NULL,NULL,NULL,NULL,NULL,'2026-05-07',NULL,'2026-05-07 11:25:11','2026-05-22 12:19:36'),(298,17,'Dioninsia Deus I Anatory','0759885491','Emanuel Paulo Mtasa','0756278901',142,430,430000.00,315000.00,430000.00,115000.00,0.00,0.00,NULL,'pending',1,NULL,NULL,NULL,NULL,NULL,'2026-05-07',NULL,'2026-05-07 11:31:02','2026-05-22 12:19:36'),(299,16,'George Mzombe','0793665082','Steven Ramadhan Kagoma','0773940825',544,430,430000.00,315000.00,430000.00,115000.00,0.00,0.00,NULL,'pending',1,NULL,NULL,NULL,NULL,NULL,'2026-05-07',NULL,'2026-05-07 11:32:58','2026-05-22 12:19:36'),(300,27,'Yusufu Hemedi Yusufu','0677882552','Hemedi Yusufu Hemedi','0626022170',293,430,430000.00,315000.00,430000.00,115000.00,0.00,0.00,NULL,'pending',1,NULL,NULL,NULL,NULL,NULL,'2026-05-07',NULL,'2026-05-07 11:38:30','2026-05-22 12:19:36'),(301,31,'Japheth M lweyendela','0786580030','Jackson Willson','0794932222',76,430,430000.00,315000.00,430000.00,115000.00,0.00,0.00,NULL,'pending',1,NULL,NULL,NULL,NULL,NULL,'2026-05-07',NULL,'2026-05-07 11:40:46','2026-05-22 12:19:36'),(302,73,'Shehami Mustapha Selemeni','0650759843','Dina Boniphance Ngamando','0670189502',583,430,430000.00,315000.00,430000.00,115000.00,0.00,0.00,NULL,'pending',1,NULL,NULL,NULL,NULL,NULL,'2026-05-07',NULL,'2026-05-07 11:46:57','2026-05-22 12:19:36'),(303,65,'Hemedi O Sinde','0636074076','Ramadhani Mwandenene',NULL,261,430,430000.00,315000.00,430000.00,115000.00,0.00,0.00,NULL,'pending',1,NULL,NULL,NULL,NULL,NULL,'2026-05-07',NULL,'2026-05-07 11:50:48','2026-05-22 12:19:36'),(304,75,'Twalibu Mohamed Salumu','0798559889','Abdallah Mohamed Salumu','0653030110',640,430,430000.00,315000.00,430000.00,115000.00,0.00,0.00,NULL,'pending',1,NULL,NULL,NULL,NULL,NULL,'2026-05-07',NULL,'2026-05-07 11:53:03','2026-05-22 12:19:36'),(305,25,'Ashiruna B Shedafa','0740025454','Abbas Z Sagonda','0678275405',576,430,430000.00,315000.00,430000.00,115000.00,0.00,0.00,NULL,'pending',1,NULL,NULL,NULL,NULL,NULL,'2026-05-07',NULL,'2026-05-07 12:10:33','2026-05-22 12:19:36'),(306,54,'Omary Chenja Ally','0760962792','Asha Amadi','0692034280',701,430,430000.00,315000.00,430000.00,115000.00,0.00,0.00,NULL,'pending',1,NULL,NULL,NULL,NULL,NULL,'2026-05-07',NULL,'2026-05-07 12:12:19','2026-05-22 12:19:36'),(307,40,'Airet John Wambura','0740692681','Juicy Jacobo Juma','0783776568',185,430,430000.00,315000.00,430000.00,115000.00,0.00,0.00,NULL,'pending',1,NULL,NULL,NULL,NULL,NULL,'2026-05-07',NULL,'2026-05-07 12:15:18','2026-05-22 12:19:36'),(308,35,'Clemence Chelasa','0685285272','Mwidini Omary','0693671197',1020,430,430000.00,315000.00,430000.00,115000.00,0.00,0.00,NULL,'pending',1,NULL,NULL,NULL,NULL,NULL,'2026-05-07',NULL,'2026-05-07 12:16:12','2026-05-22 12:19:36'),(309,27,'James A Matiasi','0657013073','Rose Monki Shayo','0747625131',299,430,430000.00,315000.00,430000.00,115000.00,0.00,0.00,NULL,'pending',1,NULL,NULL,NULL,NULL,NULL,'2026-05-07',NULL,'2026-05-07 12:36:11','2026-05-22 12:19:36'),(310,66,'Pelesi Ndove','790639372','Abdallah Mngoya','744274512',567,430,430000.00,315000.00,430000.00,115000.00,0.00,0.00,NULL,'pending',1,NULL,NULL,NULL,NULL,NULL,'2026-05-07',NULL,'2026-05-07 12:40:31','2026-05-22 12:19:36'),(311,65,'Fatuma V Kajembe','0718145129','Said Mohamed Suleiman','0685690655',256,430,430000.00,315000.00,430000.00,115000.00,0.00,0.00,NULL,'pending',1,NULL,NULL,NULL,NULL,NULL,'2026-05-07',NULL,'2026-05-07 12:40:46','2026-05-22 12:19:36'),(312,57,'Yahya Sinani','0699869985','Swaumu Kitenda','0689943733',674,430,430000.00,315000.00,430000.00,115000.00,0.00,0.00,NULL,'pending',1,NULL,NULL,NULL,NULL,NULL,'2026-05-07',NULL,'2026-05-07 12:53:43','2026-05-22 12:19:36'),(313,57,'Salumu Machemba','0770167374','Ismail Hemedi','0685517503',622,430,430000.00,315000.00,430000.00,115000.00,0.00,0.00,NULL,'pending',1,NULL,NULL,NULL,NULL,NULL,'2026-05-07',NULL,'2026-05-07 12:57:02','2026-05-22 12:19:36'),(314,57,'Nuhu Nassoni','+255788612577','Zaina Rashidi','0766571717',676,430,430000.00,315000.00,430000.00,115000.00,0.00,0.00,NULL,'pending',1,NULL,NULL,NULL,NULL,NULL,'2026-05-07',NULL,'2026-05-07 12:59:13','2026-05-22 12:19:36'),(315,74,'Kyala I Ramadhan','+255762318355','Zena ally ngwaya','0625901030',1059,430,430000.00,315000.00,430000.00,115000.00,0.00,0.00,NULL,'pending',1,NULL,NULL,NULL,NULL,NULL,'2026-05-07',NULL,'2026-05-07 13:00:06','2026-05-22 12:19:36'),(316,37,'Bwire Malima Makoko','0683621713','Jackisoni Saimoni','0767581713',1042,430,430000.00,315000.00,430000.00,115000.00,0.00,0.00,NULL,'pending',1,NULL,NULL,NULL,NULL,NULL,'2026-05-07',NULL,'2026-05-07 13:01:37','2026-05-22 12:19:36'),(317,54,'Neema Estomihi Mwanga','0795537298','Irini Saimon','0703178821',623,430,430000.00,315000.00,430000.00,115000.00,0.00,0.00,NULL,'pending',1,NULL,NULL,NULL,NULL,NULL,'2026-05-07',NULL,'2026-05-07 13:26:10','2026-05-22 12:19:36'),(318,63,'sada muhamed rashid','0794506744','jumanne saidy','0614948070',121,430,430000.00,315000.00,430000.00,115000.00,0.00,0.00,NULL,'pending',1,NULL,NULL,NULL,NULL,NULL,'2026-05-07',NULL,'2026-05-07 13:38:48','2026-05-22 12:19:36'),(319,37,'Elibeth Jeston Dominico','0775847337','Nailati Rashidi','0745429358',1040,430,430000.00,315000.00,430000.00,115000.00,0.00,0.00,NULL,'pending',1,NULL,NULL,NULL,NULL,NULL,'2026-05-07',NULL,'2026-05-07 13:40:23','2026-05-22 12:19:36'),(320,54,'Khalifa Ally Athumani','0683069655','Sharifa Saidi','652190284',403,430,430000.00,315000.00,430000.00,115000.00,0.00,0.00,NULL,'pending',1,NULL,NULL,NULL,NULL,NULL,'2026-05-07',NULL,'2026-05-07 13:42:36','2026-05-22 12:19:36'),(321,20,'Steven A Haule','+255760006598','Rajabu','0689629805',346,430,430000.00,315000.00,430000.00,115000.00,0.00,0.00,NULL,'pending',1,NULL,NULL,NULL,NULL,NULL,'2026-05-07',NULL,'2026-05-07 14:05:12','2026-05-22 12:19:36'),(322,54,'Hassani Juma Saidi','0796405737','Amiri Alex','783570263',699,430,430000.00,315000.00,430000.00,115000.00,0.00,0.00,NULL,'pending',1,NULL,NULL,NULL,NULL,NULL,'2026-05-07',NULL,'2026-05-07 14:24:13','2026-05-22 12:19:36'),(323,74,'Swaumu M Hussein','+255741737000','Amino Naveda','683274706',215,430,430000.00,315000.00,430000.00,115000.00,0.00,0.00,NULL,'pending',1,NULL,NULL,NULL,NULL,NULL,'2026-05-07',NULL,'2026-05-07 14:24:49','2026-05-22 12:19:36'),(324,34,'Aziza S Chongola','+255774611234','Aloyce Fulila','774611234',396,430,430000.00,315000.00,430000.00,115000.00,0.00,0.00,NULL,'pending',1,NULL,NULL,NULL,NULL,NULL,'2026-05-07',NULL,'2026-05-07 14:31:48','2026-05-22 12:19:37'),(325,65,'Alex J Leornard','0761437373','Shabani Shida','0743396684',262,430,430000.00,315000.00,430000.00,115000.00,0.00,0.00,NULL,'pending',1,NULL,NULL,NULL,NULL,NULL,'2026-05-07',NULL,'2026-05-07 14:34:37','2026-05-22 12:19:37'),(326,27,'Sadiki Rajabu Mlahagwa','0778210687','Fatuma Hamiri Pango','0787264703',298,430,430000.00,315000.00,430000.00,115000.00,0.00,0.00,NULL,'pending',1,NULL,NULL,NULL,NULL,NULL,'2026-05-07',NULL,'2026-05-07 14:36:11','2026-05-22 12:19:37'),(327,31,'Pendo J saidi','0742144380','Frady Jacob','0759376734',72,430,430000.00,315000.00,430000.00,115000.00,0.00,0.00,NULL,'pending',1,NULL,NULL,NULL,NULL,NULL,'2026-05-07',NULL,'2026-05-07 14:45:02','2026-05-22 12:19:37'),(328,45,'Happiness S Stephano','0755558995','Anna Slaa Stephano','0702508040',608,430,430000.00,315000.00,430000.00,115000.00,0.00,0.00,NULL,'pending',1,NULL,NULL,NULL,NULL,NULL,'2026-05-07',NULL,'2026-05-07 14:49:32','2026-05-22 12:19:37'),(329,54,'Jabiri Mohamed Yassin','0773148349','Sikuzani Shamte','618292187',611,430,430000.00,315000.00,430000.00,115000.00,0.00,0.00,NULL,'pending',1,NULL,NULL,NULL,NULL,NULL,'2026-05-07',NULL,'2026-05-07 15:00:26','2026-05-22 12:19:37'),(330,57,'Fatuma Mbwana','+255688214635','Zaina Ally','0675696056',609,430,430000.00,315000.00,430000.00,115000.00,0.00,0.00,NULL,'pending',1,NULL,NULL,NULL,NULL,NULL,'2026-05-07',NULL,'2026-05-07 15:09:35','2026-05-22 12:19:37'),(331,65,'Hidaya Juma Saidi','0689041165','Husna Mohammed Shukuru','776002686',264,430,430000.00,315000.00,430000.00,115000.00,0.00,0.00,NULL,'pending',1,NULL,NULL,NULL,NULL,NULL,'2026-05-07',NULL,'2026-05-07 15:29:39','2026-05-22 12:19:37'),(332,75,'Ramadhan Semiono Mohamed','0791708830','Hawadhi Omary Mohamed','0761859867',585,430,430000.00,315000.00,430000.00,115000.00,0.00,0.00,NULL,'pending',1,NULL,NULL,NULL,NULL,NULL,'2026-05-07',NULL,'2026-05-07 15:30:18','2026-05-22 12:19:37'),(333,34,'Godfrey J Zulu','+255686298711','Robot Peter Asenga','7977294103',405,430,430000.00,315000.00,430000.00,115000.00,0.00,0.00,NULL,'pending',1,NULL,NULL,NULL,NULL,NULL,'2026-05-07',NULL,'2026-05-07 16:17:54','2026-05-22 12:19:37'),(334,57,'Iddo Mahika','+255786412576','Zaina Rashidi','0623433337',1038,430,430000.00,315000.00,430000.00,115000.00,0.00,0.00,NULL,'pending',1,NULL,NULL,NULL,NULL,NULL,'2026-05-07',NULL,'2026-05-07 16:35:17','2026-05-22 12:19:37'),(335,57,'Anna Simon','0796585859','Mwajabu Ally','0715885203',1037,430,430000.00,315000.00,430000.00,115000.00,0.00,0.00,NULL,'pending',1,NULL,NULL,NULL,NULL,NULL,'2026-05-07',NULL,'2026-05-07 16:47:20','2026-05-22 12:19:37'),(336,57,'Vedastory Kyambambile','+255764255370','Elia Ignas','0656253158',681,430,430000.00,315000.00,430000.00,115000.00,0.00,0.00,NULL,'pending',1,NULL,NULL,NULL,NULL,NULL,'2026-05-07',NULL,'2026-05-07 16:49:35','2026-05-22 12:19:37'),(337,37,'Mganga Kasuguli Pasian','0779305086','Jastini Aizaki','0689692664',1043,430,430000.00,315000.00,430000.00,115000.00,0.00,0.00,NULL,'pending',1,NULL,NULL,NULL,NULL,NULL,'2026-05-07',NULL,'2026-05-07 17:04:35','2026-05-22 12:19:37'),(338,65,'Utesi Athumani Vumbi','0620141474','Zaid Ramadhan Ramadhan','0682755939',260,430,430000.00,315000.00,430000.00,115000.00,0.00,0.00,NULL,'pending',1,NULL,NULL,NULL,NULL,NULL,'2026-05-07',NULL,'2026-05-07 17:16:06','2026-05-22 12:19:37'),(339,20,'Nicodemas D Mkemwa','0791679737','Asha Hamadi Nkusanya','0786011148',300,430,430000.00,315000.00,430000.00,115000.00,0.00,0.00,NULL,'pending',1,NULL,NULL,NULL,NULL,NULL,'2026-05-07',NULL,'2026-05-07 17:22:31','2026-05-22 12:19:37'),(340,55,'David Michael Mugumba','0745277086','Rashid','0796891584',351,430,430000.00,315000.00,430000.00,115000.00,0.00,0.00,NULL,'pending',1,NULL,NULL,NULL,NULL,NULL,'2026-05-07',NULL,'2026-05-07 18:02:03','2026-05-22 12:19:37'),(341,57,'Patrick Kishinda','+255745867390','Zaina Ally','0714515819',1022,430,430000.00,315000.00,430000.00,115000.00,0.00,0.00,NULL,'pending',1,NULL,NULL,NULL,NULL,NULL,'2026-05-07',NULL,'2026-05-07 18:03:25','2026-05-22 12:19:37'),(342,57,'Benjamin Chimenya','+255766121243','Hamisi Mwarabu','0718542368',677,430,430000.00,315000.00,430000.00,115000.00,0.00,0.00,NULL,'pending',1,NULL,NULL,NULL,NULL,NULL,'2026-05-07',NULL,'2026-05-07 18:05:33','2026-05-22 12:19:37'),(343,57,'William Mzola','+255662782019','Shabani Juma','0675696580',685,430,430000.00,315000.00,430000.00,115000.00,0.00,0.00,NULL,'pending',1,NULL,NULL,NULL,NULL,NULL,'2026-05-07',NULL,'2026-05-07 18:07:29','2026-05-22 12:19:37'),(344,28,'Ramadhan Haruna Dunia','0799908034','Juma Bakar Mketo','0716254142',665,430,430000.00,315000.00,430000.00,115000.00,0.00,0.00,NULL,'pending',1,NULL,NULL,NULL,NULL,NULL,'2026-05-07',NULL,'2026-05-07 18:16:07','2026-05-22 12:19:37'),(345,57,'Veronika Masunga','+255767619856','Zaina Rashidi','0785234568',1029,430,430000.00,315000.00,430000.00,115000.00,0.00,0.00,NULL,'pending',1,NULL,NULL,NULL,NULL,NULL,'2026-05-07',NULL,'2026-05-07 18:25:38','2026-05-22 12:19:37'),(346,45,'Sebasitian Paulo Kimario','+255763832118','Juma Paul Kimario','255761253120',695,430,430000.00,315000.00,430000.00,115000.00,0.00,0.00,NULL,'pending',1,NULL,NULL,NULL,NULL,NULL,'2026-05-07',NULL,'2026-05-07 18:34:42','2026-05-22 12:19:37'),(347,57,'Yohana Chatosela','0770971263','Zainabu Saidi','0776301323',610,430,430000.00,315000.00,430000.00,115000.00,0.00,0.00,NULL,'pending',1,NULL,NULL,NULL,NULL,NULL,'2026-05-07',NULL,'2026-05-07 18:56:45','2026-05-22 12:19:37'),(348,57,'Hamisi Salumu','0744434800','Olimpya Mambo','0745632698',1027,430,430000.00,315000.00,430000.00,115000.00,0.00,0.00,NULL,'pending',1,NULL,NULL,NULL,NULL,NULL,'2026-05-07',NULL,'2026-05-07 18:58:28','2026-05-22 12:19:37'),(349,34,'Augustino Kiwily','+255687838805','Farthing Omary Ramadhani','744460012',398,430,430000.00,315000.00,430000.00,115000.00,0.00,0.00,NULL,'pending',1,NULL,NULL,NULL,NULL,NULL,'2026-05-07',NULL,'2026-05-07 18:58:34','2026-05-22 12:19:37'),(350,45,'Wilfredy Daniel Kisuda','+255702771839','Juma Daniel Kisuda','0762311250',691,430,430000.00,315000.00,430000.00,115000.00,0.00,0.00,NULL,'pending',1,NULL,NULL,NULL,NULL,NULL,'2026-05-08',NULL,'2026-05-08 05:20:52','2026-05-22 12:19:37'),(351,26,'Edward Valelian Alphonce','0791067240','Selestina Alphonce Muhinge','0654858042',637,430,430000.00,315000.00,430000.00,115000.00,0.00,0.00,NULL,'pending',1,NULL,NULL,NULL,NULL,NULL,'2026-05-08',NULL,'2026-05-08 05:59:00','2026-05-22 12:19:37'),(352,27,'Alvin Benjamin Kinyamasongo','0652378311','Glory John Msofe','0718992749',30,430,430000.00,315000.00,430000.00,115000.00,0.00,0.00,NULL,'pending',1,NULL,NULL,NULL,NULL,NULL,'2026-05-08',NULL,'2026-05-08 06:45:10','2026-05-22 12:19:37'),(353,34,'Mubaraka S Liguta','+255664045647','Mwantumu Juma Msenga','664487019',397,430,430000.00,315000.00,430000.00,115000.00,0.00,0.00,NULL,'pending',1,NULL,NULL,NULL,NULL,NULL,'2026-05-08',NULL,'2026-05-08 07:08:14','2026-05-22 12:19:37'),(354,27,'Hadija R Zuberi','0676121038','Daudi Saidi Kilagana','0717121038',289,430,430000.00,315000.00,430000.00,115000.00,0.00,0.00,NULL,'pending',1,NULL,NULL,NULL,NULL,NULL,'2026-05-08',NULL,'2026-05-08 07:13:41','2026-05-22 12:19:37'),(355,40,'Rosemary Lameck Kashilimu','0798838454','Farida Ayubu Mwinyi','0755948771',393,430,430000.00,315000.00,430000.00,115000.00,0.00,0.00,NULL,'pending',1,NULL,NULL,NULL,NULL,NULL,'2026-05-08',NULL,'2026-05-08 07:21:21','2026-05-22 12:19:37'),(356,45,'Hayaishi Mawingu Husein','+255794421716','Anna Mawingu Husein','0752312136',612,430,430000.00,315000.00,430000.00,115000.00,0.00,0.00,NULL,'pending',1,NULL,NULL,NULL,NULL,NULL,'2026-05-08',NULL,'2026-05-08 07:38:50','2026-05-22 12:19:37'),(357,65,'Abdallah O  Mkwinda','0764908688','Arafa Mgeni','0775403334',246,430,430000.00,315000.00,430000.00,115000.00,0.00,0.00,NULL,'pending',1,NULL,NULL,NULL,NULL,NULL,'2026-05-08',NULL,'2026-05-08 08:00:34','2026-05-22 12:19:37'),(358,55,'Anita Koku Rwegasira','0687412183','Golyen Gervas Rwegasila','650569629',374,430,430000.00,315000.00,430000.00,115000.00,0.00,0.00,NULL,'pending',1,NULL,NULL,NULL,NULL,NULL,'2026-05-08',NULL,'2026-05-08 08:15:17','2026-05-22 12:19:37'),(359,25,'Mateyo M Mtunda','0753504343','Paulo R Ndati','0776659917',579,430,430000.00,315000.00,430000.00,115000.00,0.00,0.00,NULL,'pending',1,NULL,NULL,NULL,NULL,NULL,'2026-05-08',NULL,'2026-05-08 08:30:10','2026-05-22 12:19:37'),(360,34,'Hussein Omari Dihenga','+255670820590','Hamis Ramadhani Issa','0716102049',395,430,430000.00,315000.00,430000.00,115000.00,0.00,0.00,NULL,'pending',1,NULL,NULL,NULL,NULL,NULL,'2026-05-08',NULL,'2026-05-08 08:42:09','2026-05-22 12:19:37'),(361,31,'Baraka Y zakalia','0664210033','Hamad','0655908450',309,430,430000.00,315000.00,430000.00,115000.00,0.00,0.00,NULL,'pending',1,NULL,NULL,NULL,NULL,NULL,'2026-05-08',NULL,'2026-05-08 08:43:49','2026-05-22 12:19:37'),(362,34,'Hamis Rashidi Issa','+255791802049','Karima Shafii Ramadhani',NULL,412,430,430000.00,315000.00,430000.00,115000.00,0.00,0.00,NULL,'pending',1,NULL,NULL,NULL,NULL,NULL,'2026-05-08',NULL,'2026-05-08 08:44:02','2026-05-22 12:19:37'),(363,54,'Bakari Omary Mwinyihaji','0715211540','Sabiti Omary','0713589850',706,430,430000.00,315000.00,430000.00,115000.00,0.00,0.00,NULL,'pending',1,NULL,NULL,NULL,NULL,NULL,'2026-05-08',NULL,'2026-05-08 08:49:21','2026-05-22 12:19:37'),(364,50,'Rashid Ramadhan Omary','0693285305','Halima Nassoro Omary','0657760454',204,430,430000.00,315000.00,430000.00,115000.00,0.00,0.00,NULL,'pending',1,NULL,NULL,NULL,NULL,NULL,'2026-05-08',NULL,'2026-05-08 09:07:56','2026-05-22 12:19:37'),(365,54,'Amani Omary Betelo','0796922822','Ramadhani Hamissi','0788349981',618,430,430000.00,315000.00,430000.00,115000.00,0.00,0.00,NULL,'pending',1,NULL,NULL,NULL,NULL,NULL,'2026-05-08',NULL,'2026-05-08 09:18:54','2026-05-22 12:19:37'),(366,27,'Shania J Saidi','0752274712','Rajabu Juma Saidi','0611470877',287,430,430000.00,315000.00,430000.00,115000.00,0.00,0.00,NULL,'pending',1,NULL,NULL,NULL,NULL,NULL,'2026-05-08',NULL,'2026-05-08 09:36:37','2026-05-22 12:19:37'),(367,45,'Denis Francis Msigwa','0650280089','juma  francis msigwa','065749214-',633,430,430000.00,315000.00,430000.00,115000.00,0.00,0.00,NULL,'pending',1,NULL,NULL,NULL,NULL,NULL,'2026-05-08',NULL,'2026-05-08 09:39:40','2026-05-22 12:19:37'),(368,28,'Timotheo Silvester Pima','0763221095','Tito Silvester Pima','0675431668',657,430,430000.00,315000.00,430000.00,115000.00,0.00,0.00,NULL,'pending',1,NULL,NULL,NULL,NULL,NULL,'2026-05-08',NULL,'2026-05-08 09:55:15','2026-05-22 12:19:37'),(369,25,'Asha A Zeve','0753330404','Happynes E Saimon','0679910424',642,430,430000.00,315000.00,430000.00,115000.00,0.00,0.00,NULL,'pending',1,NULL,NULL,NULL,NULL,NULL,'2026-05-08',NULL,'2026-05-08 10:04:20','2026-05-22 12:19:37'),(370,31,'Alfonsi bundala Mshima','0790055559','Maria','0783457983',304,430,430000.00,315000.00,430000.00,115000.00,0.00,0.00,NULL,'pending',1,NULL,NULL,NULL,NULL,NULL,'2026-05-08',NULL,'2026-05-08 10:11:46','2026-05-22 12:19:37'),(371,55,'Francis John Magubula','0718661448','Stephano Kitula Shosha','0672480261',373,430,430000.00,315000.00,430000.00,115000.00,0.00,0.00,NULL,'pending',1,NULL,NULL,NULL,NULL,NULL,'2026-05-08',NULL,'2026-05-08 10:20:44','2026-05-22 12:19:37'),(372,65,'Hidaya M Sononga','0654052888','Fatuma Mussah Sononga','792665949',255,430,430000.00,315000.00,430000.00,115000.00,0.00,0.00,NULL,'pending',1,NULL,NULL,NULL,NULL,NULL,'2026-05-08',NULL,'2026-05-08 10:20:53','2026-05-22 12:19:37'),(373,16,'Abubakari Mohamed','0742865792','Amani Said Peter','0765733742',1057,430,430000.00,315000.00,430000.00,115000.00,0.00,0.00,NULL,'pending',1,NULL,NULL,NULL,NULL,NULL,'2026-05-08',NULL,'2026-05-08 10:21:49','2026-05-22 12:19:37'),(374,57,'Remigiis Christopha','+255799582928','Fatuma Salumu','0718524367',682,430,430000.00,315000.00,430000.00,115000.00,0.00,0.00,NULL,'pending',1,NULL,NULL,NULL,NULL,NULL,'2026-05-08',NULL,'2026-05-08 10:29:30','2026-05-22 12:19:37'),(375,20,'Samweli Obedi Saimali','0745931713','Goodluck Robart Kivuyo','0679878268',345,430,430000.00,315000.00,430000.00,115000.00,0.00,0.00,NULL,'pending',1,NULL,NULL,NULL,NULL,NULL,'2026-05-08',NULL,'2026-05-08 10:40:22','2026-05-22 12:19:37'),(376,75,'Nelson Alfred Mang\'enya','0670722467','Alune Mwasamwanga','0710324300',577,430,430000.00,315000.00,430000.00,115000.00,0.00,0.00,NULL,'pending',1,NULL,NULL,NULL,NULL,NULL,'2026-05-08',NULL,'2026-05-08 11:02:53','2026-05-22 12:19:37'),(377,55,'Johari Jumanne Kihongoa','0684996062','Hafsa Salum Shabani','0760331354',375,430,430000.00,315000.00,430000.00,115000.00,0.00,0.00,NULL,'pending',1,NULL,NULL,NULL,NULL,NULL,'2026-05-08',NULL,'2026-05-08 11:22:11','2026-05-22 12:19:37'),(378,31,'Salma Shomari saidi','0754935303','Asha Omary','0713308095',306,430,430000.00,315000.00,430000.00,115000.00,0.00,0.00,NULL,'pending',1,NULL,NULL,NULL,NULL,NULL,'2026-05-08',NULL,'2026-05-08 11:36:45','2026-05-22 12:19:37'),(379,20,'Rachel Elibarik Malungu','+255746890581','Anna Charles Mussa','0652892192',348,430,430000.00,315000.00,430000.00,115000.00,0.00,0.00,NULL,'pending',1,NULL,NULL,NULL,NULL,NULL,'2026-05-08',NULL,'2026-05-08 11:46:07','2026-05-22 12:19:37'),(380,45,'Shukran Nelson Yohana','+255740449707','Anna Nelson Yohana','255795231252',688,430,430000.00,315000.00,430000.00,115000.00,0.00,0.00,NULL,'pending',1,NULL,NULL,NULL,NULL,NULL,'2026-05-08',NULL,'2026-05-08 12:05:15','2026-05-22 12:19:37'),(381,26,'Wilhem Peter Salehe','0715920634','Laiton  James Chombo','0714074068',721,430,430000.00,315000.00,430000.00,115000.00,0.00,0.00,NULL,'pending',1,NULL,NULL,NULL,NULL,NULL,'2026-05-08',NULL,'2026-05-08 12:10:24','2026-05-22 12:19:37'),(382,57,'Adam Mbonde','+255689709561','Aisha Ally','0755986349',619,430,430000.00,315000.00,430000.00,115000.00,0.00,0.00,NULL,'pending',1,NULL,NULL,NULL,NULL,NULL,'2026-05-08',NULL,'2026-05-08 12:19:31','2026-05-22 12:19:37'),(383,25,'James E Milanzi','0755640606','ZainabuS Abdallah','0651982508',553,430,430000.00,315000.00,430000.00,115000.00,0.00,0.00,NULL,'pending',1,NULL,NULL,NULL,NULL,NULL,'2026-05-08',NULL,'2026-05-08 12:23:12','2026-05-22 12:19:37'),(384,28,'Salha Kondo Masanjara','0663714652','Shakira Hamisi Kondo','0774228104',647,430,430000.00,315000.00,430000.00,115000.00,0.00,0.00,NULL,'pending',1,NULL,NULL,NULL,NULL,NULL,'2026-05-08',NULL,'2026-05-08 12:26:46','2026-05-22 12:19:37'),(385,40,'Agireus Egid Tirenda','0742627285','Refa David Tirenda','0637791149',394,430,430000.00,315000.00,430000.00,115000.00,0.00,0.00,NULL,'pending',1,NULL,NULL,NULL,NULL,NULL,'2026-05-08',NULL,'2026-05-08 12:35:05','2026-05-22 12:19:37'),(386,65,'Mussa Abdallah Nyawaminza','+255673494293','Bahati Juma Mkwinza','0712633821',258,430,430000.00,315000.00,430000.00,115000.00,0.00,0.00,NULL,'pending',1,NULL,NULL,NULL,NULL,NULL,'2026-05-08',NULL,'2026-05-08 12:46:27','2026-05-22 12:19:37'),(387,37,'Robert Dioniz Damas','0757313800','Laheli Isaka','0764835489',1062,430,430000.00,315000.00,430000.00,115000.00,0.00,0.00,NULL,'pending',1,NULL,NULL,NULL,NULL,NULL,'2026-05-08',NULL,'2026-05-08 12:55:58','2026-05-22 12:19:37'),(388,75,'Ally Karim Ally','0780221553','Juma Salvatory Ambrose','0783548982',717,430,430000.00,315000.00,430000.00,115000.00,0.00,0.00,NULL,'pending',1,NULL,NULL,NULL,NULL,NULL,'2026-05-08',NULL,'2026-05-08 12:57:53','2026-05-22 12:19:37'),(389,75,'Jumanne Mwarami Juma','0710122212','Ibrahim Juma Selemani','0655791788',1085,430,430000.00,315000.00,430000.00,115000.00,0.00,0.00,NULL,'pending',1,NULL,NULL,NULL,NULL,NULL,'2026-05-08',NULL,'2026-05-08 13:00:05','2026-05-22 12:19:38'),(390,75,'Ibrahim Kondo Bilo','0650526308','Juma Mohamed Juma','0764223474',709,430,430000.00,315000.00,430000.00,115000.00,0.00,0.00,NULL,'pending',1,NULL,NULL,NULL,NULL,NULL,'2026-05-08',NULL,'2026-05-08 13:02:20','2026-05-22 12:19:38'),(391,84,'Mages Emanueli','0785852674','Emanueli Son','0797346682',1044,430,430000.00,315000.00,430000.00,115000.00,0.00,0.00,NULL,'pending',1,NULL,NULL,NULL,NULL,NULL,'2026-05-08',NULL,'2026-05-08 13:15:08','2026-05-22 12:19:38'),(392,31,'Christina A john','0765171568','Asdory John','0716221146',308,430,430000.00,315000.00,430000.00,115000.00,0.00,0.00,NULL,'pending',1,NULL,NULL,NULL,NULL,NULL,'2026-05-08',NULL,'2026-05-08 13:27:32','2026-05-22 12:19:38'),(393,16,'Daud Lugambila','0798948271','Kasta Shija Rutobola','0770647932',1055,430,430000.00,315000.00,430000.00,115000.00,0.00,0.00,NULL,'pending',1,NULL,NULL,NULL,NULL,NULL,'2026-05-08',NULL,'2026-05-08 13:33:38','2026-05-22 12:19:38'),(394,20,'Mikidadi Hamadi Maisha','0756606262','Magret Macha Bazili','0678205370',74,430,430000.00,315000.00,430000.00,115000.00,0.00,0.00,NULL,'pending',1,NULL,NULL,NULL,NULL,NULL,'2026-05-08',NULL,'2026-05-08 13:40:03','2026-05-22 12:19:38'),(395,34,'Tina J Msabaha','+255799360644','Salama Mafuzi Mkalomba','688686240',716,430,430000.00,315000.00,430000.00,115000.00,0.00,0.00,NULL,'pending',1,NULL,NULL,NULL,NULL,NULL,'2026-05-08',NULL,'2026-05-08 14:15:27','2026-05-22 12:19:38'),(396,45,'Doreen V Maadila','0789052650','patrick msimbe','0678786898',694,430,430000.00,315000.00,430000.00,115000.00,0.00,0.00,NULL,'pending',1,NULL,NULL,NULL,NULL,NULL,'2026-05-08',NULL,'2026-05-08 14:19:25','2026-05-22 12:19:38'),(397,75,'Frank Prosper Kunambi','0797 636300','Grace Alfonce Joseph','0651 720765',1073,430,430000.00,315000.00,430000.00,115000.00,0.00,0.00,NULL,'pending',1,NULL,NULL,NULL,NULL,NULL,'2026-05-08',NULL,'2026-05-08 14:45:42','2026-05-22 12:19:38'),(398,45,'Paulina J Henry','+255674910260','Anna J Henry','0762132120',705,430,430000.00,315000.00,430000.00,115000.00,0.00,0.00,NULL,'pending',1,NULL,NULL,NULL,NULL,NULL,'2026-05-08',NULL,'2026-05-08 14:58:30','2026-05-22 12:19:38'),(399,57,'Claud Sabaya','+255749412944','Mwajuma Sabaya','0623435227',1039,430,430000.00,315000.00,430000.00,115000.00,0.00,0.00,NULL,'pending',1,NULL,NULL,NULL,NULL,NULL,'2026-05-08',NULL,'2026-05-08 15:01:02','2026-05-22 12:19:38'),(400,31,'Saidi K hassani','0664199277','Fatuma Ally','0773485607',301,430,430000.00,315000.00,430000.00,115000.00,0.00,0.00,NULL,'pending',1,NULL,NULL,NULL,NULL,NULL,'2026-05-08',NULL,'2026-05-08 15:04:59','2026-05-22 12:19:38'),(401,27,'Sharifa Ismaili Msuya','0656621566','Saumu Mussa Mbaga','0716607475',1070,430,430000.00,315000.00,430000.00,115000.00,0.00,0.00,NULL,'pending',1,NULL,NULL,NULL,NULL,NULL,'2026-05-08',NULL,'2026-05-08 15:10:40','2026-05-22 12:19:38'),(402,52,'Joseph Warioba','741458048','Irene Jarome Kisoka','741559619',587,430,430000.00,315000.00,430000.00,115000.00,0.00,0.00,NULL,'pending',1,NULL,NULL,NULL,NULL,NULL,'2026-05-08',NULL,'2026-05-08 15:18:55','2026-05-22 12:19:38'),(403,26,'Ally Gasige Mafuru','0768840880','Zaituni Manyaki Kitera','0755972078',718,430,430000.00,315000.00,430000.00,115000.00,0.00,0.00,NULL,'pending',1,NULL,NULL,NULL,NULL,NULL,'2026-05-08',NULL,'2026-05-08 15:25:34','2026-05-22 12:19:38'),(404,57,'Anna Athumani','0711775535','Zainabu Mhando','0675696085',1031,430,430000.00,315000.00,430000.00,115000.00,0.00,0.00,NULL,'pending',1,NULL,NULL,NULL,NULL,NULL,'2026-05-08',NULL,'2026-05-08 15:33:37','2026-05-22 12:19:38'),(405,37,'Kasanga Nicolius Kapeji','0792740607','Jeneroza Bandoma','0679757110',1012,430,430000.00,315000.00,430000.00,115000.00,0.00,0.00,NULL,'pending',1,NULL,NULL,NULL,NULL,NULL,'2026-05-08',NULL,'2026-05-08 15:36:44','2026-05-22 12:19:38'),(406,54,'Fadhili Shaibu Lisulile','0689508259','Iddi Omary','0698627518',625,430,430000.00,315000.00,430000.00,115000.00,0.00,0.00,NULL,'pending',1,NULL,NULL,NULL,NULL,NULL,'2026-05-08',NULL,'2026-05-08 15:44:05','2026-05-22 12:19:38'),(407,57,'Khamisi Salumu','0753044584','Zaina Hamisi','0653218793',669,430,430000.00,315000.00,430000.00,115000.00,0.00,0.00,NULL,'pending',1,NULL,NULL,NULL,NULL,NULL,'2026-05-08',NULL,'2026-05-08 16:04:04','2026-05-22 12:19:38'),(408,16,'Baraka Mwalukasa','0752989453','Sabra Ramadhan Athuman','0768068817',135,430,430000.00,315000.00,430000.00,115000.00,0.00,0.00,NULL,'pending',1,NULL,NULL,NULL,NULL,NULL,'2026-05-08',NULL,'2026-05-08 16:06:04','2026-05-22 12:19:38'),(409,55,'Saida Saleh Saidi','0719845361','Hashimu Fomao Mohammed','0717212670',1081,430,430000.00,315000.00,430000.00,115000.00,0.00,0.00,NULL,'pending',1,NULL,NULL,NULL,NULL,NULL,'2026-05-08',NULL,'2026-05-08 16:15:08','2026-05-22 12:19:38'),(410,57,'Mohammed Saidi','0784911062','Maantumu Saidi','0713309165',673,430,430000.00,315000.00,430000.00,115000.00,0.00,0.00,NULL,'pending',1,NULL,NULL,NULL,NULL,NULL,'2026-05-08',NULL,'2026-05-08 16:20:51','2026-05-22 12:19:38'),(411,27,'Sharifa Ismaili Msuya','0656621566','Saumu Mussa Mbaga','07116607475',1080,430,430000.00,315000.00,430000.00,115000.00,0.00,0.00,NULL,'pending',1,NULL,NULL,NULL,NULL,NULL,'2026-05-08',NULL,'2026-05-08 16:30:21','2026-05-22 12:19:38'),(412,57,'Rehema Masinga','0740044727','Irene Teu','0684444348',679,430,430000.00,315000.00,430000.00,115000.00,0.00,0.00,NULL,'pending',1,NULL,NULL,NULL,NULL,NULL,'2026-05-08',NULL,'2026-05-08 16:37:37','2026-05-22 12:19:38'),(413,30,'Habiba A Mzee','0752175565','Iyana Salum Leguta','0750680909',616,430,430000.00,315000.00,430000.00,115000.00,0.00,0.00,NULL,'pending',1,NULL,NULL,NULL,NULL,NULL,'2026-05-08',NULL,'2026-05-08 16:54:17','2026-05-22 12:19:38'),(414,57,'Nassoro Chaula','0753256226','Zaharia Hussein','0699503011',671,430,430000.00,315000.00,430000.00,115000.00,0.00,0.00,NULL,'pending',1,NULL,NULL,NULL,NULL,NULL,'2026-05-08',NULL,'2026-05-08 16:55:07','2026-05-22 12:19:38'),(415,34,'Nuru C Mabula','+255777409864','Naira Abuu Msabaha','750680909',722,430,430000.00,315000.00,430000.00,115000.00,0.00,0.00,NULL,'pending',1,NULL,NULL,NULL,NULL,NULL,'2026-05-08',NULL,'2026-05-08 16:55:30','2026-05-22 12:19:38'),(416,50,'Godwin Michael Mgaza','0787749486','Isaac Thadei Kivugo','0654333351',536,430,430000.00,315000.00,430000.00,115000.00,0.00,0.00,NULL,'pending',1,NULL,NULL,NULL,NULL,NULL,'2026-05-08',NULL,'2026-05-08 17:05:52','2026-05-22 12:19:38'),(417,54,'Hassan Athumani Omary','0683964881','Japhet Mathayo','0778951414',607,430,430000.00,315000.00,430000.00,115000.00,0.00,0.00,NULL,'pending',1,NULL,NULL,NULL,NULL,NULL,'2026-05-08',NULL,'2026-05-08 17:07:17','2026-05-22 12:19:38'),(418,57,'Ediga Ihali','0789930425','Aulath Kalisa','0782640103',668,430,430000.00,315000.00,430000.00,115000.00,0.00,0.00,NULL,'pending',1,NULL,NULL,NULL,NULL,NULL,'2026-05-08',NULL,'2026-05-08 17:20:47','2026-05-22 12:19:38'),(419,65,'Kuruthum J Mbelwa','0637829268','Baliatu Haruna Juma','740414220',248,430,430000.00,315000.00,430000.00,115000.00,0.00,0.00,NULL,'pending',1,NULL,NULL,NULL,NULL,NULL,'2026-05-08',NULL,'2026-05-08 17:54:54','2026-05-22 12:19:38'),(420,45,'Mihwela Chitambala Shomi','+255680313650','Juma Chitambala Shomi','255762312121',620,430,430000.00,315000.00,430000.00,115000.00,0.00,0.00,NULL,'pending',1,NULL,NULL,NULL,NULL,NULL,'2026-05-08',NULL,'2026-05-08 17:55:07','2026-05-22 12:19:38'),(421,65,'Mwanahawa Bohari Mwinyimvua','0740414220','Baliata Haruna','0637829268',252,430,430000.00,315000.00,430000.00,115000.00,0.00,0.00,NULL,'pending',1,NULL,NULL,NULL,NULL,NULL,'2026-05-08',NULL,'2026-05-08 17:58:51','2026-05-22 12:19:38'),(422,45,'Bonephace Leopord Nchwamba','+255797910338','Juma Leopord Nchwamba','255762366961',617,430,430000.00,315000.00,430000.00,115000.00,0.00,0.00,NULL,'pending',1,NULL,NULL,NULL,NULL,NULL,'2026-05-08',NULL,'2026-05-08 18:02:54','2026-05-22 12:19:38'),(423,65,'Mwatabu Abdallah Salum','0785686017','Maimuna Said Rashid','0655108622',254,430,430000.00,315000.00,430000.00,115000.00,0.00,0.00,NULL,'pending',1,NULL,NULL,NULL,NULL,NULL,'2026-05-08',NULL,'2026-05-08 18:12:24','2026-05-22 12:19:38'),(424,25,'Daniel M Dimongo','0790244044','Mariam A Ibrahim','0782760429',552,430,430000.00,315000.00,430000.00,115000.00,0.00,0.00,NULL,'pending',1,NULL,NULL,NULL,NULL,NULL,'2026-05-08',NULL,'2026-05-08 18:21:32','2026-05-22 12:19:38'),(425,57,'Juma Abdi','+255653037551','Saidi Kamaka','0759442282',675,430,430000.00,315000.00,430000.00,115000.00,0.00,0.00,NULL,'pending',1,NULL,NULL,NULL,NULL,NULL,'2026-05-08',NULL,'2026-05-08 18:25:31','2026-05-22 12:19:38'),(426,57,'Restidia Fyla','+255789044263','Halima Juma','0699503013',1033,430,430000.00,315000.00,430000.00,115000.00,0.00,0.00,NULL,'pending',1,NULL,NULL,NULL,NULL,NULL,'2026-05-08',NULL,'2026-05-08 18:44:23','2026-05-22 12:19:38'),(427,55,'Rifado Yolam Ngagi','0750728673','Christianity Williamu Kagoma','0680171729',1083,430,430000.00,315000.00,430000.00,115000.00,0.00,0.00,NULL,'pending',1,NULL,NULL,NULL,NULL,NULL,'2026-05-09',NULL,'2026-05-09 05:30:24','2026-05-22 12:19:38'),(428,65,'Upendo A Mbalinga','0745555097','Daudi Albati Agustino','0740426022',263,430,430000.00,315000.00,430000.00,115000.00,0.00,0.00,NULL,'pending',1,NULL,NULL,NULL,NULL,NULL,'2026-05-09',NULL,'2026-05-09 07:59:18','2026-05-22 12:19:38'),(429,26,'Robert Eliud Foya','0788927290','Magreth Ones Mwasulama','0763284404',1074,430,430000.00,315000.00,430000.00,115000.00,0.00,0.00,NULL,'pending',1,NULL,NULL,NULL,NULL,NULL,'2026-05-09',NULL,'2026-05-09 08:02:38','2026-05-22 12:19:38'),(430,55,'Chrispin William Kagoma','0770029708','Abeud Patric Kapechi','0750728673',602,430,430000.00,315000.00,430000.00,115000.00,0.00,0.00,NULL,'pending',1,NULL,NULL,NULL,NULL,NULL,'2026-05-09',NULL,'2026-05-09 09:10:19','2026-05-22 12:19:38'),(431,17,'Heriel Mbise','0750312709','Esther Alexander Ayo','0711551499',1045,430,430000.00,315000.00,430000.00,115000.00,0.00,0.00,NULL,'pending',1,NULL,NULL,NULL,NULL,NULL,'2026-05-09',NULL,'2026-05-09 09:41:38','2026-05-22 12:19:38'),(432,25,'Laura H Kidinga','0757530909','Pili A Kitambulio','0702875714',578,430,430000.00,315000.00,430000.00,115000.00,0.00,0.00,NULL,'pending',1,NULL,NULL,NULL,NULL,NULL,'2026-05-09',NULL,'2026-05-09 09:42:46','2026-05-22 12:19:38'),(433,73,'Valary Triza Magiri','0773426704','Velinder Caren Anyango','0743281427',212,430,430000.00,315000.00,430000.00,115000.00,0.00,0.00,NULL,'pending',1,NULL,NULL,NULL,NULL,NULL,'2026-05-09',NULL,'2026-05-09 10:06:51','2026-05-22 12:19:38'),(434,31,'Frola Fabian Sulle','0656713585','Yunis','0799521282',307,430,430000.00,315000.00,430000.00,115000.00,0.00,0.00,NULL,'pending',1,NULL,NULL,NULL,NULL,NULL,'2026-05-09',NULL,'2026-05-09 10:15:29','2026-05-22 12:19:38'),(435,52,'Zawadi Kutusha','747164665','Nuru Juma Ramadhan','670887485',1076,430,430000.00,315000.00,430000.00,115000.00,0.00,0.00,NULL,'pending',1,NULL,NULL,NULL,NULL,NULL,'2026-05-09',NULL,'2026-05-09 10:37:20','2026-05-22 12:19:38'),(436,75,'Ibrahim Salehe Juma','0793597488','Jumanne Mwarami Juma','0710122212',597,430,430000.00,315000.00,430000.00,115000.00,0.00,0.00,NULL,'pending',1,NULL,NULL,NULL,NULL,NULL,'2026-05-09',NULL,'2026-05-09 10:51:41','2026-05-22 12:19:38'),(437,39,'Julius S Mshumbus','0717641212','James Simion Mshumbus','0795867837',49,430,430000.00,315000.00,430000.00,115000.00,0.00,0.00,NULL,'pending',1,NULL,NULL,NULL,NULL,NULL,'2026-05-09',NULL,'2026-05-09 10:56:42','2026-05-22 12:19:38'),(438,56,'Riziwani I Said','0695955087','Mwajabu Zahoro Saidi','0746323316',1086,430,430000.00,315000.00,430000.00,115000.00,0.00,0.00,NULL,'pending',1,NULL,NULL,NULL,NULL,NULL,'2026-05-09',NULL,'2026-05-09 11:45:13','2026-05-22 12:19:38'),(439,37,'Bahati Joseph Lusobanginja','0787010575','Frola Simon','0618799916',1063,430,430000.00,315000.00,430000.00,115000.00,0.00,0.00,NULL,'pending',1,NULL,NULL,NULL,NULL,NULL,'2026-05-09',NULL,'2026-05-09 11:59:21','2026-05-22 12:19:38'),(440,31,'George T massawe','0662892450','Latifa Salm','0794414038',595,430,430000.00,315000.00,430000.00,115000.00,0.00,0.00,NULL,'pending',1,NULL,NULL,NULL,NULL,NULL,'2026-05-09',NULL,'2026-05-09 12:38:11','2026-05-22 12:19:38'),(441,25,'Laura H Kiding\'a','0757530909','Pili A Kitambulio','0702875714',550,430,430000.00,315000.00,430000.00,115000.00,0.00,0.00,NULL,'pending',1,NULL,NULL,NULL,NULL,NULL,'2026-05-09',NULL,'2026-05-09 12:46:25','2026-05-22 12:19:38'),(442,17,'Bageni Kichonge Mwita','0745163537','Kichonge Mwita Maswi','0756038021',1046,430,430000.00,315000.00,430000.00,115000.00,0.00,0.00,NULL,'pending',1,NULL,NULL,NULL,NULL,NULL,'2026-05-09',NULL,'2026-05-09 13:19:15','2026-05-22 12:19:38'),(443,20,'Shabani S Shabani','0775557237','Hadija Diwani Mwangile','0679207799',1098,430,430000.00,315000.00,430000.00,115000.00,0.00,0.00,NULL,'pending',1,NULL,NULL,NULL,NULL,NULL,'2026-05-09',NULL,'2026-05-09 13:28:09','2026-05-22 12:19:38'),(444,20,'Juma Idrisa Ismail','+255698597329','Sauda Juma Msalu','0692819001',1099,430,430000.00,315000.00,430000.00,115000.00,0.00,0.00,NULL,'pending',1,NULL,NULL,NULL,NULL,NULL,'2026-05-09',NULL,'2026-05-09 13:54:09','2026-05-22 12:19:38'),(445,28,'Matendo Joel Gabo','0796108850','Malisian Shabati Bisangwa','0611021860',560,430,430000.00,315000.00,430000.00,115000.00,0.00,0.00,NULL,'pending',1,NULL,NULL,NULL,NULL,NULL,'2026-05-09',NULL,'2026-05-09 14:04:11','2026-05-22 12:19:38'),(446,58,'Mohamed H Husseni','0696575503','Elina Silihausi Chakupewa','0778154902',48,430,430000.00,315000.00,430000.00,115000.00,0.00,0.00,NULL,'pending',1,NULL,NULL,NULL,NULL,NULL,'2026-05-09',NULL,'2026-05-09 14:20:19','2026-05-22 12:19:38'),(447,45,'Francis Bornface Mwaja','+255778457695','Juma Bornface Mwaja','255624580512',624,430,430000.00,315000.00,430000.00,115000.00,0.00,0.00,NULL,'pending',1,NULL,NULL,NULL,NULL,NULL,'2026-05-09',NULL,'2026-05-09 14:46:19','2026-05-22 12:19:38'),(448,35,'Masha Kondo Sulutani','+255770737913','Amina Athumani','0773633448',1096,430,430000.00,315000.00,430000.00,115000.00,0.00,0.00,NULL,'pending',1,NULL,NULL,NULL,NULL,NULL,'2026-05-09',NULL,'2026-05-09 14:55:33','2026-05-22 12:19:38'),(449,35,'Arafa H Ndago','+255662028652','Amina amosi','0683997226',1097,430,430000.00,315000.00,430000.00,115000.00,0.00,0.00,NULL,'pending',1,NULL,NULL,NULL,NULL,NULL,'2026-05-09',NULL,'2026-05-09 14:57:11','2026-05-22 12:19:38'),(450,63,'suzana gesenda chacha','0761604089','zawadi George','0678703736',1066,430,430000.00,315000.00,430000.00,115000.00,0.00,0.00,NULL,'pending',1,NULL,NULL,NULL,NULL,NULL,'2026-05-09',NULL,'2026-05-09 15:03:00','2026-05-22 12:19:38'),(451,57,'Juma Nyakongo','0691165009','Adam Nyakongo','0635633345',1028,430,430000.00,315000.00,430000.00,115000.00,0.00,0.00,NULL,'pending',1,NULL,NULL,NULL,NULL,NULL,'2026-05-09',NULL,'2026-05-09 15:07:02','2026-05-22 12:19:38'),(452,57,'Benjamini Kisibo','0779251376','Isak Lyaruu','0659433191',672,430,430000.00,315000.00,430000.00,115000.00,0.00,0.00,NULL,'pending',1,NULL,NULL,NULL,NULL,NULL,'2026-05-09',NULL,'2026-05-09 15:09:21','2026-05-22 12:19:39'),(453,25,'Elizabeth C Mbawala','0666083435','Nelson J Mwambuli','0770300381',572,430,430000.00,315000.00,430000.00,115000.00,0.00,0.00,NULL,'pending',1,NULL,NULL,NULL,NULL,NULL,'2026-05-09',NULL,'2026-05-09 15:25:36','2026-05-22 12:19:39'),(454,30,'Sadiki Mohamed Zohoro','0665323038','Sakina Mohamed Zahoro','0702483383',615,430,430000.00,315000.00,430000.00,115000.00,0.00,0.00,NULL,'pending',1,NULL,NULL,NULL,NULL,NULL,'2026-05-09',NULL,'2026-05-09 15:46:10','2026-05-22 12:19:39'),(455,57,'Khalfani Mrope','0687209736','Halima Hoseni','0674141478',684,430,430000.00,315000.00,430000.00,115000.00,0.00,0.00,NULL,'pending',1,NULL,NULL,NULL,NULL,NULL,'2026-05-09',NULL,'2026-05-09 15:55:57','2026-05-22 12:19:39'),(456,35,'Maimuna M Issa','+255678984266','Sikuzani Athumani','0767536604',1026,430,430000.00,315000.00,430000.00,115000.00,0.00,0.00,NULL,'pending',1,NULL,NULL,NULL,NULL,NULL,'2026-05-09',NULL,'2026-05-09 15:56:39','2026-05-22 12:19:39'),(457,57,'Reonald Tarimo','+255682965335','Jalia Ndumi','0685324876',1036,430,430000.00,315000.00,430000.00,115000.00,0.00,0.00,NULL,'pending',1,NULL,NULL,NULL,NULL,NULL,'2026-05-09',NULL,'2026-05-09 16:01:17','2026-05-22 12:19:39'),(458,58,'Selemani B Bukoro','0775771428','Alfani Omari Shabani','0779438958',698,430,430000.00,315000.00,430000.00,115000.00,0.00,0.00,NULL,'pending',1,NULL,NULL,NULL,NULL,NULL,'2026-05-09',NULL,'2026-05-09 16:22:59','2026-05-22 12:19:39'),(459,65,'Mohamed H Abdallah','0659536704','Stanly Jakobo','0693803784',253,430,430000.00,315000.00,430000.00,115000.00,0.00,0.00,NULL,'pending',1,NULL,NULL,NULL,NULL,NULL,'2026-05-09',NULL,'2026-05-09 16:35:43','2026-05-22 12:19:39'),(460,40,'Malesiana Masorwa Lugata','0683954489','Yohana Masorwa Lugata','0697591060',1093,430,430000.00,315000.00,430000.00,115000.00,0.00,0.00,NULL,'pending',1,NULL,NULL,NULL,NULL,NULL,'2026-05-09',NULL,'2026-05-09 16:57:23','2026-05-22 12:19:39'),(461,31,'Shiko M kimzei','0663208310','Laiza','0665649094',591,430,430000.00,315000.00,430000.00,115000.00,0.00,0.00,NULL,'pending',1,NULL,NULL,NULL,NULL,NULL,'2026-05-09',NULL,'2026-05-09 17:00:13','2026-05-22 12:19:39'),(462,57,'Mboneri Mzava','+255657305171','Nabir Seiph','0694343855',1025,430,430000.00,315000.00,430000.00,115000.00,0.00,0.00,NULL,'pending',1,NULL,NULL,NULL,NULL,NULL,'2026-05-09',NULL,'2026-05-09 17:04:22','2026-05-22 12:19:39'),(463,57,'Siri Mohammed','+255692904875','Juma Sultani','0793229932',1023,430,430000.00,315000.00,430000.00,115000.00,0.00,0.00,NULL,'pending',1,NULL,NULL,NULL,NULL,NULL,'2026-05-09',NULL,'2026-05-09 17:13:51','2026-05-22 12:19:39'),(464,17,'Kaswamira Paulo','0746058897','Veronica Paulo Ekingo','0758965248',1015,430,430000.00,315000.00,430000.00,115000.00,0.00,0.00,NULL,'pending',1,NULL,NULL,NULL,NULL,NULL,'2026-05-09',NULL,'2026-05-09 17:42:01','2026-05-22 12:19:39'),(465,53,'Fatuma K Juma','0617083686','Mwajuma Athumani',NULL,580,430,430000.00,315000.00,430000.00,115000.00,0.00,0.00,NULL,'pending',1,NULL,NULL,NULL,NULL,NULL,'2026-05-09',NULL,'2026-05-09 17:50:13','2026-05-22 12:19:39'),(466,25,'Othman N Musa','0763020505','Issa M Saidi','0795810750',566,430,430000.00,315000.00,430000.00,115000.00,0.00,0.00,NULL,'pending',1,NULL,NULL,NULL,NULL,NULL,'2026-05-09',NULL,'2026-05-09 18:07:49','2026-05-22 12:19:39'),(467,50,'Shafi Ramadhani Omary','0666251300','Nesphory Laurent Mnhara','0776080228',209,430,430000.00,315000.00,430000.00,115000.00,0.00,0.00,NULL,'pending',1,NULL,NULL,NULL,NULL,NULL,'2026-05-09',NULL,'2026-05-09 18:12:21','2026-05-22 12:19:39'),(468,57,'Joshua Mmbando','+255784080041','Hashim Mhuto','0653241578',1030,430,430000.00,315000.00,430000.00,115000.00,0.00,0.00,NULL,'pending',1,NULL,NULL,NULL,NULL,NULL,'2026-05-09',NULL,'2026-05-09 18:37:30','2026-05-22 12:19:39'),(469,37,'Mwalami Maulidi Mussa','0656865617','Anna Mussa','0693475844',1089,430,430000.00,315000.00,430000.00,115000.00,0.00,0.00,NULL,'pending',1,NULL,NULL,NULL,NULL,NULL,'2026-05-10',NULL,'2026-05-10 07:09:41','2026-05-22 12:19:39'),(470,63,'shija yegela maganga','0759863158','jonas juma lucas','0756990727',1050,430,430000.00,315000.00,430000.00,115000.00,0.00,0.00,NULL,'pending',1,NULL,NULL,NULL,NULL,NULL,'2026-05-10',NULL,'2026-05-10 08:34:18','2026-05-22 12:19:39'),(471,34,'Simon L Tsuut','+255790238968','Teodosia Laulenti Tsuut','783273278',707,430,430000.00,315000.00,430000.00,115000.00,0.00,0.00,NULL,'pending',1,NULL,NULL,NULL,NULL,NULL,'2026-05-10',NULL,'2026-05-10 09:14:29','2026-05-22 12:19:39'),(472,26,'Fredy Agustino Makombe','0755091212','Lusia Julius Mtera','0763290399',711,430,430000.00,315000.00,430000.00,115000.00,0.00,0.00,NULL,'pending',1,NULL,NULL,NULL,NULL,NULL,'2026-05-10',NULL,'2026-05-10 09:18:40','2026-05-22 12:19:39'),(473,37,'Elias Lukasi Lusalang\'anya','0768299698','Laheri Makoye','0651151552',1090,430,430000.00,315000.00,430000.00,115000.00,0.00,0.00,NULL,'pending',1,NULL,NULL,NULL,NULL,NULL,'2026-05-10',NULL,'2026-05-10 09:24:59','2026-05-22 12:19:39'),(474,16,'Denis Tarimo','0702439669','Jenifer David Tarimo','0657721191',1058,430,430000.00,315000.00,430000.00,115000.00,0.00,0.00,NULL,'pending',1,NULL,NULL,NULL,NULL,NULL,'2026-05-10',NULL,'2026-05-10 10:15:55','2026-05-22 12:19:39'),(475,25,'Paulo  I Chedego','0757381976','Paulo E Chidego','0713876563',564,430,430000.00,315000.00,430000.00,115000.00,0.00,0.00,NULL,'pending',1,NULL,NULL,NULL,NULL,NULL,'2026-05-10',NULL,'2026-05-10 10:23:09','2026-05-22 12:19:39'),(476,25,'Salma H Jafari','0795941514','Amina A Saidi','0627393320',634,430,430000.00,315000.00,430000.00,115000.00,0.00,0.00,NULL,'pending',1,NULL,NULL,NULL,NULL,NULL,'2026-05-10',NULL,'2026-05-10 11:25:56','2026-05-22 12:19:39'),(477,49,'Anastazia A Ngalewa','0783326862','Loveness Adam Ngalewa','0657524988',1100,430,430000.00,315000.00,430000.00,115000.00,0.00,0.00,NULL,'pending',1,NULL,NULL,NULL,NULL,NULL,'2026-05-10',NULL,'2026-05-10 11:32:03','2026-05-22 12:19:39'),(478,34,'Baraka J Mchele','+255791474058','Kelvin Costantin Bunzari',NULL,713,430,430000.00,315000.00,430000.00,115000.00,0.00,0.00,NULL,'pending',1,NULL,NULL,NULL,NULL,NULL,'2026-05-10',NULL,'2026-05-10 12:12:40','2026-05-22 12:19:39'),(479,37,'Nassoro Habuibu Msonge','0796152990','Maridadi Jackison','0698749581',1013,430,430000.00,315000.00,430000.00,115000.00,0.00,0.00,NULL,'pending',1,NULL,NULL,NULL,NULL,NULL,'2026-05-10',NULL,'2026-05-10 12:16:08','2026-05-22 12:19:39'),(480,26,'Asia Alex Samwe','0662668408','Asha Juma Luwilo','0670334515',598,430,430000.00,315000.00,430000.00,115000.00,0.00,0.00,NULL,'pending',1,NULL,NULL,NULL,NULL,NULL,'2026-05-10',NULL,'2026-05-10 12:36:33','2026-05-22 12:19:39'),(481,63,'mussa maulid dunga','0759064567','leonard alex','0769119562',1051,430,430000.00,315000.00,430000.00,115000.00,0.00,0.00,NULL,'pending',1,NULL,NULL,NULL,NULL,NULL,'2026-05-10',NULL,'2026-05-10 12:39:23','2026-05-22 12:19:39'),(482,35,'Pili S Maulidi','+255666434566','Hamis abdallah','+255787372313',1021,430,430000.00,315000.00,430000.00,115000.00,0.00,0.00,NULL,'pending',1,NULL,NULL,NULL,NULL,NULL,'2026-05-10',NULL,'2026-05-10 13:01:10','2026-05-22 12:19:39'),(483,58,'Fatuma T Mligo','0684618012','Mellina Staniel Daudi','0766870903',702,430,430000.00,315000.00,430000.00,115000.00,0.00,0.00,NULL,'pending',1,NULL,NULL,NULL,NULL,NULL,'2026-05-10',NULL,'2026-05-10 13:05:09','2026-05-22 12:19:39'),(484,57,'Michael Ndege','+255783206220','Zaina Rashidi','0716203654',678,430,430000.00,315000.00,430000.00,115000.00,0.00,0.00,NULL,'pending',1,NULL,NULL,NULL,NULL,NULL,'2026-05-10',NULL,'2026-05-10 13:43:57','2026-05-22 12:19:39'),(485,31,'Gabriel Cyriakus Mapunda','0679087307','Peter Patrick','0788385888',594,430,430000.00,315000.00,430000.00,115000.00,0.00,0.00,NULL,'pending',1,NULL,NULL,NULL,NULL,NULL,'2026-05-10',NULL,'2026-05-10 13:48:20','2026-05-22 12:19:39'),(486,54,'Elizabeth Brai Syekeye','0663914704','Hamissi Tofa','0623646445',687,430,430000.00,315000.00,430000.00,115000.00,0.00,0.00,NULL,'pending',1,NULL,NULL,NULL,NULL,NULL,'2026-05-10',NULL,'2026-05-10 14:08:39','2026-05-22 12:19:39'),(487,84,'Gerald Paul Joseph','0656604119','Agnes Jacob','0747075818',1041,430,430000.00,315000.00,430000.00,115000.00,0.00,0.00,NULL,'pending',1,NULL,NULL,NULL,NULL,NULL,'2026-05-10',NULL,'2026-05-10 14:13:15','2026-05-22 12:19:39'),(488,74,'Salma H Ally','+255799284543','Leilat iddi mchucha','0713326454',1069,430,430000.00,315000.00,430000.00,115000.00,0.00,0.00,NULL,'pending',1,NULL,NULL,NULL,NULL,NULL,'2026-05-10',NULL,'2026-05-10 14:28:45','2026-05-22 12:19:39'),(489,49,'Huruma Daudi Kachenke','0770114304','David Kitomali','0799002626',1101,430,430000.00,315000.00,430000.00,115000.00,0.00,0.00,NULL,'pending',1,NULL,NULL,NULL,NULL,NULL,'2026-05-10',NULL,'2026-05-10 14:39:42','2026-05-22 12:19:39'),(490,30,'Marko Henry Mgata','+255777087776','Tomas Chen Sadi','0791626704',103,430,430000.00,315000.00,430000.00,115000.00,0.00,0.00,NULL,'pending',1,NULL,NULL,NULL,NULL,NULL,'2026-05-10',NULL,'2026-05-10 15:00:26','2026-05-22 12:19:39'),(491,63,'marietha boniface simon','0754056739','Emmanuel john','0679516337',1109,430,430000.00,315000.00,430000.00,115000.00,0.00,0.00,NULL,'pending',1,NULL,NULL,NULL,NULL,NULL,'2026-05-11',NULL,'2026-05-11 08:45:55','2026-05-22 12:19:39'),(492,50,'Fadhili Said Kilegela',NULL,NULL,NULL,206,430,430000.00,315000.00,430000.00,115000.00,0.00,0.00,NULL,'pending',1,NULL,NULL,NULL,NULL,'[Converted from agent sale #6] Seller: Morris Erasto Kembo','2026-05-08',NULL,'2026-05-11 08:48:45','2026-05-22 12:19:39'),(493,35,'Abduli Halifa Juma','+255764615738','Clemence mbogela','+255685285272',1115,430,430000.00,315000.00,430000.00,115000.00,0.00,0.00,NULL,'pending',1,NULL,NULL,NULL,NULL,NULL,'2026-05-11',NULL,'2026-05-11 08:56:42','2026-05-22 12:19:39'),(494,17,'Mataba Magafu','0792064407','Gaudensia Salinga Emanuel','0756577827',1048,430,430000.00,315000.00,430000.00,115000.00,0.00,0.00,NULL,'pending',1,NULL,NULL,NULL,NULL,NULL,'2026-05-11',NULL,'2026-05-11 09:11:05','2026-05-22 12:19:39'),(495,40,'Bhoke Ngwiwa Chacha','0754516098','Chacha Joseph Majariwa','0665365655',184,430,430000.00,315000.00,430000.00,115000.00,0.00,0.00,NULL,'pending',1,NULL,NULL,NULL,NULL,NULL,'2026-05-11',NULL,'2026-05-11 09:12:08','2026-05-22 12:19:39'),(496,52,'Happy Chisanza','659446929','Abdallah Swalehe Mahanju','659220211',548,430,430000.00,315000.00,430000.00,115000.00,0.00,0.00,NULL,'pending',1,NULL,NULL,NULL,NULL,NULL,'2026-05-11',NULL,'2026-05-11 09:14:40','2026-05-22 12:19:39'),(497,16,'Regina Rugaimukama','0770261802','Elisha Gilbert Nganzi','0741261802',1056,430,430000.00,315000.00,430000.00,115000.00,0.00,0.00,NULL,'pending',1,NULL,NULL,NULL,NULL,NULL,'2026-05-11',NULL,'2026-05-11 09:45:45','2026-05-22 12:19:39'),(498,27,'Daniel S Alli','0718758054','Rajabu Juma Saidi','0611470877',715,430,430000.00,315000.00,430000.00,115000.00,0.00,0.00,NULL,'pending',1,NULL,NULL,NULL,NULL,NULL,'2026-05-11',NULL,'2026-05-11 09:51:05','2026-05-22 12:19:39'),(499,57,'Winlady Shao','0778168544','Emmanuel Kimaro','0677080507',1035,430,430000.00,315000.00,430000.00,115000.00,0.00,0.00,NULL,'pending',1,NULL,NULL,NULL,NULL,NULL,'2026-05-11',NULL,'2026-05-11 09:59:32','2026-05-22 12:19:39'),(500,20,'Salma Hemedi Hamad','+255783824165','Vumi Hemedi Kigoma','+255747301167',1124,430,430000.00,315000.00,430000.00,115000.00,0.00,0.00,NULL,'pending',1,NULL,NULL,NULL,NULL,NULL,'2026-05-11',NULL,'2026-05-11 10:05:47','2026-05-22 12:19:39'),(501,20,'Vumi Hemedi Kigoma','+255747301167','Salma Hemedi Hamadi','+255783824165',1125,430,430000.00,315000.00,430000.00,115000.00,0.00,0.00,NULL,'pending',1,NULL,NULL,NULL,NULL,NULL,'2026-05-11',NULL,'2026-05-11 10:06:28','2026-05-22 12:19:39'),(502,55,'Ramadhani Hidra Mohamed','0749012213','Samwel Emily Andrey','0781841529',1088,430,430000.00,315000.00,430000.00,115000.00,0.00,0.00,NULL,'pending',1,NULL,NULL,NULL,NULL,NULL,'2026-05-11',NULL,'2026-05-11 10:26:53','2026-05-22 12:19:39'),(503,53,'Khalfani Mohamed Kaungwa','0798657658','Esha Ghalib Riyan','0769888520',627,430,430000.00,315000.00,430000.00,115000.00,0.00,0.00,NULL,'pending',1,NULL,NULL,NULL,NULL,NULL,'2026-05-11',NULL,'2026-05-11 10:28:14','2026-05-22 12:19:39'),(504,66,'Irene Kilongola','0702503990','Aziza Mbaruku','779899083',584,430,430000.00,315000.00,430000.00,115000.00,0.00,0.00,NULL,'pending',1,NULL,NULL,NULL,NULL,NULL,'2026-05-11',NULL,'2026-05-11 10:31:36','2026-05-22 12:19:39'),(505,40,'Alex Rabson Buzumba','0799720998','Annastazia John Shija','0769854454',1094,430,430000.00,315000.00,430000.00,115000.00,0.00,0.00,NULL,'pending',1,NULL,NULL,NULL,NULL,NULL,'2026-05-11',NULL,'2026-05-11 10:33:08','2026-05-22 12:19:39'),(506,37,'Dickison William Bwire','0740071987','Rashidi Samike','0695508945',1113,430,430000.00,315000.00,430000.00,115000.00,0.00,0.00,NULL,'pending',1,NULL,NULL,NULL,NULL,NULL,'2026-05-11',NULL,'2026-05-11 10:57:49','2026-05-22 12:19:39'),(507,57,'Mariam Seguda','0657067836','Wema Mgaya','0745362546',1032,430,430000.00,315000.00,430000.00,115000.00,0.00,0.00,NULL,'pending',1,NULL,NULL,NULL,NULL,NULL,'2026-05-11',NULL,'2026-05-11 11:00:30','2026-05-22 12:19:39'),(508,35,'Subira Shukuru Ally','0685571067','Rahma Juma Sekize','0671769498',1034,430,430000.00,315000.00,430000.00,115000.00,0.00,0.00,NULL,'pending',1,NULL,NULL,NULL,NULL,NULL,'2026-05-11',NULL,'2026-05-11 11:07:31','2026-05-22 12:19:39'),(509,54,'Crinias Erasmus Rwakahaya','0693476704','Atanas Saimon','0686414245',484,430,430000.00,315000.00,430000.00,115000.00,0.00,0.00,NULL,'pending',1,NULL,NULL,NULL,NULL,NULL,'2026-05-11',NULL,'2026-05-11 11:14:46','2026-05-22 12:19:39'),(510,55,'Abihudi Peter Kapeche','0784702114','Chrispin William Kagoma','0770029708',1077,430,430000.00,315000.00,430000.00,115000.00,0.00,0.00,NULL,'pending',1,NULL,NULL,NULL,NULL,NULL,'2026-05-11',NULL,'2026-05-11 11:28:29','2026-05-22 12:19:39'),(511,75,'Hamisi Mwishehe Seif','0694467250','Hamisi Rashid Tandu','0797685656',1129,430,430000.00,315000.00,430000.00,115000.00,0.00,0.00,NULL,'pending',1,NULL,NULL,NULL,NULL,NULL,'2026-05-11',NULL,'2026-05-11 11:39:51','2026-05-22 12:19:39'),(512,34,'Suzana A Nassoro','+255766818333','Dickson Graison Kibuga','746462255',1072,430,430000.00,315000.00,430000.00,115000.00,0.00,0.00,NULL,'pending',1,NULL,NULL,NULL,NULL,NULL,'2026-05-11',NULL,'2026-05-11 12:13:49','2026-05-22 12:19:39'),(513,57,'Hashim Mbalamla','0664739489','Mohammed Kapungu','0791885933',680,430,430000.00,315000.00,430000.00,115000.00,0.00,0.00,NULL,'pending',1,NULL,NULL,NULL,NULL,NULL,'2026-05-11',NULL,'2026-05-11 12:14:01','2026-05-22 12:19:39'),(514,31,'Siwema J mcholo','0763405658','Nassoro Hussein','0755065710',1117,430,430000.00,315000.00,430000.00,115000.00,0.00,0.00,NULL,'pending',1,NULL,NULL,NULL,NULL,NULL,'2026-05-11',NULL,'2026-05-11 12:17:17','2026-05-22 12:19:39'),(515,75,'Tumaini Leonard Magari','0666967000','Magreth John Ngudo','0650517244',1126,430,430000.00,315000.00,430000.00,115000.00,0.00,0.00,NULL,'pending',1,NULL,NULL,NULL,NULL,NULL,'2026-05-11',NULL,'2026-05-11 12:24:11','2026-05-22 12:19:39'),(516,16,'George George','0770390322','Baraka Apolinali Zarab','0754575929',1103,430,430000.00,315000.00,430000.00,115000.00,0.00,0.00,NULL,'pending',1,NULL,NULL,NULL,NULL,NULL,'2026-05-11',NULL,'2026-05-11 12:35:28','2026-05-22 12:19:39'),(517,35,'Kettylah A Magubika','+255769421315','Saidi shomari','+255702653699',464,430,430000.00,315000.00,430000.00,115000.00,0.00,0.00,NULL,'pending',1,NULL,NULL,NULL,NULL,NULL,'2026-05-11',NULL,'2026-05-11 13:02:20','2026-05-22 12:19:39'),(518,30,'Mussa David  Mbepela','0754387766','Sharifa Issa Kitenge','0788847698',704,430,430000.00,315000.00,430000.00,115000.00,0.00,0.00,NULL,'pending',1,NULL,NULL,NULL,NULL,NULL,'2026-05-11',NULL,'2026-05-11 13:14:20','2026-05-22 12:19:39'),(519,26,'Jamila Rashidi Abdallah','0741710163','Abubakari Athuman Bulisani','0618616685',782,430,430000.00,315000.00,430000.00,115000.00,0.00,0.00,NULL,'pending',1,NULL,NULL,NULL,NULL,NULL,'2026-05-11',NULL,'2026-05-11 13:15:46','2026-05-22 12:19:39'),(520,25,'Mkami  M Chacha','0674564710','Rutifia K Msalange','0693830849',780,430,430000.00,315000.00,430000.00,115000.00,0.00,0.00,NULL,'pending',1,NULL,NULL,NULL,NULL,NULL,'2026-05-11',NULL,'2026-05-11 13:27:32','2026-05-22 12:19:39'),(521,40,'Rosemary Jackison Alphonce','0740953816','Nelson Kajwaura Mtaremwa','0688383542',186,430,430000.00,315000.00,430000.00,115000.00,0.00,0.00,NULL,'pending',1,NULL,NULL,NULL,NULL,NULL,'2026-05-11',NULL,'2026-05-11 13:32:58','2026-05-22 12:19:40'),(522,75,'Edina Alanus Jullu','0784828507','Abdallah Selemani Rashid','0718639823',1128,430,430000.00,315000.00,430000.00,115000.00,0.00,0.00,NULL,'pending',1,NULL,NULL,NULL,NULL,NULL,'2026-05-11',NULL,'2026-05-11 13:33:03','2026-05-22 12:19:40'),(523,28,'Merciana Godlove Mpangala','0797778413','Sesilia Arick Mpangala','0687916677',653,430,430000.00,315000.00,430000.00,115000.00,0.00,0.00,NULL,'pending',1,NULL,NULL,NULL,NULL,NULL,'2026-05-11',NULL,'2026-05-11 13:47:20','2026-05-22 12:19:40'),(524,26,'Eva Anitheth Baitani','0684882243','Catherine Kusirieli Maro','0762191506',778,430,430000.00,315000.00,430000.00,115000.00,0.00,0.00,NULL,'pending',1,NULL,NULL,NULL,NULL,NULL,'2026-05-11',NULL,'2026-05-11 13:56:50','2026-05-22 12:19:40'),(525,58,'Christina T Mkoka','0753952111','Daglasi Stanley Daudi','0789325929',703,430,430000.00,315000.00,430000.00,115000.00,0.00,0.00,NULL,'pending',1,NULL,NULL,NULL,NULL,NULL,'2026-05-11',NULL,'2026-05-11 13:58:49','2026-05-22 12:19:40'),(526,73,'Derick Davis Duma','0776482824','Editha Charles Tilusasila','0664296989',708,430,430000.00,315000.00,430000.00,115000.00,0.00,0.00,NULL,'pending',1,NULL,NULL,NULL,NULL,NULL,'2026-05-11',NULL,'2026-05-11 14:17:06','2026-05-22 12:19:40'),(527,40,'Eliza Sahimon Malisho','0791223391','Issaya Obadia Kungwe','0759658285',1092,430,430000.00,315000.00,430000.00,115000.00,0.00,0.00,NULL,'pending',1,NULL,NULL,NULL,NULL,NULL,'2026-05-11',NULL,'2026-05-11 14:37:00','2026-05-22 12:19:40'),(528,25,'Mwajuma S Mohamedi','0684012881','Charles S Ngakamo','0686154261',460,430,430000.00,315000.00,430000.00,115000.00,0.00,0.00,NULL,'pending',1,NULL,NULL,NULL,NULL,NULL,'2026-05-11',NULL,'2026-05-11 14:43:39','2026-05-22 12:19:40'),(529,28,'Abdi Rajabu Salehe','0665111509','Baraka Ramadhan Aman','0783624985',558,430,430000.00,315000.00,430000.00,115000.00,0.00,0.00,NULL,'pending',1,NULL,NULL,NULL,NULL,NULL,'2026-05-11',NULL,'2026-05-11 14:49:22','2026-05-22 12:19:40'),(530,17,'John Seleman','0777564736','Catherine Seleman Warwa','07564896208',1047,430,430000.00,315000.00,430000.00,115000.00,0.00,0.00,NULL,'pending',1,NULL,NULL,NULL,NULL,NULL,'2026-05-11',NULL,'2026-05-11 14:51:30','2026-05-22 12:19:40'),(531,63,'paschazia john tambala','0798777084','john tambala','0753446472',1064,430,430000.00,315000.00,430000.00,115000.00,0.00,0.00,NULL,'pending',1,NULL,NULL,NULL,NULL,NULL,'2026-05-11',NULL,'2026-05-11 14:52:48','2026-05-22 12:19:40'),(532,16,'Mwita Mahende','0790489539','Anastazia Elisha Musoma','0713814881',1106,430,430000.00,315000.00,430000.00,115000.00,0.00,0.00,NULL,'pending',1,NULL,NULL,NULL,NULL,NULL,'2026-05-11',NULL,'2026-05-11 14:59:51','2026-05-22 12:19:40'),(533,25,'Mumin A Kyakwita','0765116777','Mwajuma H Mohamedi','0786169100',1118,430,430000.00,315000.00,430000.00,115000.00,0.00,0.00,NULL,'pending',1,NULL,NULL,NULL,NULL,NULL,'2026-05-11',NULL,'2026-05-11 15:16:07','2026-05-22 12:19:40'),(534,34,'Sauda H Seif','+255776678285','Najma Rajab Mgalu','782964451',592,430,430000.00,315000.00,430000.00,115000.00,0.00,0.00,NULL,'pending',1,NULL,NULL,NULL,NULL,NULL,'2026-05-11',NULL,'2026-05-11 15:19:07','2026-05-22 12:19:40'),(535,35,'Shamima A Mohamedi','0764848468','Abdallah Kingalu','0713960684',472,430,430000.00,315000.00,430000.00,115000.00,0.00,0.00,NULL,'pending',1,NULL,NULL,NULL,NULL,NULL,'2026-05-11',NULL,'2026-05-11 15:38:46','2026-05-22 12:19:40'),(536,65,'Hilda S Cosmas','0663988132','Prisca Samweli','0789981266',818,430,430000.00,315000.00,430000.00,115000.00,0.00,0.00,NULL,'pending',1,NULL,NULL,NULL,NULL,NULL,'2026-05-11',NULL,'2026-05-11 15:41:40','2026-05-22 12:19:40'),(537,37,'Christopher Nassa Daiel','0749508851','Jeseph Nganza','0764394411',1110,430,430000.00,315000.00,430000.00,115000.00,0.00,0.00,NULL,'pending',1,NULL,NULL,NULL,NULL,NULL,'2026-05-11',NULL,'2026-05-11 16:15:39','2026-05-22 12:19:40'),(538,26,'Jamali Said Sarambwe','0698507331','Mussa Ramadhan Maskati','0653439679',783,430,430000.00,315000.00,430000.00,115000.00,0.00,0.00,NULL,'pending',1,NULL,NULL,NULL,NULL,NULL,'2026-05-11',NULL,'2026-05-11 16:18:46','2026-05-22 12:19:40'),(539,84,'Masige Mtani','0791171478','Tyson Majoge Kitego','0796940732',1061,430,430000.00,315000.00,430000.00,115000.00,0.00,0.00,NULL,'pending',1,NULL,NULL,NULL,NULL,NULL,'2026-05-11',NULL,'2026-05-11 16:22:04','2026-05-22 12:19:40'),(540,16,'Nickson Paulo','0787041578','Augenia Scalius Hamad','0699481059',1102,430,430000.00,315000.00,430000.00,115000.00,0.00,0.00,NULL,'pending',1,NULL,NULL,NULL,NULL,NULL,'2026-05-11',NULL,'2026-05-11 16:28:46','2026-05-22 12:19:40'),(541,26,'Ridhiwan Issa Ngonyani','0778954562','Fatuma Mohamed shemmaka','0687949817',773,430,430000.00,315000.00,430000.00,115000.00,0.00,0.00,NULL,'pending',1,NULL,NULL,NULL,NULL,NULL,'2026-05-11',NULL,'2026-05-11 16:38:38','2026-05-22 12:19:40'),(542,65,'Said Swedi Maguni','0713523028','Sanny Suddy','0711753550',822,430,430000.00,315000.00,430000.00,115000.00,0.00,0.00,NULL,'pending',1,NULL,NULL,NULL,NULL,NULL,'2026-05-11',NULL,'2026-05-11 16:46:40','2026-05-22 12:19:40'),(543,40,'Ezra Joseph Karege','0797279705','Christina Bujiku Kostantin','0699544702',1134,430,430000.00,315000.00,430000.00,115000.00,0.00,0.00,NULL,'pending',1,NULL,NULL,NULL,NULL,NULL,'2026-05-11',NULL,'2026-05-11 17:15:57','2026-05-22 12:19:40'),(544,57,'Caroline Likezo Simanguliwa','+255699122004','Saidi Rashidi','0753642876',683,430,430000.00,315000.00,430000.00,115000.00,0.00,0.00,NULL,'pending',1,NULL,NULL,NULL,NULL,NULL,'2026-05-11',NULL,'2026-05-11 17:29:33','2026-05-22 12:19:40'),(545,26,'Regina Omari Idd','0666265596','Tatu Richard Shija','0714818499',1082,430,430000.00,315000.00,430000.00,115000.00,0.00,0.00,NULL,'pending',1,NULL,NULL,NULL,NULL,NULL,'2026-05-11',NULL,'2026-05-11 17:57:45','2026-05-22 12:19:40'),(546,35,'Bakari Yusufu Bakari','+255657265951','Issa Miraji Selemani','+255653965679',1130,430,430000.00,315000.00,430000.00,115000.00,0.00,0.00,NULL,'pending',1,NULL,NULL,NULL,NULL,NULL,'2026-05-11',NULL,'2026-05-11 18:24:39','2026-05-22 12:19:40'),(547,57,'Mustapha Mbena','+255665933534','Robert Swai','0756243823',667,430,430000.00,315000.00,430000.00,115000.00,0.00,0.00,NULL,'pending',1,NULL,NULL,NULL,NULL,NULL,'2026-05-11',NULL,'2026-05-11 18:26:23','2026-05-22 12:19:40'),(548,40,'Angelina Mathias James','0768588859','Jafari David Juma','0698316216',1133,430,430000.00,315000.00,430000.00,115000.00,0.00,0.00,NULL,'pending',1,NULL,NULL,NULL,NULL,NULL,'2026-05-11',NULL,'2026-05-11 18:43:31','2026-05-22 12:19:40'),(549,75,'Marko  Cosmas  Lucas','0790451114','Issa Hamis Rashid','0793905240',1127,430,430000.00,315000.00,430000.00,115000.00,0.00,0.00,NULL,'pending',1,NULL,NULL,NULL,NULL,NULL,'2026-05-11',NULL,'2026-05-11 19:10:01','2026-05-22 12:19:40'),(550,57,'Fotius France','+255696009037','Erasmus France','0718554216',670,430,430000.00,315000.00,430000.00,115000.00,0.00,0.00,NULL,'pending',1,NULL,NULL,NULL,NULL,NULL,'2026-05-12',NULL,'2026-05-12 07:22:39','2026-05-22 12:19:40'),(551,31,'Saumu Saidi Salehe','0776731992','Hashim','0620740984',455,430,430000.00,315000.00,430000.00,115000.00,0.00,0.00,NULL,'pending',1,NULL,NULL,NULL,NULL,NULL,'2026-05-12',NULL,'2026-05-12 07:32:59','2026-05-22 12:19:40'),(552,31,'Edwin A swai','0756996617','Gidioni Swai','0766131426',492,430,430000.00,315000.00,430000.00,115000.00,0.00,0.00,NULL,'pending',1,NULL,NULL,NULL,NULL,NULL,'2026-05-12',NULL,'2026-05-12 08:57:36','2026-05-22 12:19:40'),(553,63,'emmae ichoma salagi','0774648853','happy Edward','0768579306',1065,430,430000.00,315000.00,430000.00,115000.00,0.00,0.00,NULL,'pending',1,NULL,NULL,NULL,NULL,NULL,'2026-05-12',NULL,'2026-05-12 09:10:32','2026-05-22 12:19:40'),(554,16,'Masala Mayala','0746078465','Simba Ibrahim Simba','0754753051',1104,430,430000.00,315000.00,430000.00,115000.00,0.00,0.00,NULL,'pending',1,NULL,NULL,NULL,NULL,NULL,'2026-05-12',NULL,'2026-05-12 10:17:55','2026-05-22 12:19:40'),(555,53,'Amedeus Gaspar Chuwa','0636392144','Daniel Erick Bais','0794154444',630,430,430000.00,315000.00,430000.00,115000.00,0.00,0.00,NULL,'pending',1,NULL,NULL,NULL,NULL,NULL,'2026-05-12',NULL,'2026-05-12 10:29:17','2026-05-22 12:19:40'),(556,25,'Idrisa J Kaisi','0746066464','Sailath J Urembo','0745131019',1119,430,430000.00,315000.00,430000.00,115000.00,0.00,0.00,NULL,'pending',1,NULL,NULL,NULL,NULL,NULL,'2026-05-12',NULL,'2026-05-12 10:31:46','2026-05-22 12:19:40'),(557,40,'Yuritha Yusufu Mariko','0755203618','Jovitha Yusufu Mariko','0652871470',1139,430,430000.00,315000.00,430000.00,115000.00,0.00,0.00,NULL,'pending',1,NULL,NULL,NULL,NULL,NULL,'2026-05-12',NULL,'2026-05-12 10:36:25','2026-05-22 12:19:40'),(558,26,'Hadija Mathias Abdallah','0678571384','Hamadi Khalfan Mbegu','0675285349',772,430,430000.00,315000.00,430000.00,115000.00,0.00,0.00,NULL,'pending',1,NULL,NULL,NULL,NULL,NULL,'2026-05-12',NULL,'2026-05-12 10:40:08','2026-05-22 12:19:40'),(559,34,'Abdul R Mgoboka','+255655554670','Rajabu Samweli Mwitanga','652029796',719,430,430000.00,315000.00,430000.00,115000.00,0.00,0.00,NULL,'pending',1,NULL,NULL,NULL,NULL,NULL,'2026-05-12',NULL,'2026-05-12 10:45:08','2026-05-22 12:19:40'),(560,54,'Daudi Athumani Mchaku','0787869940','Farida Amdani','0716769160',461,430,430000.00,315000.00,430000.00,115000.00,0.00,0.00,NULL,'pending',1,NULL,NULL,NULL,NULL,NULL,'2026-05-12',NULL,'2026-05-12 10:46:32','2026-05-22 12:19:40'),(561,27,'Rajabu P Mahiku','0793106842','Omary Rajabu Oatrick','0790605757',710,430,430000.00,315000.00,430000.00,115000.00,0.00,0.00,NULL,'pending',1,NULL,NULL,NULL,NULL,NULL,'2026-05-12',NULL,'2026-05-12 11:13:16','2026-05-22 12:19:40'),(562,16,'William William','0796626410','Isaka Vicent Brian','0748768785',1105,430,430000.00,315000.00,430000.00,115000.00,0.00,0.00,NULL,'pending',1,NULL,NULL,NULL,NULL,NULL,'2026-05-12',NULL,'2026-05-12 11:28:41','2026-05-22 12:19:40'),(563,31,'John A kapingo','0783280894','Paskal','0619137434',489,430,430000.00,315000.00,430000.00,115000.00,0.00,0.00,NULL,'pending',1,NULL,NULL,NULL,NULL,NULL,'2026-05-12',NULL,'2026-05-12 11:37:40','2026-05-22 12:19:40'),(564,56,'Ibrahim T Mkungula','0698428702','Khalifa Juma','0658156005',231,430,430000.00,315000.00,430000.00,115000.00,0.00,0.00,NULL,'pending',1,NULL,NULL,NULL,NULL,NULL,'2026-05-12',NULL,'2026-05-12 11:40:33','2026-05-22 12:19:40'),(565,20,'Farisy Hery Nyanjunda','+255663528846','Fadhili Hery Nyanjunda','0651130677',776,430,430000.00,315000.00,430000.00,115000.00,0.00,0.00,NULL,'pending',1,NULL,NULL,NULL,NULL,NULL,'2026-05-12',NULL,'2026-05-12 11:48:19','2026-05-22 12:19:40'),(566,63,'mohamed ramadhan mssogoti','0765488793','jamila abbas','0757800704',1107,430,430000.00,315000.00,430000.00,115000.00,0.00,0.00,NULL,'pending',1,NULL,NULL,NULL,NULL,NULL,'2026-05-12',NULL,'2026-05-12 12:37:25','2026-05-22 12:19:40'),(567,37,'Philipo Venas Mbogoma','0651148052','Selemani Juma','0761019040',1111,430,430000.00,315000.00,430000.00,115000.00,0.00,0.00,NULL,'pending',1,NULL,NULL,NULL,NULL,NULL,'2026-05-12',NULL,'2026-05-12 12:49:58','2026-05-22 12:19:40'),(568,34,'Nuru S Yusuph','+255790746087','Salama Ayubu Mwinyi','0697544202',712,430,430000.00,315000.00,430000.00,115000.00,0.00,0.00,NULL,'pending',1,NULL,NULL,NULL,NULL,NULL,'2026-05-12',NULL,'2026-05-12 12:50:00','2026-05-22 12:19:41'),(569,54,'Yassin Hamissi Geo','0775149797','Abas Amissi','755049326',475,430,430000.00,315000.00,430000.00,115000.00,0.00,0.00,NULL,'pending',1,NULL,NULL,NULL,NULL,NULL,'2026-05-12',NULL,'2026-05-12 12:53:12','2026-05-22 12:19:41'),(570,17,'Jonas Magafu','0792805085','Mlingi Ayubu Magafu','0753004282',1049,430,430000.00,315000.00,430000.00,115000.00,0.00,0.00,NULL,'pending',1,NULL,NULL,NULL,NULL,NULL,'2026-05-12',NULL,'2026-05-12 13:10:45','2026-05-22 12:19:41'),(571,26,'Sada Saidi Sanga','0770556979','Anjela Joel Sanga','0685906789',1078,430,430000.00,315000.00,430000.00,115000.00,0.00,0.00,NULL,'pending',1,NULL,NULL,NULL,NULL,NULL,'2026-05-12',NULL,'2026-05-12 13:11:30','2026-05-22 12:19:41'),(572,56,'Maimuna H Kitambi','0799102241','Samson Sanga','0639224152',1079,430,430000.00,315000.00,430000.00,115000.00,0.00,0.00,NULL,'pending',1,NULL,NULL,NULL,NULL,NULL,'2026-05-12',NULL,'2026-05-12 13:13:27','2026-05-22 12:19:41'),(573,20,'Salum M Rajabu','695106028','Chausiku Almas Hussen','0750550832',800,430,430000.00,315000.00,430000.00,115000.00,0.00,0.00,NULL,'pending',1,NULL,NULL,NULL,NULL,NULL,'2026-05-12',NULL,'2026-05-12 13:28:58','2026-05-22 12:19:41'),(574,57,'Jafari Ngosa','+255786722591','Shida Juma','0713254690',797,430,430000.00,315000.00,430000.00,115000.00,0.00,0.00,NULL,'pending',1,NULL,NULL,NULL,NULL,NULL,'2026-05-12',NULL,'2026-05-12 13:33:52','2026-05-22 12:19:41'),(575,58,'Agustino H Msacky','0759152057','Richard Nickson Komba','0650919309',626,430,430000.00,315000.00,430000.00,115000.00,0.00,0.00,NULL,'pending',1,NULL,NULL,NULL,NULL,NULL,'2026-05-12',NULL,'2026-05-12 13:38:22','2026-05-22 12:19:41'),(576,63,'songora makoye songora','0789120340','merry jackson','0670186287',1151,430,430000.00,315000.00,430000.00,115000.00,0.00,0.00,NULL,'pending',1,NULL,NULL,NULL,NULL,NULL,'2026-05-12',NULL,'2026-05-12 13:46:48','2026-05-22 12:19:41'),(577,63,'dotto joctan makubi','0760159753','Joseph yohana','0760406696',1149,430,430000.00,315000.00,430000.00,115000.00,0.00,0.00,NULL,'pending',1,NULL,NULL,NULL,NULL,NULL,'2026-05-12',NULL,'2026-05-12 14:18:38','2026-05-22 12:19:41'),(578,37,'Ally Mohamed Lushinge','0663270063','Mohamed Lushinge','0762720388',1112,430,430000.00,315000.00,430000.00,115000.00,0.00,0.00,NULL,'pending',1,NULL,NULL,NULL,NULL,NULL,'2026-05-12',NULL,'2026-05-12 14:31:15','2026-05-22 12:19:41'),(579,25,'Ester K Husseni','0798107191','Ibrahimu N Kambili','0714241327',498,430,430000.00,315000.00,430000.00,115000.00,0.00,0.00,NULL,'pending',1,NULL,NULL,NULL,NULL,NULL,'2026-05-12',NULL,'2026-05-12 14:32:00','2026-05-22 12:19:41'),(580,16,'Revocatus Jilala','0784800935','Leila Damas Gaude','0787467948',1146,430,430000.00,315000.00,430000.00,115000.00,0.00,0.00,NULL,'pending',1,NULL,NULL,NULL,NULL,NULL,'2026-05-12',NULL,'2026-05-12 14:40:19','2026-05-22 12:19:41'),(581,16,'Godson Hiza','0693994538','Daud Samwel Daud','0756259086',1143,430,430000.00,315000.00,430000.00,115000.00,0.00,0.00,NULL,'pending',1,NULL,NULL,NULL,NULL,NULL,'2026-05-12',NULL,'2026-05-12 14:46:56','2026-05-22 12:19:41'),(582,57,'Mariam Ally','0792572004','Yona Lukas','0658432187',790,430,430000.00,315000.00,430000.00,115000.00,0.00,0.00,NULL,'pending',1,NULL,NULL,NULL,NULL,NULL,'2026-05-12',NULL,'2026-05-12 14:52:39','2026-05-22 12:19:41'),(583,17,'Mashaka Kishiwa Mboje','0713865040','Esther Mashaka Kishiwa','0768951017',1147,430,430000.00,315000.00,430000.00,115000.00,0.00,0.00,NULL,'pending',1,NULL,NULL,NULL,NULL,NULL,'2026-05-12',NULL,'2026-05-12 14:55:36','2026-05-22 12:19:41'),(584,55,'Yasin Hemed Salum','0666230040','Zainabu Rashid Hemed','0714302557',788,430,430000.00,315000.00,430000.00,115000.00,0.00,0.00,NULL,'pending',1,NULL,NULL,NULL,NULL,NULL,'2026-05-12',NULL,'2026-05-12 15:03:10','2026-05-22 12:19:41'),(585,25,'Huseni S Jabiri','0666306677','Hassani S Jabiri','0654705466',596,430,430000.00,315000.00,430000.00,115000.00,0.00,0.00,NULL,'pending',1,NULL,NULL,NULL,NULL,NULL,'2026-05-12',NULL,'2026-05-12 15:08:53','2026-05-22 12:19:41'),(586,84,'Feada Mazigo Lujoya','0689825386','Jemusi Magati','0618828730',1114,430,430000.00,315000.00,430000.00,115000.00,0.00,0.00,NULL,'pending',1,NULL,NULL,NULL,NULL,NULL,'2026-05-12',NULL,'2026-05-12 15:26:24','2026-05-22 12:19:41'),(587,57,'Zuhura Abdallah','0698419263','Rose Athanas','0655605976',313,430,430000.00,315000.00,430000.00,115000.00,0.00,0.00,NULL,'pending',1,NULL,NULL,NULL,NULL,NULL,'2026-05-12',NULL,'2026-05-12 15:51:04','2026-05-22 12:19:41'),(588,40,'Mwajuma Rashid Haruna','0780331048','Zamuda Rashid Haruna','0680190425',1132,430,430000.00,315000.00,430000.00,115000.00,0.00,0.00,NULL,'pending',1,NULL,NULL,NULL,NULL,NULL,'2026-05-12',NULL,'2026-05-12 15:53:06','2026-05-22 12:19:41'),(589,65,'Halima H Mchopa','0686387183','Agnes Chalesi','0796111881',819,430,430000.00,315000.00,430000.00,115000.00,0.00,0.00,NULL,'pending',1,NULL,NULL,NULL,NULL,NULL,'2026-05-12',NULL,'2026-05-12 15:56:00','2026-05-22 12:19:41'),(590,28,'Charles Stephano Mshanga','0696483530','Ally Issa Abdallah','0761711090',529,430,430000.00,315000.00,430000.00,115000.00,0.00,0.00,NULL,'pending',1,NULL,NULL,NULL,NULL,NULL,'2026-05-12',NULL,'2026-05-12 15:59:05','2026-05-22 12:19:41'),(591,52,'Mgori Abdallah Mbagala','0694556042','Mwanaisha Abdallah Alfani','0749527171',599,430,430000.00,315000.00,430000.00,115000.00,0.00,0.00,NULL,'pending',1,NULL,NULL,NULL,NULL,NULL,'2026-05-12',NULL,'2026-05-12 16:01:24','2026-05-22 12:19:41'),(592,17,'Rahel Mzlay Mlima','0797335858','Nestina Dornad Baitwa','0794853999',1014,430,430000.00,315000.00,430000.00,115000.00,0.00,0.00,NULL,'pending',1,NULL,NULL,NULL,NULL,NULL,'2026-05-12',NULL,'2026-05-12 16:18:38','2026-05-22 12:19:41'),(593,27,'Jafar Juma Mohamed','0756118150','Ruranja Joseph Ruranja','0654075030',1075,430,430000.00,315000.00,430000.00,115000.00,0.00,0.00,NULL,'pending',1,NULL,NULL,NULL,NULL,NULL,'2026-05-12',NULL,'2026-05-12 16:30:34','2026-05-22 12:19:41'),(594,57,'Sara Luseka','+255680006318','Esther Luseka','0757595918',371,430,430000.00,315000.00,430000.00,115000.00,0.00,0.00,NULL,'pending',1,NULL,NULL,NULL,NULL,NULL,'2026-05-12',NULL,'2026-05-12 16:32:36','2026-05-22 12:19:41'),(595,31,'Dastan A nsuha','0703126329','Alpha','0760114990',796,430,430000.00,315000.00,430000.00,115000.00,0.00,0.00,NULL,'pending',1,NULL,NULL,NULL,NULL,NULL,'2026-05-12',NULL,'2026-05-12 16:48:50','2026-05-22 12:19:41'),(596,31,'Shabani G mayngu','0666151902','Dastani','0774526329',795,430,430000.00,315000.00,430000.00,115000.00,0.00,0.00,NULL,'pending',1,NULL,NULL,NULL,NULL,NULL,'2026-05-12',NULL,'2026-05-12 16:50:05','2026-05-22 12:19:41'),(597,65,'Arafati B  Rashidi','0769643205','Salma Shaibu','0781987291',811,430,430000.00,315000.00,430000.00,115000.00,0.00,0.00,NULL,'pending',1,NULL,NULL,NULL,NULL,NULL,'2026-05-12',NULL,'2026-05-12 17:14:01','2026-05-22 12:19:41'),(598,57,'Ally Mchila','+255675981310','Likas Yona','0652345187',496,430,430000.00,315000.00,430000.00,115000.00,0.00,0.00,NULL,'pending',1,NULL,NULL,NULL,NULL,NULL,'2026-05-12',NULL,'2026-05-12 18:03:59','2026-05-22 12:19:41'),(599,57,'Iddy Daudi','+255651491639','Theodora Mohammed','0785632198',621,430,430000.00,315000.00,430000.00,115000.00,0.00,0.00,NULL,'pending',1,NULL,NULL,NULL,NULL,NULL,'2026-05-12',NULL,'2026-05-12 18:47:18','2026-05-22 12:19:41'),(600,63,'cotrida walesi','0775988570','kelvin john katondo','0766629870',123,430,430000.00,315000.00,430000.00,115000.00,0.00,0.00,NULL,'pending',1,NULL,NULL,NULL,NULL,NULL,'2026-05-12',NULL,'2026-05-12 18:55:47','2026-05-22 12:19:41'),(601,55,'Daudi Marimi Francis','0799581713','Alex Alex Joseph','0778762750',806,430,430000.00,315000.00,430000.00,115000.00,0.00,0.00,NULL,'pending',1,NULL,NULL,NULL,NULL,NULL,'2026-05-13',NULL,'2026-05-13 07:17:07','2026-05-22 12:19:41'),(602,25,'Ally A Salumu','0683251940','Nasma I Saidi','0786782543',1120,430,430000.00,315000.00,430000.00,115000.00,0.00,0.00,NULL,'pending',1,NULL,NULL,NULL,NULL,NULL,'2026-05-13',NULL,'2026-05-13 07:37:29','2026-05-22 12:19:41'),(603,54,'Sharifa Said Athumani','0662231166','Alfa Said','0652190256',486,430,430000.00,315000.00,430000.00,115000.00,0.00,0.00,NULL,'pending',1,NULL,NULL,NULL,NULL,NULL,'2026-05-13',NULL,'2026-05-13 09:33:46','2026-05-22 12:19:41'),(604,26,'Ramadhan Hamis Rutinge','0799897996','Hadija Islam Suraju','0718409756',331,430,430000.00,315000.00,430000.00,115000.00,0.00,0.00,NULL,'pending',1,NULL,NULL,NULL,NULL,NULL,'2026-05-13',NULL,'2026-05-13 09:34:26','2026-05-22 12:19:41'),(605,55,'Abdu Athumani Kunapa','0757759336','Freddy Damasi Athuman','0684907797',794,430,430000.00,315000.00,430000.00,115000.00,0.00,0.00,NULL,'pending',1,NULL,NULL,NULL,NULL,NULL,'2026-05-13',NULL,'2026-05-13 09:43:58','2026-05-22 12:19:41'),(606,27,'Ntahorutary Y Damas','0752945316','Benjamini Simon Lutabila','0683621766',724,430,430000.00,315000.00,430000.00,115000.00,0.00,0.00,NULL,'pending',1,NULL,NULL,NULL,NULL,NULL,'2026-05-13',NULL,'2026-05-13 09:48:34','2026-05-22 12:19:41'),(607,52,'Zainab Khassim','662995133','Happy Julius Mwaluko','714693753',723,430,430000.00,315000.00,430000.00,115000.00,0.00,0.00,NULL,'pending',1,NULL,NULL,NULL,NULL,NULL,'2026-05-13',NULL,'2026-05-13 09:49:32','2026-05-22 12:19:41'),(608,63,'abdul ally shaban','0665655012','Amina jumane','0756370012',1148,430,430000.00,315000.00,430000.00,115000.00,0.00,0.00,NULL,'pending',1,NULL,NULL,NULL,NULL,NULL,'2026-05-13',NULL,'2026-05-13 09:49:54','2026-05-22 12:19:41'),(609,28,'Jackline Joseph Mfinanga','0716084156','Michael Ngoda Nkini','0710095497',366,430,430000.00,315000.00,430000.00,115000.00,0.00,0.00,NULL,'pending',1,NULL,NULL,NULL,NULL,NULL,'2026-05-13',NULL,'2026-05-13 09:54:15','2026-05-22 12:19:41'),(610,25,'Abdallah B Rocky','0754624255','Mariamu B Luwaha','0779152555',459,430,430000.00,315000.00,430000.00,115000.00,0.00,0.00,NULL,'pending',1,NULL,NULL,NULL,NULL,NULL,'2026-05-13',NULL,'2026-05-13 10:24:24','2026-05-22 12:19:41'),(611,40,'James Shengelo Simon','255745856653','Mariam Edward Shadrack','0766596928',1136,430,430000.00,315000.00,430000.00,115000.00,0.00,0.00,NULL,'pending',1,NULL,NULL,NULL,NULL,NULL,'2026-05-13',NULL,'2026-05-13 10:30:51','2026-05-22 12:19:41'),(612,84,'Lusato Musomba Mugono','0754082804','Yustina Mulenga Mulenga','0794023057',1152,430,430000.00,315000.00,430000.00,115000.00,0.00,0.00,NULL,'pending',1,NULL,NULL,NULL,NULL,NULL,'2026-05-13',NULL,'2026-05-13 10:46:03','2026-05-22 12:19:41'),(613,40,'Winifrida Malseli Joseph','0636123005','Christina John Mussa','0742966285',1137,430,430000.00,315000.00,430000.00,115000.00,0.00,0.00,NULL,'pending',1,NULL,NULL,NULL,NULL,NULL,'2026-05-13',NULL,'2026-05-13 10:54:35','2026-05-22 12:19:41'),(614,58,'Jenifa M Ngejeje','0698377479','Amina Muhalili Ngejeje','0788969110',356,430,430000.00,315000.00,430000.00,115000.00,0.00,0.00,NULL,'pending',1,NULL,NULL,NULL,NULL,NULL,'2026-05-13',NULL,'2026-05-13 11:05:06','2026-05-22 12:19:41'),(615,30,'Festo Simon Haule','0758180907','Meshack Hamisi Msamila','0744275050',692,430,430000.00,315000.00,430000.00,115000.00,0.00,0.00,NULL,'pending',1,NULL,NULL,NULL,NULL,NULL,'2026-05-13',NULL,'2026-05-13 11:16:27','2026-05-22 12:19:41'),(616,74,'Hafsa A Husseni','+255786634670','Faraja Riviga','0750344241',344,430,430000.00,315000.00,430000.00,115000.00,0.00,0.00,NULL,'pending',1,NULL,NULL,NULL,NULL,NULL,'2026-05-13',NULL,'2026-05-13 11:28:38','2026-05-22 12:19:41'),(617,27,'Deogratius Gift Muhanga','0799948281','Pendo Amosi Kudeli','0673206750',590,430,430000.00,315000.00,430000.00,115000.00,0.00,0.00,NULL,'pending',1,NULL,NULL,NULL,NULL,NULL,'2026-05-13',NULL,'2026-05-13 11:36:32','2026-05-22 12:19:41'),(618,63,'mseti chacha koroso','0753457384','chacha koroso',NULL,116,430,430000.00,315000.00,430000.00,115000.00,0.00,0.00,NULL,'pending',1,NULL,NULL,NULL,NULL,NULL,'2026-05-13',NULL,'2026-05-13 11:55:19','2026-05-22 12:19:41'),(619,26,'Sara Geitan Nyenza','0698884569','Winfrida Geitan Nyenza','0614282700',424,430,430000.00,315000.00,430000.00,115000.00,0.00,0.00,NULL,'pending',1,NULL,NULL,NULL,NULL,NULL,'2026-05-13',NULL,'2026-05-13 11:56:28','2026-05-22 12:19:41'),(620,54,'Beata Bahati Michaely','0792612393','Mariamu Omary','0770900084',466,430,430000.00,315000.00,430000.00,115000.00,0.00,0.00,NULL,'pending',1,NULL,NULL,NULL,NULL,NULL,'2026-05-13',NULL,'2026-05-13 12:01:22','2026-05-22 12:19:41'),(621,65,'Amina Abdul Aziz','0718224681','Fatuma Abdul Azizi','719466938',807,430,430000.00,315000.00,430000.00,115000.00,0.00,0.00,NULL,'pending',1,NULL,NULL,NULL,NULL,NULL,'2026-05-13',NULL,'2026-05-13 12:04:56','2026-05-22 12:19:41'),(622,35,'Salma R Sikabenga','+255714656917','Ismail juma sulumbu','0769292465',1131,430,430000.00,315000.00,430000.00,115000.00,0.00,0.00,NULL,'pending',1,NULL,NULL,NULL,NULL,NULL,'2026-05-13',NULL,'2026-05-13 12:31:11','2026-05-22 12:19:41'),(623,72,'Osbert Felix Chussu','0766966996','Orton Felix Chussu','0614067120',327,430,430000.00,315000.00,430000.00,115000.00,0.00,0.00,NULL,'pending',1,NULL,NULL,NULL,NULL,NULL,'2026-05-13',NULL,'2026-05-13 12:33:41','2026-05-22 12:19:41'),(624,27,'Tuisenge C Muganyizi','0691310603','Shedi John Ally','0682520173',726,430,430000.00,315000.00,430000.00,115000.00,0.00,0.00,NULL,'pending',1,NULL,NULL,NULL,NULL,NULL,'2026-05-13',NULL,'2026-05-13 12:38:47','2026-05-22 12:19:41'),(625,40,'Mtabi Kamuhanda Bihemo','0744882798','Saraha Thomas Mhindi','0686550006',1138,430,430000.00,315000.00,430000.00,115000.00,0.00,0.00,NULL,'pending',1,NULL,NULL,NULL,NULL,NULL,'2026-05-13',NULL,'2026-05-13 12:48:44','2026-05-22 12:19:41'),(626,34,'Ramadhani H Mgonela','+255795586562','Abubakari Hamad Mgonela','740653070',518,430,430000.00,315000.00,430000.00,115000.00,0.00,0.00,NULL,'pending',1,NULL,NULL,NULL,NULL,NULL,'2026-05-13',NULL,'2026-05-13 12:54:05','2026-05-22 12:19:41'),(627,75,'Edwini  Amosi Mchunzi','0690065771','Salim Hassan Salim','0697815304',491,430,430000.00,315000.00,430000.00,115000.00,0.00,0.00,NULL,'pending',1,NULL,NULL,NULL,NULL,NULL,'2026-05-13',NULL,'2026-05-13 13:03:35','2026-05-22 12:19:41'),(628,54,'Mwatende Omary Chobo','0794652727','Mosi Sefu','0658216878',473,430,430000.00,315000.00,430000.00,115000.00,0.00,0.00,NULL,'pending',1,NULL,NULL,NULL,NULL,NULL,'2026-05-13',NULL,'2026-05-13 13:21:30','2026-05-22 12:19:41'),(629,17,'Msomi Muragwa','0651036788','Dotto Mayla Msomi','0756984026',1157,430,430000.00,315000.00,430000.00,115000.00,0.00,0.00,NULL,'pending',1,NULL,NULL,NULL,NULL,NULL,'2026-05-13',NULL,'2026-05-13 13:22:07','2026-05-22 12:19:41'),(630,55,'Ramadhani Mohammed Mkingie','0703515655','Idrisa Moshi Lubawa','0635315665',803,430,430000.00,315000.00,430000.00,115000.00,0.00,0.00,NULL,'pending',1,NULL,NULL,NULL,NULL,NULL,'2026-05-13',NULL,'2026-05-13 13:50:24','2026-05-22 12:19:42'),(631,56,'Levina B Mpondi','0795032865','Yasin Jumanne Issa','0758764073',588,430,430000.00,315000.00,430000.00,115000.00,0.00,0.00,NULL,'pending',1,NULL,NULL,NULL,NULL,NULL,'2026-05-13',NULL,'2026-05-13 13:52:09','2026-05-22 12:19:42'),(632,65,'Daud Isack  Magena','0652546166','Jenifa Benjamin Komba','0652546166',808,430,430000.00,315000.00,430000.00,115000.00,0.00,0.00,NULL,'pending',1,NULL,NULL,NULL,NULL,NULL,'2026-05-13',NULL,'2026-05-13 14:10:37','2026-05-22 12:19:42'),(633,54,'Evance Isdory Kanyika',NULL,NULL,NULL,467,430,430000.00,315000.00,430000.00,115000.00,0.00,0.00,NULL,'pending',1,NULL,NULL,NULL,NULL,'[Converted from agent sale #8] Seller: Tatu juma omary','2026-05-12',NULL,'2026-05-13 14:17:15','2026-05-22 12:19:42'),(634,18,'Kennedy Erick Ruzo',NULL,NULL,NULL,1123,430,430000.00,315000.00,430000.00,115000.00,0.00,0.00,NULL,'pending',1,NULL,NULL,NULL,NULL,'[Converted from agent sale #7] Seller: Juliana Sangwa Mathias','2026-05-11',NULL,'2026-05-13 14:17:35','2026-05-22 12:19:42'),(635,74,'Yulitha F Madilo','+255741939496','Vallenc Kimaro Mosha','0752243909',533,430,430000.00,315000.00,430000.00,115000.00,0.00,0.00,NULL,'pending',1,NULL,NULL,NULL,NULL,NULL,'2026-05-13',NULL,'2026-05-13 14:23:50','2026-05-22 12:19:42'),(636,35,'Ester I Omary','0687565307','Dorine Amanieli','0675965172',362,430,430000.00,315000.00,430000.00,115000.00,0.00,0.00,NULL,'pending',1,NULL,NULL,NULL,NULL,NULL,'2026-05-13',NULL,'2026-05-13 14:23:59','2026-05-22 12:19:42'),(637,54,'Mwangaza Shomali Mshindo','0792524188','Yusuph Hemedi','0653399272',696,430,430000.00,315000.00,430000.00,115000.00,0.00,0.00,NULL,'pending',1,NULL,NULL,NULL,NULL,NULL,'2026-05-13',NULL,'2026-05-13 14:24:38','2026-05-22 12:19:42'),(638,57,'Amos Yusuph','+255758000309','Saumu Yahaya','0776214950',372,430,430000.00,315000.00,430000.00,115000.00,0.00,0.00,NULL,'pending',1,NULL,NULL,NULL,NULL,NULL,'2026-05-13',NULL,'2026-05-13 14:25:49','2026-05-22 12:19:42'),(639,25,'Mwajuma O Athumani','0744737878','Asia R Mohamedi','0623097870',689,430,430000.00,315000.00,430000.00,115000.00,0.00,0.00,NULL,'pending',1,NULL,NULL,NULL,NULL,NULL,'2026-05-13',NULL,'2026-05-13 14:30:27','2026-05-22 12:19:42'),(640,31,'Lucy Charles Lwab','0762722142','Samson','0718049399',805,430,430000.00,315000.00,430000.00,115000.00,0.00,0.00,NULL,'pending',1,NULL,NULL,NULL,NULL,NULL,'2026-05-13',NULL,'2026-05-13 14:55:47','2026-05-22 12:19:42'),(641,58,'Kulwa K Kiyonga','0702206965','Jenifa Cosimasi Kiyonga','0650106965',520,430,430000.00,315000.00,430000.00,115000.00,0.00,0.00,NULL,'pending',1,NULL,NULL,NULL,NULL,NULL,'2026-05-13',NULL,'2026-05-13 15:28:33','2026-05-22 12:19:42'),(642,40,'Paschal Mchele Manyasa','0784120880','Joseph Samweli Mayala','0666268234',1163,430,430000.00,315000.00,430000.00,115000.00,0.00,0.00,NULL,'pending',1,NULL,NULL,NULL,NULL,NULL,'2026-05-13',NULL,'2026-05-13 15:43:23','2026-05-22 12:19:42'),(643,74,'Osca K Kanyoloka','+255716558261','Pauline John','0768171777',430,430,430000.00,315000.00,430000.00,115000.00,0.00,0.00,NULL,'pending',1,NULL,NULL,NULL,NULL,NULL,'2026-05-13',NULL,'2026-05-13 15:51:49','2026-05-22 12:19:42'),(644,57,'Pamfil Naigombe','+255786339814','Asha Abdallah','0652141123',532,430,430000.00,315000.00,430000.00,115000.00,0.00,0.00,NULL,'pending',1,NULL,NULL,NULL,NULL,NULL,'2026-05-13',NULL,'2026-05-13 15:56:47','2026-05-22 12:19:42'),(645,65,'Peter C Peter','0696120555','Galusi Akiled','0693168817',810,430,430000.00,315000.00,430000.00,115000.00,0.00,0.00,NULL,'pending',1,NULL,NULL,NULL,NULL,NULL,'2026-05-13',NULL,'2026-05-13 16:21:28','2026-05-22 12:19:42'),(646,57,'Nelson Katoto','+255799432872','Fatuma Salum','0663254873',527,430,430000.00,315000.00,430000.00,115000.00,0.00,0.00,NULL,'pending',1,NULL,NULL,NULL,NULL,NULL,'2026-05-13',NULL,'2026-05-13 16:23:25','2026-05-22 12:19:42'),(647,52,'Yussuphu Siri','793259147','Hashim Shaban Mafuriko','638159127',1087,430,430000.00,315000.00,430000.00,115000.00,0.00,0.00,NULL,'pending',1,NULL,NULL,NULL,NULL,NULL,'2026-05-13',NULL,'2026-05-13 16:23:56','2026-05-22 12:19:42'),(648,31,'Felister Job Mwiligwa','0748637474','Benjamini','0752804878',799,430,430000.00,315000.00,430000.00,115000.00,0.00,0.00,NULL,'pending',1,NULL,NULL,NULL,NULL,NULL,'2026-05-13',NULL,'2026-05-13 16:24:17','2026-05-22 12:19:42'),(649,17,'Issa Steven','0779194644','Zaituni Alhamdu Ismail','0674940808',392,430,430000.00,315000.00,430000.00,115000.00,0.00,0.00,NULL,'pending',1,NULL,NULL,NULL,NULL,NULL,'2026-05-13',NULL,'2026-05-13 16:26:59','2026-05-22 12:19:42'),(650,57,'Ramia Hamza','+255662902891','Zaituni Saidi','07774334391',500,430,430000.00,315000.00,430000.00,115000.00,0.00,0.00,NULL,'pending',1,NULL,NULL,NULL,NULL,NULL,'2026-05-13',NULL,'2026-05-13 16:27:31','2026-05-22 12:19:42'),(651,25,'Innes G Ndugange','0745855556','Lilian P Shembeli','0683257672',465,430,430000.00,315000.00,430000.00,115000.00,0.00,0.00,NULL,'pending',1,NULL,NULL,NULL,NULL,NULL,'2026-05-13',NULL,'2026-05-13 16:49:55','2026-05-22 12:19:42'),(652,57,'Sweetberty Rweshabura','+255655770433','Halfani Shabani','0749623945',791,430,430000.00,315000.00,430000.00,115000.00,0.00,0.00,NULL,'pending',1,NULL,NULL,NULL,NULL,NULL,'2026-05-13',NULL,'2026-05-13 16:56:28','2026-05-22 12:19:42'),(653,45,'Mwanaisha Juma Mangitu','+255799166523','Anna Juma Mwangitu','0624508012',509,430,430000.00,315000.00,430000.00,115000.00,0.00,0.00,NULL,'pending',1,NULL,NULL,NULL,NULL,NULL,'2026-05-13',NULL,'2026-05-13 16:56:57','2026-05-22 12:19:42'),(654,18,'Jackob Mathias Masala','0794728329','Japheth Casian Donald','0787332240',1166,430,430000.00,315000.00,430000.00,115000.00,0.00,0.00,NULL,'pending',1,NULL,NULL,NULL,NULL,NULL,'2026-05-13',NULL,'2026-05-13 16:58:51','2026-05-22 12:19:42'),(655,27,'Gresmo G Joseph','0745389124','Simon Mwaluko John','0777140809',720,430,430000.00,315000.00,430000.00,115000.00,0.00,0.00,NULL,'pending',1,NULL,NULL,NULL,NULL,NULL,'2026-05-13',NULL,'2026-05-13 17:01:11','2026-05-22 12:19:42'),(656,27,'Yusufu M Mpili','0777140809','Yusufu Muhamed Mtanga','0741103879',714,430,430000.00,315000.00,430000.00,115000.00,0.00,0.00,NULL,'pending',1,NULL,NULL,NULL,NULL,NULL,'2026-05-13',NULL,'2026-05-13 17:19:20','2026-05-22 12:19:42'),(657,57,'Bakari Mikidadi','+255690936652','Sabrina Boyka','0699503011',789,430,430000.00,315000.00,430000.00,115000.00,0.00,0.00,NULL,'pending',1,NULL,NULL,NULL,NULL,NULL,'2026-05-13',NULL,'2026-05-13 17:21:31','2026-05-22 12:19:42'),(658,57,'Emmanuel Masanja','0777468057','Christina Moses','0743413000',365,430,430000.00,315000.00,430000.00,115000.00,0.00,0.00,NULL,'pending',1,NULL,NULL,NULL,NULL,NULL,'2026-05-13',NULL,'2026-05-13 17:55:36','2026-05-22 12:19:42'),(659,54,'Issa Juma Stephano','0796763892','Maimuna Swalehe','0684747962',468,430,430000.00,315000.00,430000.00,115000.00,0.00,0.00,NULL,'pending',1,NULL,NULL,NULL,NULL,NULL,'2026-05-13',NULL,'2026-05-13 18:19:00','2026-05-22 12:19:42'),(660,55,'Brayan Kasim Mtumuke','0763590022','David Prosper Massawe','0666400970',804,430,430000.00,315000.00,430000.00,115000.00,0.00,0.00,NULL,'pending',1,NULL,NULL,NULL,NULL,NULL,'2026-05-13',NULL,'2026-05-13 18:26:37','2026-05-22 12:19:42'),(661,35,'Asia H Mpendu','+255790709335','Furaha Semsa','0788769498',281,430,430000.00,315000.00,430000.00,115000.00,0.00,0.00,NULL,'pending',1,NULL,NULL,NULL,NULL,NULL,'2026-05-14',NULL,'2026-05-14 05:51:09','2026-05-22 12:19:42'),(662,65,'Mwajabu R KAMBI','+255674971722','Mariamu Bakari','0696600217',809,430,430000.00,315000.00,430000.00,115000.00,0.00,0.00,NULL,'pending',1,NULL,NULL,NULL,NULL,NULL,'2026-05-14',NULL,'2026-05-14 06:44:05','2026-05-22 12:19:42'),(663,31,'Zuhura Ladislaus Lilangala','0682885727','John','0698300911',478,430,430000.00,315000.00,430000.00,115000.00,0.00,0.00,NULL,'pending',1,NULL,NULL,NULL,NULL,NULL,'2026-05-14',NULL,'2026-05-14 06:48:31','2026-05-22 12:19:42'),(664,17,'Yakobo Biseko Lugola','0768951017','Elizabeth Biseko Lugola','0758698232',1154,430,430000.00,315000.00,430000.00,115000.00,0.00,0.00,NULL,'pending',1,NULL,NULL,NULL,NULL,NULL,'2026-05-14',NULL,'2026-05-14 07:18:51','2026-05-22 12:19:42'),(665,65,'Rosemary E  Simon','0799311717','Sesilia Steven','0712220024',815,430,430000.00,315000.00,430000.00,115000.00,0.00,0.00,NULL,'pending',1,NULL,NULL,NULL,NULL,NULL,'2026-05-14',NULL,'2026-05-14 07:23:56','2026-05-22 12:19:42'),(666,57,'Hyasinta William','+255695868579','Aure Juma','694765832',508,430,430000.00,315000.00,430000.00,115000.00,0.00,0.00,NULL,'pending',1,NULL,NULL,NULL,NULL,NULL,'2026-05-14',NULL,'2026-05-14 07:38:30','2026-05-22 12:19:42'),(667,31,'Mwanahawa Ally Said','0745744949','Alsen Ally Said','0787834374',501,430,430000.00,315000.00,430000.00,115000.00,0.00,0.00,NULL,'pending',1,NULL,NULL,NULL,NULL,NULL,'2026-05-14',NULL,'2026-05-14 07:50:23','2026-05-22 12:19:42'),(668,65,'Asumani A Seif','0790111997','Faudhia Abasi','0617930986',812,430,430000.00,315000.00,430000.00,115000.00,0.00,0.00,NULL,'pending',1,NULL,NULL,NULL,NULL,NULL,'2026-05-14',NULL,'2026-05-14 07:56:29','2026-05-22 12:19:42'),(669,40,'Frenk Maingu Mwijarubi','0690849788','Amosi Magori Yas','0677977576',1165,430,430000.00,315000.00,430000.00,115000.00,0.00,0.00,NULL,'pending',1,NULL,NULL,NULL,NULL,NULL,'2026-05-14',NULL,'2026-05-14 08:03:47','2026-05-22 12:19:42'),(670,28,'Baraka John Lufungulo','0650372672','Sabri Abdallah Magodoro','0620865414',369,430,430000.00,315000.00,430000.00,115000.00,0.00,0.00,NULL,'pending',1,NULL,NULL,NULL,NULL,NULL,'2026-05-14',NULL,'2026-05-14 08:16:49','2026-05-22 12:19:42'),(671,65,'Alex Malima Mujuberi','0703059452','Sophia Abdul','0789609939',814,430,430000.00,315000.00,430000.00,115000.00,0.00,0.00,NULL,'pending',1,NULL,NULL,NULL,NULL,NULL,'2026-05-14',NULL,'2026-05-14 08:51:42','2026-05-22 12:19:42'),(672,25,'Joyce J Mpiga','0743124608','Christina J Mpiga','0654839914',456,430,430000.00,315000.00,430000.00,115000.00,0.00,0.00,NULL,'pending',1,NULL,NULL,NULL,NULL,NULL,'2026-05-14',NULL,'2026-05-14 08:56:08','2026-05-22 12:19:42'),(673,58,'Nuhu Zahiri Hassan','0767228181','Hemedi Hamis Mruma','0693423038',614,430,430000.00,315000.00,430000.00,115000.00,0.00,0.00,NULL,'pending',1,NULL,NULL,NULL,NULL,NULL,'2026-05-14',NULL,'2026-05-14 08:58:40','2026-05-22 12:19:42'),(674,45,'Avunirwa Martini Mjata','+255718860081','Juma Martini Mjata','0624508052',499,430,430000.00,315000.00,430000.00,115000.00,0.00,0.00,NULL,'pending',1,NULL,NULL,NULL,NULL,NULL,'2026-05-14',NULL,'2026-05-14 09:20:19','2026-05-22 12:19:42'),(675,35,'Anna J Michael','+255690273902','Lameck John','0744486145',283,430,430000.00,315000.00,430000.00,115000.00,0.00,0.00,NULL,'pending',1,NULL,NULL,NULL,NULL,NULL,'2026-05-14',NULL,'2026-05-14 09:22:12','2026-05-22 12:19:42'),(676,65,'Saimon Ngale Logani','0628177742','Kiondo Shau','0787771695',823,430,430000.00,315000.00,430000.00,115000.00,0.00,0.00,NULL,'pending',1,NULL,NULL,NULL,NULL,NULL,'2026-05-14',NULL,'2026-05-14 09:32:03','2026-05-22 12:19:42'),(677,40,'Justina Mawazo Pastory','0741294147','Salima Mussa Omary','0740558710',1164,430,430000.00,315000.00,430000.00,115000.00,0.00,0.00,NULL,'pending',1,NULL,NULL,NULL,NULL,NULL,'2026-05-14',NULL,'2026-05-14 09:33:44','2026-05-22 12:19:42'),(678,31,'Selina M Mhina','0766675234','Leila','0754862575',1116,430,430000.00,315000.00,430000.00,115000.00,0.00,0.00,NULL,'pending',1,NULL,NULL,NULL,NULL,NULL,'2026-05-14',NULL,'2026-05-14 09:40:02','2026-05-22 12:19:42'),(679,34,'Saumu Ramadhani Govea','+255775604316','Mwanahamis Hassan Salumu','770493971',425,430,430000.00,315000.00,430000.00,115000.00,0.00,0.00,NULL,'pending',1,NULL,NULL,NULL,NULL,NULL,'2026-05-14',NULL,'2026-05-14 09:41:12','2026-05-22 12:19:42'),(680,57,'Bakari Falhan','+255799179947','Shabani Farhan','0775394311',787,430,430000.00,315000.00,430000.00,115000.00,0.00,0.00,NULL,'pending',1,NULL,NULL,NULL,NULL,NULL,'2026-05-14',NULL,'2026-05-14 09:49:50','2026-05-22 12:19:42'),(681,28,'Maulid Rajabu Katundu','0799704250','Said Jumanne Malondo','0719092087',1135,430,430000.00,315000.00,430000.00,115000.00,0.00,0.00,NULL,'pending',1,NULL,NULL,NULL,NULL,NULL,'2026-05-14',NULL,'2026-05-14 09:58:07','2026-05-22 12:19:42'),(682,25,'Saidi H Kiutira','0794848464','Omary S Kiutira','0673466565',480,430,430000.00,315000.00,430000.00,115000.00,0.00,0.00,NULL,'pending',1,NULL,NULL,NULL,NULL,NULL,'2026-05-14',NULL,'2026-05-14 10:22:58','2026-05-22 12:19:42'),(683,72,'Pili Othumani','0672465311','Habiba Seleman MAGAMBILA','774717205',343,430,430000.00,315000.00,430000.00,115000.00,0.00,0.00,NULL,'pending',1,NULL,NULL,NULL,NULL,NULL,'2026-05-14',NULL,'2026-05-14 10:25:45','2026-05-22 12:19:42'),(684,35,'Elias L Makakau','0799119720','Frank Shirima','0782576020',276,430,430000.00,315000.00,430000.00,115000.00,0.00,0.00,NULL,'pending',1,NULL,NULL,NULL,NULL,NULL,'2026-05-14',NULL,'2026-05-14 10:28:33','2026-05-22 12:19:42'),(685,84,'Denicia Tibendelana Dionice','0752661699','Respina Felician Ngaiza','0698353856',1153,430,430000.00,315000.00,430000.00,115000.00,0.00,0.00,NULL,'pending',1,NULL,NULL,NULL,NULL,NULL,'2026-05-14',NULL,'2026-05-14 10:29:11','2026-05-22 12:19:42'),(686,37,'Thereza J Mabai','0746195414','Bwire Malima','0767581713',1159,430,430000.00,315000.00,430000.00,115000.00,0.00,0.00,NULL,'pending',1,NULL,NULL,NULL,NULL,NULL,'2026-05-14',NULL,'2026-05-14 10:31:11','2026-05-22 12:19:42'),(687,57,'Mariam Halfan','+255663416250','Juma Ramadhani','0746438798',507,430,430000.00,315000.00,430000.00,115000.00,0.00,0.00,NULL,'pending',1,NULL,NULL,NULL,NULL,NULL,'2026-05-14',NULL,'2026-05-14 10:57:31','2026-05-22 12:19:42'),(688,34,'Saumu Ramadhani Govea','+255710761014','Agnes Michael Bundala','0654767030',426,430,430000.00,315000.00,430000.00,115000.00,0.00,0.00,NULL,'pending',1,NULL,NULL,NULL,NULL,NULL,'2026-05-14',NULL,'2026-05-14 11:33:10','2026-05-22 12:19:42'),(689,72,'Habiba Magambila','0657647749','Pili Othuman','+255672465311',1162,430,430000.00,315000.00,430000.00,115000.00,0.00,0.00,NULL,'pending',1,NULL,NULL,NULL,NULL,NULL,'2026-05-14',NULL,'2026-05-14 11:59:20','2026-05-22 12:19:42'),(690,45,'Sabrina E Sarungi','0765100306','Juma E Sarungi','0702508045',511,430,430000.00,315000.00,430000.00,115000.00,0.00,0.00,NULL,'pending',1,NULL,NULL,NULL,NULL,NULL,'2026-05-14',NULL,'2026-05-14 12:25:51','2026-05-22 12:19:42'),(691,26,'Ndunguru Joseph Carlos','0799225056','Aley Said Ibrahim','0785479299',528,430,430000.00,315000.00,430000.00,115000.00,0.00,0.00,NULL,'pending',1,NULL,NULL,NULL,NULL,NULL,'2026-05-14',NULL,'2026-05-14 12:27:17','2026-05-22 12:19:42'),(692,40,'Daud Masanga Ruonga','0662727585','Elizabeth Kazungu Ruonga','0681505342',1141,430,430000.00,315000.00,430000.00,115000.00,0.00,0.00,NULL,'pending',1,NULL,NULL,NULL,NULL,NULL,'2026-05-14',NULL,'2026-05-14 12:30:21','2026-05-22 12:19:42'),(693,65,'Mbaruku Abdi  Alkind','0766449046','Leonard Mariosi','0798884413',817,430,430000.00,315000.00,430000.00,115000.00,0.00,0.00,NULL,'pending',1,NULL,NULL,NULL,NULL,NULL,'2026-05-14',NULL,'2026-05-14 12:31:40','2026-05-22 12:19:42'),(694,57,'Joel Kimaro','+255754608007','Adeline Kimaro','0786963847',523,430,430000.00,315000.00,430000.00,115000.00,0.00,0.00,NULL,'pending',1,NULL,NULL,NULL,NULL,NULL,'2026-05-14',NULL,'2026-05-14 12:32:50','2026-05-22 12:19:42'),(695,25,'Fahima S Mahamudu','0698428638','Hadija J Nassoro','0713993281',690,430,430000.00,315000.00,430000.00,115000.00,0.00,0.00,NULL,'pending',1,NULL,NULL,NULL,NULL,NULL,'2026-05-14',NULL,'2026-05-14 12:57:33','2026-05-22 12:19:42'),(696,45,'Stephano Slyvester Kabengwe','+255672366496','Juma Slyvester Kabengwe','255762351231',463,430,430000.00,315000.00,430000.00,115000.00,0.00,0.00,NULL,'pending',1,NULL,NULL,NULL,NULL,NULL,'2026-05-14',NULL,'2026-05-14 12:59:24','2026-05-22 12:19:42'),(697,34,'Hidaya S Kaisi','+255792713370','Haji Bakari Saidi','699422092',442,430,430000.00,315000.00,430000.00,115000.00,0.00,0.00,NULL,'pending',1,NULL,NULL,NULL,NULL,NULL,'2026-05-14',NULL,'2026-05-14 13:26:04','2026-05-22 12:19:42'),(698,58,'Junior  C  Ndunguru','0670909262','Iddi Maganga Kakingo','0696856850',333,430,430000.00,315000.00,430000.00,115000.00,0.00,0.00,NULL,'pending',1,NULL,NULL,NULL,NULL,NULL,'2026-05-14',NULL,'2026-05-14 13:27:38','2026-05-22 12:19:42'),(699,54,'Celestine John Marwa','0651825696','John Marwa','0768600049',477,430,430000.00,315000.00,430000.00,115000.00,0.00,0.00,NULL,'pending',1,NULL,NULL,NULL,NULL,NULL,'2026-05-14',NULL,'2026-05-14 13:43:33','2026-05-22 12:19:43'),(700,52,'Hasina Gao','798085950','Fatuma Salim Gao','740353127',324,430,430000.00,315000.00,430000.00,115000.00,0.00,0.00,NULL,'pending',1,NULL,NULL,NULL,NULL,NULL,'2026-05-14',NULL,'2026-05-14 13:47:32','2026-05-22 12:19:43'),(701,84,'Gervas Balele James','0676461029','Magreth Miswa','0774736069',1140,430,430000.00,315000.00,430000.00,115000.00,0.00,0.00,NULL,'pending',1,NULL,NULL,NULL,NULL,NULL,'2026-05-14',NULL,'2026-05-14 13:52:03','2026-05-22 12:19:43'),(702,17,'Yasinta Kirumba Kasenya','0787567632','Christopher Justin','0748690425',1155,430,430000.00,315000.00,430000.00,115000.00,0.00,0.00,NULL,'pending',1,NULL,NULL,NULL,NULL,NULL,'2026-05-14',NULL,'2026-05-14 14:00:41','2026-05-22 12:19:43'),(703,65,'Rukia H Shaban','0657568077','Hawa Rajabu Msuya','0770444774',816,430,430000.00,315000.00,430000.00,115000.00,0.00,0.00,NULL,'pending',1,NULL,NULL,NULL,NULL,NULL,'2026-05-14',NULL,'2026-05-14 14:13:14','2026-05-22 12:19:43'),(704,65,'Antigone  M Mushy','0696844727','Fatuma Juma','0779744344',821,430,430000.00,315000.00,430000.00,115000.00,0.00,0.00,NULL,'pending',1,NULL,NULL,NULL,NULL,NULL,'2026-05-14',NULL,'2026-05-14 14:19:17','2026-05-22 12:19:43'),(705,57,'Shukuru William','+255796373789','Hamida Mwagilo','0658974635',495,430,430000.00,315000.00,430000.00,115000.00,0.00,0.00,NULL,'pending',1,NULL,NULL,NULL,NULL,NULL,'2026-05-14',NULL,'2026-05-14 14:25:23','2026-05-22 12:19:43'),(706,28,'Emmy Hussein Musa','0710117507','Suleiman Michael Lyati','0693606382',428,430,430000.00,315000.00,430000.00,115000.00,0.00,0.00,NULL,'pending',1,NULL,NULL,NULL,NULL,NULL,'2026-05-14',NULL,'2026-05-14 15:10:06','2026-05-22 12:19:43'),(707,17,'Shija Fabian','0717974120','Richard Mussa','0698781346',391,430,430000.00,315000.00,430000.00,115000.00,0.00,0.00,NULL,'pending',1,NULL,NULL,NULL,NULL,NULL,'2026-05-14',NULL,'2026-05-14 15:12:09','2026-05-22 12:19:43'),(708,57,'Pendo Likali','0692791989','Alex Juma','0799403366',314,430,430000.00,315000.00,430000.00,115000.00,0.00,0.00,NULL,'pending',1,NULL,NULL,NULL,NULL,NULL,'2026-05-14',NULL,'2026-05-14 15:15:36','2026-05-22 12:19:43'),(709,27,'George Thomas Eliasc','0776659864','Frank John Haule','0623614477',601,430,430000.00,315000.00,430000.00,115000.00,0.00,0.00,NULL,'pending',1,NULL,NULL,NULL,NULL,NULL,'2026-05-14',NULL,'2026-05-14 15:46:27','2026-05-22 12:19:43'),(710,22,'ESTHER EDWARD MAGESA','0790503031','NORA MAGESA SAGANYA','0794638296',1167,430,430000.00,315000.00,430000.00,115000.00,0.00,0.00,NULL,'pending',1,NULL,NULL,NULL,NULL,NULL,'2026-05-14',NULL,'2026-05-14 16:12:59','2026-05-22 12:19:43'),(711,45,'Idda O Kinowe','+255752004744','Erick Waryoba Emmanuel','0702504848',569,430,430000.00,315000.00,430000.00,115000.00,0.00,0.00,NULL,'pending',1,NULL,NULL,NULL,NULL,NULL,'2026-05-14',NULL,'2026-05-14 16:39:45','2026-05-22 12:19:43'),(712,72,'Adam Mwasaga','+255773460672','Amana NGOZI','0716599027',525,430,430000.00,315000.00,430000.00,115000.00,0.00,0.00,NULL,'pending',1,NULL,NULL,NULL,NULL,NULL,'2026-05-14',NULL,'2026-05-14 16:46:58','2026-05-22 12:19:43'),(713,45,'Asia Selemani Abdallah','+255781133525','Anna Selemani Abdallah','0624301212',505,430,430000.00,315000.00,430000.00,115000.00,0.00,0.00,NULL,'pending',1,NULL,NULL,NULL,NULL,NULL,'2026-05-14',NULL,'2026-05-14 17:00:52','2026-05-22 12:19:43'),(714,72,'pius Athanas Pius','+255659707486','Aisha Rashidi Kika','0790158282',321,430,430000.00,315000.00,430000.00,115000.00,0.00,0.00,NULL,'pending',1,NULL,NULL,NULL,NULL,NULL,'2026-05-14',NULL,'2026-05-14 17:04:06','2026-05-22 12:19:43'),(715,17,'Husna Martin','0790859469','Abdul Masud Ramadhan','0745126212',1156,430,430000.00,315000.00,430000.00,115000.00,0.00,0.00,NULL,'pending',1,NULL,NULL,NULL,NULL,NULL,'2026-05-14',NULL,'2026-05-14 18:01:33','2026-05-22 12:19:43'),(716,35,'Adam A Rajabu','+255784733771','Omar Bashiru','0762488477',334,430,430000.00,315000.00,430000.00,115000.00,0.00,0.00,NULL,'pending',1,NULL,NULL,NULL,NULL,NULL,'2026-05-14',NULL,'2026-05-14 18:47:01','2026-05-22 12:19:43'),(717,39,'Petrol M Mlula','0779112111','Frank Matulizo Mlula','0797112111',786,430,430000.00,315000.00,430000.00,115000.00,0.00,0.00,NULL,'pending',1,NULL,NULL,NULL,NULL,NULL,'2026-05-15',NULL,'2026-05-15 05:31:58','2026-05-22 12:19:43'),(718,55,'Amanzi Hemedi Mputa','0793131847','Kuruthum Hamiss Hemed','0756131837',519,430,430000.00,315000.00,430000.00,115000.00,0.00,0.00,NULL,'pending',1,NULL,NULL,NULL,NULL,NULL,'2026-05-15',NULL,'2026-05-15 06:43:55','2026-05-22 12:19:43'),(719,31,'Hadija I Ramadhani','0757320711','Zanabu Issa','0694375851',326,430,430000.00,315000.00,430000.00,115000.00,0.00,0.00,NULL,'pending',1,NULL,NULL,NULL,NULL,NULL,'2026-05-15',NULL,'2026-05-15 06:45:11','2026-05-22 12:19:43'),(720,27,'Salha Issa Mohamed','0685190429','Latifa Robati Masangula','0783419661',605,430,430000.00,315000.00,430000.00,115000.00,0.00,0.00,NULL,'pending',1,NULL,NULL,NULL,NULL,NULL,'2026-05-15',NULL,'2026-05-15 07:20:21','2026-05-22 12:19:43'),(721,31,'Robart Essau Haule','0674464230','Elias','0752843089',330,430,430000.00,315000.00,430000.00,115000.00,0.00,0.00,NULL,'pending',1,NULL,NULL,NULL,NULL,NULL,'2026-05-15',NULL,'2026-05-15 07:38:40','2026-05-22 12:19:43'),(722,54,'Shabani Ayubu Mbega','0790644042','Alikamu Juma','0628549307',485,430,430000.00,315000.00,430000.00,115000.00,0.00,0.00,NULL,'pending',1,NULL,NULL,NULL,NULL,NULL,'2026-05-15',NULL,'2026-05-15 08:27:27','2026-05-22 12:19:43'),(723,27,'Baraka G Mmari','0742472894','Veronika Agustin Mwembela','0652336517',600,430,430000.00,315000.00,430000.00,115000.00,0.00,0.00,NULL,'pending',1,NULL,NULL,NULL,NULL,NULL,'2026-05-15',NULL,'2026-05-15 08:54:27','2026-05-22 12:19:43'),(724,74,'Vumilia A Halahala','+255703129968','Zaituni Masumila','0780972900',524,430,430000.00,315000.00,430000.00,115000.00,0.00,0.00,NULL,'pending',1,NULL,NULL,NULL,NULL,NULL,'2026-05-15',NULL,'2026-05-15 08:54:33','2026-05-22 12:19:43'),(725,56,'Laila R Ally','0695122828','Mohamed Jumanne','0690257246',275,430,430000.00,315000.00,430000.00,115000.00,0.00,0.00,NULL,'pending',1,NULL,NULL,NULL,NULL,NULL,'2026-05-15',NULL,'2026-05-15 09:03:54','2026-05-22 12:19:43'),(726,55,'Ramadhani Khatibu Omary','0778832866','Hamadi Ramadhani Hassan','0768597878',329,430,430000.00,315000.00,430000.00,115000.00,0.00,0.00,NULL,'pending',1,NULL,NULL,NULL,NULL,NULL,'2026-05-15',NULL,'2026-05-15 09:11:48','2026-05-22 12:19:43'),(727,20,'Nizar Maulid Mussa','+255657045169','Paulina William','+255714141058',768,430,430000.00,315000.00,430000.00,115000.00,0.00,0.00,NULL,'pending',1,NULL,NULL,NULL,NULL,NULL,'2026-05-15',NULL,'2026-05-15 09:18:10','2026-05-22 12:19:43'),(728,16,'Jenipha Kaigarula','0755801306','Kikundesi Maheri Moremi','0618412645',120,430,430000.00,315000.00,430000.00,115000.00,0.00,0.00,NULL,'pending',1,NULL,NULL,NULL,NULL,NULL,'2026-05-15',NULL,'2026-05-15 09:44:59','2026-05-22 12:19:43'),(729,55,'Jasmin Almas Omary','0650530753','Ibrahim Shabani Mohammed','0740473537',357,430,430000.00,315000.00,430000.00,115000.00,0.00,0.00,NULL,'pending',1,NULL,NULL,NULL,NULL,NULL,'2026-05-15',NULL,'2026-05-15 09:54:03','2026-05-22 12:19:43'),(730,55,'Salehe Hassan Kwitambo','0799362623','Samweli Dominikusi Mbuna','0696484612',522,430,430000.00,315000.00,430000.00,115000.00,0.00,0.00,NULL,'pending',1,NULL,NULL,NULL,NULL,NULL,'2026-05-15',NULL,'2026-05-15 10:12:59','2026-05-22 12:19:43'),(731,58,'Yunus R Kijuu','0717970538','Alawi Omary Kingwaya','0747960675',382,430,430000.00,315000.00,430000.00,115000.00,0.00,0.00,NULL,'pending',1,NULL,NULL,NULL,NULL,NULL,'2026-05-15',NULL,'2026-05-15 10:23:04','2026-05-22 12:19:43'),(732,24,'Mussa Chacha','0750911470','Rebecca Mniko','0749313501',1168,430,430000.00,315000.00,430000.00,115000.00,0.00,0.00,NULL,'pending',1,NULL,NULL,NULL,NULL,NULL,'2026-05-15',NULL,'2026-05-15 10:30:27','2026-05-22 12:19:43'),(733,30,'Silas Joseph Simon','0714336244','Erick Silas Joseph','0760157529',693,430,430000.00,315000.00,430000.00,115000.00,0.00,0.00,NULL,'pending',1,NULL,NULL,NULL,NULL,NULL,'2026-05-15',NULL,'2026-05-15 10:42:29','2026-05-22 12:19:43'),(734,56,'Zulfa Nahele','0760269777','Kudra Saidi Chobo','0682877465',368,430,430000.00,315000.00,430000.00,115000.00,0.00,0.00,NULL,'pending',1,NULL,NULL,NULL,NULL,NULL,'2026-05-15',NULL,'2026-05-15 11:08:51','2026-05-22 12:19:43'),(735,16,'Julieth Marco','0694380580','Enock George Bunza','0744337241',1144,430,430000.00,315000.00,430000.00,115000.00,0.00,0.00,NULL,'pending',1,NULL,NULL,NULL,NULL,NULL,'2026-05-15',NULL,'2026-05-15 11:11:02','2026-05-22 12:19:43'),(736,34,'Erick Watson Mhanzi','+255717910299','Joseph Wakson Muhamsi','766706450',336,430,430000.00,315000.00,430000.00,115000.00,0.00,0.00,NULL,'pending',1,NULL,NULL,NULL,NULL,NULL,'2026-05-15',NULL,'2026-05-15 11:12:42','2026-05-22 12:19:43'),(737,27,'Benjamin S Kwayo','0752595179','Catherin George Luka','0627416146',606,430,430000.00,315000.00,430000.00,115000.00,0.00,0.00,NULL,'pending',1,NULL,NULL,NULL,NULL,NULL,'2026-05-15',NULL,'2026-05-15 11:14:57','2026-05-22 12:19:43'),(738,40,'Grace Fedrick Zephania','0794528768','Anethi Emmanuel Songa','0742900572',1142,430,430000.00,315000.00,430000.00,115000.00,0.00,0.00,NULL,'pending',1,NULL,NULL,NULL,NULL,NULL,'2026-05-15',NULL,'2026-05-15 11:21:18','2026-05-22 12:19:43'),(739,31,'Samweli Augustino Mushi','0703125442','Ibrahim Muhamed','0782641074',335,430,430000.00,315000.00,430000.00,115000.00,0.00,0.00,NULL,'pending',1,NULL,NULL,NULL,NULL,NULL,'2026-05-15',NULL,'2026-05-15 11:37:29','2026-05-22 12:19:43'),(740,57,'Janeth Mwano','0772204277','Zuhura Athumani','0656823146',441,430,430000.00,315000.00,430000.00,115000.00,0.00,0.00,NULL,'pending',1,NULL,NULL,NULL,NULL,NULL,'2026-05-15',NULL,'2026-05-15 11:40:40','2026-05-22 12:19:43'),(741,56,'Rabia Mzamiru Kimbisa','0684034565','Judith Joseph Kaina','0716678145',589,430,430000.00,315000.00,430000.00,115000.00,0.00,0.00,NULL,'pending',1,NULL,NULL,NULL,NULL,NULL,'2026-05-15',NULL,'2026-05-15 11:57:26','2026-05-22 12:19:43'),(742,57,'Paskari Mkuyu','0688058561','Shalifa Shabani','0635987910',792,430,430000.00,315000.00,430000.00,115000.00,0.00,0.00,NULL,'pending',1,NULL,NULL,NULL,NULL,NULL,'2026-05-15',NULL,'2026-05-15 11:59:00','2026-05-22 12:19:43'),(743,57,'Tano Mtulia','0685842846','Shabani abdallahmani','0686246636',482,430,430000.00,315000.00,430000.00,115000.00,0.00,0.00,NULL,'pending',1,NULL,NULL,NULL,NULL,NULL,'2026-05-15',NULL,'2026-05-15 12:02:07','2026-05-22 12:19:43'),(744,57,'Leah Balisi','+255757436652','Juma Abdalla','0758632498',802,430,430000.00,315000.00,430000.00,115000.00,0.00,0.00,NULL,'pending',1,NULL,NULL,NULL,NULL,NULL,'2026-05-15',NULL,'2026-05-15 12:04:55','2026-05-22 12:19:43'),(745,37,'Faima Sadock Ntiruteba','0791883509','Eliza Marwa','0718968788',1091,430,430000.00,315000.00,430000.00,115000.00,0.00,0.00,NULL,'pending',1,NULL,NULL,NULL,NULL,NULL,'2026-05-15',NULL,'2026-05-15 12:09:52','2026-05-22 12:19:43'),(746,30,'Alfonsina Michael Nyau','0683433352','Ibrahim Abas Dizae','0743547016',613,430,430000.00,315000.00,430000.00,115000.00,0.00,0.00,NULL,'pending',1,NULL,NULL,NULL,NULL,NULL,'2026-05-15',NULL,'2026-05-15 12:11:26','2026-05-22 12:19:43'),(747,57,'Agness Karagho','0779330946','Mussa Saidi','0776254026',497,430,430000.00,315000.00,430000.00,115000.00,0.00,0.00,NULL,'pending',1,NULL,NULL,NULL,NULL,NULL,'2026-05-15',NULL,'2026-05-15 12:50:52','2026-05-22 12:19:43'),(748,34,'Mahija Mohamedi Msulwa','+255651720434','Fatuma Mohamed Omsry','637477261',377,430,430000.00,315000.00,430000.00,115000.00,0.00,0.00,NULL,'pending',1,NULL,NULL,NULL,NULL,NULL,'2026-05-15',NULL,'2026-05-15 12:56:25','2026-05-22 12:19:43'),(749,35,'Bushiri H Mohamed','0651906407','Mwajabu Rajabu','0780625535',284,430,430000.00,315000.00,430000.00,115000.00,0.00,0.00,NULL,'pending',1,NULL,NULL,NULL,NULL,NULL,'2026-05-15',NULL,'2026-05-15 13:08:49','2026-05-22 12:19:43'),(750,31,'Edina I Alfred','0762334705','Frelmon','0755701461',315,430,430000.00,315000.00,430000.00,115000.00,0.00,0.00,NULL,'pending',1,NULL,NULL,NULL,NULL,NULL,'2026-05-15',NULL,'2026-05-15 13:15:27','2026-05-22 12:19:43'),(751,57,'Nuru Amiri','0663386488','Muhidini Hassani','0747898237',513,430,430000.00,315000.00,430000.00,115000.00,0.00,0.00,NULL,'pending',1,NULL,NULL,NULL,NULL,NULL,'2026-05-15',NULL,'2026-05-15 13:21:17','2026-05-22 12:19:43'),(752,57,'Pili Nyamaliza','+255659140154','Abdi Mjaila','0675696056',798,430,430000.00,315000.00,430000.00,115000.00,0.00,0.00,NULL,'pending',1,NULL,NULL,NULL,NULL,NULL,'2026-05-15',NULL,'2026-05-15 13:34:17','2026-05-22 12:19:43'),(753,45,'Mariam Misana Itila','+255674182590','Anna Misana Itila','0762353612',502,430,430000.00,315000.00,430000.00,115000.00,0.00,0.00,NULL,'pending',1,NULL,NULL,NULL,NULL,NULL,'2026-05-15',NULL,'2026-05-15 14:03:38','2026-05-22 12:19:43'),(754,25,'Senzota D Msangi','0787919817','Yusuph H Masudi','0686762227',700,430,430000.00,315000.00,430000.00,115000.00,0.00,0.00,NULL,'pending',1,NULL,NULL,NULL,NULL,NULL,'2026-05-15',NULL,'2026-05-15 14:27:58','2026-05-22 12:19:43'),(755,75,'Zawadi Kiondo Daniel','0791156154','Salma Salehe Msisi','0651375156',493,430,430000.00,315000.00,430000.00,115000.00,0.00,0.00,NULL,'pending',1,NULL,NULL,NULL,NULL,NULL,'2026-05-15',NULL,'2026-05-15 14:35:40','2026-05-22 12:19:43'),(756,24,'Ramadhan Said','0639858919','Daudi Mnofu','0670626458',1187,430,430000.00,315000.00,430000.00,115000.00,0.00,0.00,NULL,'pending',1,NULL,NULL,NULL,NULL,NULL,'2026-05-15',NULL,'2026-05-15 14:59:33','2026-05-22 12:19:43'),(757,34,'Ramadhani Mashaka Seumbe','+255688569391','Walda Abdallah Rajabu','685555273',445,430,430000.00,315000.00,430000.00,115000.00,0.00,0.00,NULL,'pending',1,NULL,NULL,NULL,NULL,NULL,'2026-05-15',NULL,'2026-05-15 15:26:52','2026-05-22 12:19:43'),(758,57,'Tabia Hashimu','0756847837','Amina Juma','0624344447',534,430,430000.00,315000.00,430000.00,115000.00,0.00,0.00,NULL,'pending',1,NULL,NULL,NULL,NULL,NULL,'2026-05-15',NULL,'2026-05-15 15:27:58','2026-05-22 12:19:43'),(759,25,'Khamisi K Said','+255743592220','Maria M Kalinga','0718325793',457,430,430000.00,315000.00,430000.00,115000.00,0.00,0.00,NULL,'pending',1,NULL,NULL,NULL,NULL,NULL,'2026-05-15',NULL,'2026-05-15 15:35:05','2026-05-22 12:19:43'),(760,27,'Idrisa A Juma','0799972626','Isaya Emanueli Mageni','0699818095',1174,430,430000.00,315000.00,430000.00,115000.00,0.00,0.00,NULL,'pending',1,NULL,NULL,NULL,NULL,NULL,'2026-05-15',NULL,'2026-05-15 15:39:38','2026-05-22 12:19:43'),(761,24,'Daniel Samwel','0613841997','Emmanuel James','0622605674',1188,430,430000.00,315000.00,430000.00,115000.00,0.00,0.00,NULL,'pending',1,NULL,NULL,NULL,NULL,NULL,'2026-05-15',NULL,'2026-05-15 15:51:21','2026-05-22 12:19:43'),(762,57,'Emmanuel','0759195522','Zaina Ally','0623436588',801,430,430000.00,315000.00,430000.00,115000.00,0.00,0.00,NULL,'pending',1,NULL,NULL,NULL,NULL,NULL,'2026-05-15',NULL,'2026-05-15 15:55:11','2026-05-22 12:19:43'),(763,57,'Mariam Mahamudu','0785727026','Mwajuma Jemedi','0785321479',530,430,430000.00,315000.00,430000.00,115000.00,0.00,0.00,NULL,'pending',1,NULL,NULL,NULL,NULL,NULL,'2026-05-15',NULL,'2026-05-15 15:56:37','2026-05-22 12:19:43'),(764,57,'Mohammed Nandala','+255755451126','Mwamini Juma','0683422227',479,430,430000.00,315000.00,430000.00,115000.00,0.00,0.00,NULL,'pending',1,NULL,NULL,NULL,NULL,NULL,'2026-05-15',NULL,'2026-05-15 15:59:34','2026-05-22 12:19:43'),(765,57,'Tausi Kasimila','0740592265','Philin Mussa','0744173467',452,430,430000.00,315000.00,430000.00,115000.00,0.00,0.00,NULL,'pending',1,NULL,NULL,NULL,NULL,NULL,'2026-05-15',NULL,'2026-05-15 16:27:10','2026-05-22 12:19:43'),(766,37,'Kennedi Juliusi Mgore','0766085881','Jamsi Omenya','0785658490',1160,430,430000.00,315000.00,430000.00,115000.00,0.00,0.00,NULL,'pending',1,NULL,NULL,NULL,NULL,NULL,'2026-05-15',NULL,'2026-05-15 16:30:05','2026-05-22 12:19:44'),(767,92,'Samweli Adeni Mpangile','0666077638','Ally Ramadhan Sobo','0628014978',1180,430,430000.00,315000.00,430000.00,115000.00,0.00,0.00,NULL,'pending',1,NULL,NULL,NULL,NULL,NULL,'2026-05-15',NULL,'2026-05-15 16:30:08','2026-05-22 12:19:44'),(768,57,'Raymond Alfornce','+255745508071','Zaituni Mhina','0746351289',506,430,430000.00,315000.00,430000.00,115000.00,0.00,0.00,NULL,'pending',1,NULL,NULL,NULL,NULL,NULL,'2026-05-15',NULL,'2026-05-15 16:37:38','2026-05-22 12:19:44'),(769,35,'Mussa M Ally','0666163387','Selina Method','0694230901',320,430,430000.00,315000.00,430000.00,115000.00,0.00,0.00,NULL,'pending',1,NULL,NULL,NULL,NULL,NULL,'2026-05-15',NULL,'2026-05-15 16:38:15','2026-05-22 12:19:44'),(770,57,'Hawa Lukwaro','+255750879727','Mhina Pato','0639790466',481,430,430000.00,315000.00,430000.00,115000.00,0.00,0.00,NULL,'pending',1,NULL,NULL,NULL,NULL,NULL,'2026-05-15',NULL,'2026-05-15 16:40:46','2026-05-22 12:19:44'),(771,57,'Marco Daudi','0747127846','Hashim Mhuto','0785455557',517,430,430000.00,315000.00,430000.00,115000.00,0.00,0.00,NULL,'pending',1,NULL,NULL,NULL,NULL,NULL,'2026-05-15',NULL,'2026-05-15 17:53:13','2026-05-22 12:19:44'),(772,57,'Abdallah Juma','0744901415','Mwamini Juma','0623433337',483,430,430000.00,315000.00,430000.00,115000.00,0.00,0.00,NULL,'pending',1,NULL,NULL,NULL,NULL,NULL,'2026-05-16',NULL,'2026-05-16 06:11:35','2026-05-22 12:19:44'),(773,57,'Fatuma Hassan','0777764315','Fikiri Ally','07777934311',504,430,430000.00,315000.00,430000.00,115000.00,0.00,0.00,NULL,'pending',1,NULL,NULL,NULL,NULL,NULL,'2026-05-16',NULL,'2026-05-16 06:21:56','2026-05-22 12:19:44'),(774,73,'Stevene Barick Uronu','0796519419','Marium Justo Kwayu','0710029210',1071,430,430000.00,315000.00,430000.00,115000.00,0.00,0.00,NULL,'pending',1,NULL,NULL,NULL,NULL,NULL,'2026-05-16',NULL,'2026-05-16 07:41:59','2026-05-22 12:19:44'),(775,31,'Emmanuely Agustino Mwacha','0764610786','Farancs','0788694349',272,430,430000.00,315000.00,430000.00,115000.00,0.00,0.00,NULL,'pending',1,NULL,NULL,NULL,NULL,NULL,'2026-05-16',NULL,'2026-05-16 08:14:02','2026-05-22 12:19:44'),(776,17,'Anisia Mashaka','0653877973','Arsenal William Minya','0687020404',1150,430,430000.00,315000.00,430000.00,115000.00,0.00,0.00,NULL,'pending',1,NULL,NULL,NULL,NULL,NULL,'2026-05-16',NULL,'2026-05-16 08:31:21','2026-05-22 12:19:44'),(777,26,'Jasmini H  Said','0703466564','Warda Seifu Mnundu','0654574435',1185,430,430000.00,315000.00,430000.00,115000.00,0.00,0.00,NULL,'pending',1,NULL,NULL,NULL,NULL,NULL,'2026-05-16',NULL,'2026-05-16 08:46:32','2026-05-22 12:19:44'),(778,45,'Oliva Amandusi Mpelela','+255741231124','Anna Amandusi Mpelela','255760009078',474,430,430000.00,315000.00,430000.00,115000.00,0.00,0.00,NULL,'pending',1,NULL,NULL,NULL,NULL,NULL,'2026-05-16',NULL,'2026-05-16 09:27:40','2026-05-22 12:19:44'),(779,51,'Sheriff A Miwago','0794180728','Asha Abasi Miwago','0789469881',58,430,430000.00,315000.00,430000.00,115000.00,0.00,0.00,NULL,'pending',1,NULL,NULL,NULL,NULL,NULL,'2026-05-16',NULL,'2026-05-16 09:42:40','2026-05-22 12:19:44'),(780,40,'Neema Pitter Masasi','0799208922','Restuta Mujara Kanuti','0626438922',1161,430,430000.00,315000.00,430000.00,115000.00,0.00,0.00,NULL,'pending',1,NULL,NULL,NULL,NULL,NULL,'2026-05-16',NULL,'2026-05-16 09:49:50','2026-05-22 12:19:44'),(781,17,'Arsenal William','0686020404','Anisia Mashaka Saguda','0653877973',1108,430,430000.00,315000.00,430000.00,115000.00,0.00,0.00,NULL,'pending',1,NULL,NULL,NULL,NULL,NULL,'2026-05-16',NULL,'2026-05-16 10:11:57','2026-05-22 12:19:44'),(782,56,'Ezekiel J Matheo','0750282561','Pendo Maganga','0654629876',666,430,430000.00,315000.00,430000.00,115000.00,0.00,0.00,NULL,'pending',1,NULL,NULL,NULL,NULL,NULL,'2026-05-16',NULL,'2026-05-16 10:18:04','2026-05-22 12:19:44'),(783,54,'John Mbazi Abrahamu','0650306253','Nakaza Mbwambo','0693638528',488,430,430000.00,315000.00,430000.00,115000.00,0.00,0.00,NULL,'pending',1,NULL,NULL,NULL,NULL,NULL,'2026-05-16',NULL,'2026-05-16 10:21:28','2026-05-22 12:19:44'),(784,74,'Ismail O Mtumbika','+255691723881','Andrew Zakaria Andrew','0655417391',419,430,430000.00,315000.00,430000.00,115000.00,0.00,0.00,NULL,'pending',1,NULL,NULL,NULL,NULL,NULL,'2026-05-16',NULL,'2026-05-16 10:26:00','2026-05-22 12:19:44'),(785,65,'Aron M Wisdo','0748232318','Almasi Ally','0788565563',853,430,430000.00,315000.00,430000.00,115000.00,0.00,0.00,NULL,'pending',1,NULL,NULL,NULL,NULL,NULL,'2026-05-16',NULL,'2026-05-16 10:32:08','2026-05-22 12:19:44'),(786,37,'Hamoud Mzamilu Said','0775906039','Aisha Yassin','0750111977',1095,430,430000.00,315000.00,430000.00,115000.00,0.00,0.00,NULL,'pending',1,NULL,NULL,NULL,NULL,NULL,'2026-05-16',NULL,'2026-05-16 10:52:52','2026-05-22 12:19:44'),(787,39,'Benjamini Benedict Mtalizi','0789005995','Elia Benedict Mtalizi','0687182268',779,430,430000.00,315000.00,430000.00,115000.00,0.00,0.00,NULL,'pending',1,NULL,NULL,NULL,NULL,NULL,'2026-05-16',NULL,'2026-05-16 10:55:52','2026-05-22 12:19:44'),(788,37,'Daudi Nambari Mkaluka','0794460866','Fredy Majula','0781665924',1158,430,430000.00,315000.00,430000.00,115000.00,0.00,0.00,NULL,'pending',1,NULL,NULL,NULL,NULL,NULL,'2026-05-16',NULL,'2026-05-16 11:13:49','2026-05-22 12:19:44'),(789,27,'Mussa Idrisa Mafuluma','0695052233','Rahma Sharifu Salumu','0745272243',1178,430,430000.00,315000.00,430000.00,115000.00,0.00,0.00,NULL,'pending',1,NULL,NULL,NULL,NULL,NULL,'2026-05-16',NULL,'2026-05-16 11:15:25','2026-05-22 12:19:44'),(790,40,'Hamis Shabani Omary','0682675812','Fatuma Mohamed Habdahlla','0759306178',117,430,430000.00,315000.00,430000.00,115000.00,0.00,0.00,NULL,'pending',1,NULL,NULL,NULL,NULL,NULL,'2026-05-16',NULL,'2026-05-16 11:29:01','2026-05-22 12:19:44'),(791,55,'Paschal Felecian Bushobelwa','0753601191','Elizabeth Mshana Mathew','0763085766',651,430,430000.00,315000.00,430000.00,115000.00,0.00,0.00,NULL,'pending',1,NULL,NULL,NULL,NULL,NULL,'2026-05-16',NULL,'2026-05-16 11:37:56','2026-05-22 12:19:44'),(792,57,'Agness Mwegelawa','+255762646949','Julius Julius','0652348637',1517,430,430000.00,315000.00,430000.00,115000.00,0.00,0.00,NULL,'pending',1,NULL,NULL,NULL,NULL,NULL,'2026-05-16',NULL,'2026-05-16 11:54:54','2026-05-22 12:19:44'),(793,34,'Abdul A Maliba','+255753506016','Salma Hemed Ngapunga','710823973',531,430,430000.00,315000.00,430000.00,115000.00,0.00,0.00,NULL,'pending',1,NULL,NULL,NULL,NULL,NULL,'2026-05-16',NULL,'2026-05-16 11:55:54','2026-05-22 12:19:44'),(794,37,'Leodgar G Aloyce','0703662162','Eden Baraka','0637762688',1658,430,430000.00,315000.00,430000.00,115000.00,0.00,0.00,NULL,'pending',1,NULL,NULL,NULL,NULL,NULL,'2026-05-16',NULL,'2026-05-16 12:09:40','2026-05-22 12:19:44'),(795,56,'Paskali T Yakulwa','+255711634700','Paul Mwenda','0696075535',881,430,430000.00,315000.00,430000.00,115000.00,0.00,0.00,NULL,'pending',1,NULL,NULL,NULL,NULL,NULL,'2026-05-16',NULL,'2026-05-16 12:27:32','2026-05-22 12:19:44'),(796,58,'Ibrahim A Hamisi','0770483276','Fatuma Rashid Tawaleni','0617987376',420,430,430000.00,315000.00,430000.00,115000.00,0.00,0.00,NULL,'pending',1,NULL,NULL,NULL,NULL,NULL,'2026-05-16',NULL,'2026-05-16 12:28:33','2026-05-22 12:19:44'),(797,56,'Mery S Maliki','+255796158838','Joseph Maganga','0713978507',872,430,430000.00,315000.00,430000.00,115000.00,0.00,0.00,NULL,'pending',1,NULL,NULL,NULL,NULL,NULL,'2026-05-16',NULL,'2026-05-16 12:33:10','2026-05-22 12:19:44'),(798,16,'Denatha Kokwongeza','0782505816','James Thomas Francis','0762133902',119,430,430000.00,315000.00,430000.00,115000.00,0.00,0.00,NULL,'pending',1,NULL,NULL,NULL,NULL,NULL,'2026-05-16',NULL,'2026-05-16 12:43:00','2026-05-22 12:19:44'),(799,57,'Jeremia Kinama','0795988290','Elia Juma','0759422282',1511,430,430000.00,315000.00,430000.00,115000.00,0.00,0.00,NULL,'pending',1,NULL,NULL,NULL,NULL,NULL,'2026-05-16',NULL,'2026-05-16 13:13:21','2026-05-22 12:19:44'),(800,57,'Lusia Simon','0796354329','Mwajuma Hamidu','0699302044',325,430,430000.00,315000.00,430000.00,115000.00,0.00,0.00,NULL,'pending',1,NULL,NULL,NULL,NULL,NULL,'2026-05-16',NULL,'2026-05-16 13:15:24','2026-05-22 12:19:44'),(801,57,'Msafiri Njogopa','0750035627','Jeremia Ngunga','0695479147',861,430,430000.00,315000.00,430000.00,115000.00,0.00,0.00,NULL,'pending',1,NULL,NULL,NULL,NULL,NULL,'2026-05-16',NULL,'2026-05-16 13:17:15','2026-05-22 12:19:44'),(802,74,'Aisha H Mpua','+255663107176','Swaumu Abdallah Kunda','0784360873',1668,430,430000.00,315000.00,430000.00,115000.00,0.00,0.00,NULL,'pending',1,NULL,NULL,NULL,NULL,NULL,'2026-05-16',NULL,'2026-05-16 13:19:08','2026-05-22 12:19:44'),(803,57,'Nelly John','0798757035',NULL,NULL,1664,430,430000.00,315000.00,430000.00,115000.00,0.00,0.00,NULL,'pending',1,NULL,NULL,NULL,NULL,NULL,'2026-05-16',NULL,'2026-05-16 13:23:47','2026-05-22 12:19:44'),(804,30,'Neema Julius Kisaka','0683041393','Juliana Julius Mussa','0785861424',884,430,430000.00,315000.00,430000.00,115000.00,0.00,0.00,NULL,'pending',1,NULL,NULL,NULL,NULL,NULL,'2026-05-16',NULL,'2026-05-16 13:27:39','2026-05-22 12:19:44'),(805,17,'Jacklina Isaya Boniphace','0663380478','Beatha Isaya Boniphace','0617468912',1067,430,430000.00,315000.00,430000.00,115000.00,0.00,0.00,NULL,'pending',1,NULL,NULL,NULL,NULL,NULL,'2026-05-16',NULL,'2026-05-16 13:37:21','2026-05-22 12:19:44'),(806,22,'VISENT JEREMIA GAKENYELI','0682521600','KWILASA LULUSHI KIMALI','0786934574',1670,430,430000.00,315000.00,430000.00,115000.00,0.00,0.00,NULL,'pending',1,NULL,NULL,NULL,NULL,NULL,'2026-05-16',NULL,'2026-05-16 13:37:29','2026-05-22 12:19:44'),(807,56,'Elias B Magoti','+255680725917','Ezra Yusuph Timotheo','0796388455',638,430,430000.00,315000.00,430000.00,115000.00,0.00,0.00,NULL,'pending',1,NULL,NULL,NULL,NULL,NULL,'2026-05-16',NULL,'2026-05-16 13:46:32','2026-05-22 12:19:44'),(808,34,'Vicenti Raymond Silayo','+255670962482','Raymond Vicenti Silayo','684108332',516,430,430000.00,315000.00,430000.00,115000.00,0.00,0.00,NULL,'pending',1,NULL,NULL,NULL,NULL,NULL,'2026-05-16',NULL,'2026-05-16 13:48:48','2026-05-22 12:19:44'),(809,35,'Barnabas Fumbuka','+255769131113','Leah maila','0742906509',279,430,430000.00,315000.00,430000.00,115000.00,0.00,0.00,NULL,'pending',1,NULL,NULL,NULL,NULL,NULL,'2026-05-16',NULL,'2026-05-16 14:01:05','2026-05-22 12:19:44'),(810,54,'Ikramu Issa Ally','0790073703','Juma Yasin','0614530451',462,430,430000.00,315000.00,430000.00,115000.00,0.00,0.00,NULL,'pending',1,NULL,NULL,NULL,NULL,NULL,'2026-05-16',NULL,'2026-05-16 14:04:47','2026-05-22 12:19:44'),(811,57,'Juma Bilali','0747711359','Mwajuma Hemed','0766571416',526,430,430000.00,315000.00,430000.00,115000.00,0.00,0.00,NULL,'pending',1,NULL,NULL,NULL,NULL,NULL,'2026-05-16',NULL,'2026-05-16 14:04:55','2026-05-22 12:19:44'),(812,57,'Zuberi Rajabu','+255799883348','Loveness Tito','0632569874',423,430,430000.00,315000.00,430000.00,115000.00,0.00,0.00,NULL,'pending',1,NULL,NULL,NULL,NULL,NULL,'2026-05-16',NULL,'2026-05-16 14:06:59','2026-05-22 12:19:44'),(813,56,'Rozi Richard Kimbute','+255777998048','veronika Richard kimbute','0755721129',871,430,430000.00,315000.00,430000.00,115000.00,0.00,0.00,NULL,'pending',1,NULL,NULL,NULL,NULL,NULL,'2026-05-16',NULL,'2026-05-16 14:15:30','2026-05-22 12:19:44'),(814,37,'Haji Juma Haji','0790525961','Siwema Njile','0702819570',1054,430,430000.00,315000.00,430000.00,115000.00,0.00,0.00,NULL,'pending',1,NULL,NULL,NULL,NULL,NULL,'2026-05-16',NULL,'2026-05-16 14:15:47','2026-05-22 12:19:44'),(815,65,'Penina B Njee','+255762173322','Prisca Joseph','0657648456',656,430,430000.00,315000.00,430000.00,115000.00,0.00,0.00,NULL,'pending',1,NULL,NULL,NULL,NULL,NULL,'2026-05-16',NULL,'2026-05-16 14:31:05','2026-05-22 12:19:44'),(816,55,'Godfrey Yona Kondo','0664700340','Sospeter Nicholaus Tangas','0681651226',867,430,430000.00,315000.00,430000.00,115000.00,0.00,0.00,NULL,'pending',1,NULL,NULL,NULL,NULL,NULL,'2026-05-16',NULL,'2026-05-16 14:38:31','2026-05-22 12:19:44'),(817,25,'Rukia M Abdallah','0686083229','Nasla W Salumu','0625000370',458,430,430000.00,315000.00,430000.00,115000.00,0.00,0.00,NULL,'pending',1,NULL,NULL,NULL,NULL,NULL,'2026-05-16',NULL,'2026-05-16 14:40:46','2026-05-22 12:19:44'),(818,65,'Salma M Ally','0798443360','Khadija  Omary','0757636479',659,430,430000.00,315000.00,430000.00,115000.00,0.00,0.00,NULL,'pending',1,NULL,NULL,NULL,NULL,NULL,'2026-05-16',NULL,'2026-05-16 14:42:06','2026-05-22 12:19:44'),(819,57,'Dannyfrey Sanao','+255740703241','Hassan Sese','0717198286',1665,430,430000.00,315000.00,430000.00,115000.00,0.00,0.00,NULL,'pending',1,NULL,NULL,NULL,NULL,NULL,'2026-05-16',NULL,'2026-05-16 14:43:31','2026-05-22 12:19:44'),(820,57,'Maimuna Bedo','0779953630','Shadia Salumu','0618141714',1662,430,430000.00,315000.00,430000.00,115000.00,0.00,0.00,NULL,'pending',1,NULL,NULL,NULL,NULL,NULL,'2026-05-16',NULL,'2026-05-16 14:44:53','2026-05-22 12:19:44'),(821,57,'Gabriel Athumani','+255689352254','Juma Athuman','0755671818',1663,430,430000.00,315000.00,430000.00,115000.00,0.00,0.00,NULL,'pending',1,NULL,NULL,NULL,NULL,NULL,'2026-05-16',NULL,'2026-05-16 14:49:02','2026-05-22 12:19:44'),(822,27,'Ratifa I Mrisho','0791139477','Nadya Seleman Ngozi','0745139477',1179,430,430000.00,315000.00,430000.00,115000.00,0.00,0.00,NULL,'pending',1,NULL,NULL,NULL,NULL,NULL,'2026-05-16',NULL,'2026-05-16 15:07:33','2026-05-22 12:19:44'),(823,73,'Kasui Muhamed Kalunga','0755647674','Nyamna Muhamed Karungu','0656396596',1084,430,430000.00,315000.00,430000.00,115000.00,0.00,0.00,NULL,'pending',1,NULL,NULL,NULL,NULL,NULL,'2026-05-16',NULL,'2026-05-16 15:16:24','2026-05-22 12:19:44'),(824,25,'Mosoud A Mohamedi','0671241907','Abdallah S Hamisi','0712746199',1121,430,430000.00,315000.00,430000.00,115000.00,0.00,0.00,NULL,'pending',1,NULL,NULL,NULL,NULL,NULL,'2026-05-16',NULL,'2026-05-16 15:50:46','2026-05-22 12:19:44'),(825,57,'Siwema Rashidi','0797181577','Ramadhani Rizione','0755798926',1507,430,430000.00,315000.00,430000.00,115000.00,0.00,0.00,NULL,'pending',1,NULL,NULL,NULL,NULL,NULL,'2026-05-16',NULL,'2026-05-16 15:50:56','2026-05-22 12:19:44'),(826,57,'Nemhina Rajabu','0651489833','John Laphael','0741815410',1660,430,430000.00,315000.00,430000.00,115000.00,0.00,0.00,NULL,'pending',1,NULL,NULL,NULL,NULL,NULL,'2026-05-16',NULL,'2026-05-16 16:12:23','2026-05-22 12:19:44'),(827,57,'Elizabeth Mwakatobe','+255653945768','Zilpa Faustin','0712734113',1666,430,430000.00,315000.00,430000.00,115000.00,0.00,0.00,NULL,'pending',1,NULL,NULL,NULL,NULL,NULL,'2026-05-16',NULL,'2026-05-16 16:14:38','2026-05-22 12:19:44'),(828,74,'Salum K Kaitanus','+255657794725','Asha Juma Salumu','0657794725',835,430,430000.00,315000.00,430000.00,115000.00,0.00,0.00,NULL,'pending',1,NULL,NULL,NULL,NULL,NULL,'2026-05-16',NULL,'2026-05-16 16:19:15','2026-05-22 12:19:44'),(829,63,'Adam january','0755709381','shakiru juma','+255772774347',1659,430,430000.00,315000.00,430000.00,115000.00,0.00,0.00,NULL,'pending',1,NULL,NULL,NULL,NULL,NULL,'2026-05-16',NULL,'2026-05-16 16:29:34','2026-05-22 12:19:44'),(830,25,'Sophia J Kanoni','0650065686','Mikidani Y Milanzi','0774317189',1122,430,430000.00,315000.00,430000.00,115000.00,0.00,0.00,NULL,'pending',1,NULL,NULL,NULL,NULL,NULL,'2026-05-16',NULL,'2026-05-16 16:40:11','2026-05-22 12:19:44'),(831,17,'Emanuel Elenest Gongo','0666237100','Christina Emanuel Gongo','0698523756',1068,430,430000.00,315000.00,430000.00,115000.00,0.00,0.00,NULL,'pending',1,NULL,NULL,NULL,NULL,NULL,'2026-05-16',NULL,'2026-05-16 16:51:22','2026-05-22 12:19:44'),(832,22,'LAULENCIA KASHINJE KILASA','0753077132','ELIAS EMMANUEL SAGUDA','0682467419',1672,430,430000.00,315000.00,430000.00,115000.00,0.00,0.00,NULL,'pending',1,NULL,NULL,NULL,NULL,NULL,'2026-05-16',NULL,'2026-05-16 16:59:25','2026-05-22 12:19:44'),(833,63,'philipo marwa mwita','0760035789','marwa mwita','0651460836',118,430,430000.00,315000.00,430000.00,115000.00,0.00,0.00,NULL,'pending',1,NULL,NULL,NULL,NULL,NULL,'2026-05-16',NULL,'2026-05-16 16:59:36','2026-05-22 12:19:44'),(834,31,'Saidi A Ngilante','0791583777','Qurusum','0793041525',319,430,430000.00,315000.00,430000.00,115000.00,0.00,0.00,NULL,'pending',1,NULL,NULL,NULL,NULL,NULL,'2026-05-16',NULL,'2026-05-16 17:00:30','2026-05-22 12:19:44'),(835,57,'Judith Bonaventure','+255652772462','Elia Juma','0776301323',1661,430,430000.00,315000.00,430000.00,115000.00,0.00,0.00,NULL,'pending',1,NULL,NULL,NULL,NULL,NULL,'2026-05-16',NULL,'2026-05-16 17:00:41','2026-05-22 12:19:44'),(836,27,'Grece M Machum','0776059343','Milika Milima Machum','0765615234',1177,430,430000.00,315000.00,430000.00,115000.00,0.00,0.00,NULL,'pending',1,NULL,NULL,NULL,NULL,NULL,'2026-05-16',NULL,'2026-05-16 17:03:06','2026-05-22 12:19:44'),(837,75,'Adamu Ally Salehe','0686945082','Lucia Emanuel Mengwa','0650488590',487,430,430000.00,315000.00,430000.00,115000.00,0.00,0.00,NULL,'pending',1,NULL,NULL,NULL,NULL,NULL,'2026-05-16',NULL,'2026-05-16 17:41:12','2026-05-22 12:19:45'),(838,37,'Shuhuda A Mmbaga','0694326937','Nehemia Wiliaon','0779085411',158,430,430000.00,315000.00,430000.00,115000.00,0.00,0.00,NULL,'pending',1,NULL,NULL,NULL,NULL,NULL,'2026-05-16',NULL,'2026-05-16 17:55:21','2026-05-22 12:19:45'),(839,57,'Yusuf Sakota','+255787346647','Aziza Zoya','0773432337',1500,430,430000.00,315000.00,430000.00,115000.00,0.00,0.00,NULL,'pending',1,NULL,NULL,NULL,NULL,NULL,'2026-05-16',NULL,'2026-05-16 17:55:41','2026-05-22 12:19:45'),(840,73,'Abdallah Hamadi Khamisi','0718827620','Fatuma Hassan Bakari','0674715352',725,430,430000.00,315000.00,430000.00,115000.00,0.00,0.00,NULL,'pending',1,NULL,NULL,NULL,NULL,NULL,'2026-05-16',NULL,'2026-05-16 18:13:38','2026-05-22 12:19:45'),(841,92,'HAPPINESS ALOYCE SWAI','0793393178','Eline David Urio','0626815812',1169,430,430000.00,315000.00,430000.00,115000.00,0.00,0.00,NULL,'pending',1,NULL,NULL,NULL,NULL,NULL,'2026-05-16',NULL,'2026-05-16 18:18:37','2026-05-22 12:19:45'),(842,74,'Tatu M Mahenge','+255718791780','Anna Rameck Mgalonje','0714020464',1669,430,430000.00,315000.00,430000.00,115000.00,0.00,0.00,NULL,'pending',1,NULL,NULL,NULL,NULL,NULL,'2026-05-16',NULL,'2026-05-16 18:25:05','2026-05-22 12:19:45'),(843,22,'MAGOLI ISEZO MGABE','0685808451','RAHIM MAHAMUDU NDAGIWE','0639091348',1673,430,430000.00,315000.00,430000.00,115000.00,0.00,0.00,NULL,'pending',1,NULL,NULL,NULL,NULL,NULL,'2026-05-16',NULL,'2026-05-16 18:31:08','2026-05-22 12:19:45'),(844,40,'Modesta Makoe Katemi','0797604330','Tabu William Shija','0741663507',1145,430,430000.00,315000.00,430000.00,115000.00,0.00,0.00,NULL,'pending',1,NULL,NULL,NULL,NULL,NULL,'2026-05-16',NULL,'2026-05-16 18:32:45','2026-05-22 12:19:45'),(845,35,'Msafiri Halfa Ally','+255651135025','Bushiri Mohamed','0651135025',311,430,430000.00,315000.00,430000.00,115000.00,0.00,0.00,NULL,'pending',1,NULL,NULL,NULL,NULL,NULL,'2026-05-16',NULL,'2026-05-16 18:34:59','2026-05-22 12:19:45'),(846,65,'Sophia Lucas Lujegi','0761884142','Amina Salum','761536119',662,430,430000.00,315000.00,430000.00,115000.00,0.00,0.00,NULL,'pending',1,NULL,NULL,NULL,NULL,NULL,'2026-05-17',NULL,'2026-05-17 07:16:51','2026-05-22 12:19:45'),(847,65,'Mselem Salum Ally','0626751200','Majidy Salum','743459133',661,430,430000.00,315000.00,430000.00,115000.00,0.00,0.00,NULL,'pending',1,NULL,NULL,NULL,NULL,NULL,'2026-05-17',NULL,'2026-05-17 07:45:09','2026-05-22 12:19:45'),(848,17,'Zawad Didas Nyakujerwa','0694665776','Paskazia Mjalifu Manyas','0629703915',1671,430,430000.00,315000.00,430000.00,115000.00,0.00,0.00,NULL,'pending',1,NULL,NULL,NULL,NULL,NULL,'2026-05-17',NULL,'2026-05-17 08:32:41','2026-05-22 12:19:45'),(849,20,'Godfrey J Ngowi','656701680','Digna Kalisti Marandu','0659566254',793,430,430000.00,315000.00,430000.00,115000.00,0.00,0.00,NULL,'pending',1,NULL,NULL,NULL,NULL,NULL,'2026-05-17',NULL,'2026-05-17 08:45:09','2026-05-22 12:19:45'),(850,65,'Waziri Mussa Makange','746481956','Amida Jabir','0777275500',825,430,430000.00,315000.00,430000.00,115000.00,0.00,0.00,NULL,'pending',1,NULL,NULL,NULL,NULL,NULL,'2026-05-17',NULL,'2026-05-17 09:05:26','2026-05-22 12:19:45'),(851,100,'Bojack C Mtambo','0791211441','Maiko E Kasonso','0788639955',745,430,430000.00,315000.00,430000.00,115000.00,0.00,0.00,NULL,'pending',1,NULL,NULL,NULL,NULL,NULL,'2026-05-17',NULL,'2026-05-17 09:18:52','2026-05-22 12:19:45'),(852,52,'Jofrey  Clemenc','782606890','Eva Michael Makame','798575399',282,430,430000.00,315000.00,430000.00,115000.00,0.00,0.00,NULL,'pending',1,NULL,NULL,NULL,NULL,NULL,'2026-05-17',NULL,'2026-05-17 09:52:18','2026-05-22 12:19:45'),(853,65,'Elizabeth F Tesha','0663199825','Asha Saleh','0781808178',852,430,430000.00,315000.00,430000.00,115000.00,0.00,0.00,NULL,'pending',1,NULL,NULL,NULL,NULL,NULL,'2026-05-17',NULL,'2026-05-17 10:21:40','2026-05-22 12:19:45'),(854,57,'Aweso Mniga','+255675723365','Salehema Mussa','0755300250',1408,430,430000.00,315000.00,430000.00,115000.00,0.00,0.00,NULL,'pending',1,NULL,NULL,NULL,NULL,NULL,'2026-05-17',NULL,'2026-05-17 10:37:42','2026-05-22 12:19:45'),(855,25,'Daniel C Lilandoma','+255697982119','Elik J Singa','0686827680',697,430,430000.00,315000.00,430000.00,115000.00,0.00,0.00,NULL,'pending',1,NULL,NULL,NULL,NULL,NULL,'2026-05-17',NULL,'2026-05-17 11:27:45','2026-05-22 12:19:45'),(856,65,'Anna S Ismaili','0677408302','Stella John','0768553971',866,430,430000.00,315000.00,430000.00,115000.00,0.00,0.00,NULL,'pending',1,NULL,NULL,NULL,NULL,NULL,'2026-05-17',NULL,'2026-05-17 12:23:36','2026-05-22 12:19:45'),(857,65,'Ekati Thobias Msungu','0666720916','Eva Jeremia','0712415500',862,430,430000.00,315000.00,430000.00,115000.00,0.00,0.00,NULL,'pending',1,NULL,NULL,NULL,NULL,NULL,'2026-05-17',NULL,'2026-05-17 12:26:01','2026-05-22 12:19:45'),(858,35,'Abdallah Abdallah','+255684272299','Amina ally tarimo','0655034848',328,430,430000.00,315000.00,430000.00,115000.00,0.00,0.00,NULL,'pending',1,NULL,NULL,NULL,NULL,NULL,'2026-05-17',NULL,'2026-05-17 12:37:01','2026-05-22 12:19:45'),(859,27,'Mbaraka Kinyaka Laiton','0686889431','Said Juma Anta','0782768449',1173,430,430000.00,315000.00,430000.00,115000.00,0.00,0.00,NULL,'pending',1,NULL,NULL,NULL,NULL,NULL,'2026-05-17',NULL,'2026-05-17 13:04:47','2026-05-22 12:19:45'),(860,65,'Hamisi Ally Kilete','0773098188','Ramadhani Khamisi','0786279636',858,430,430000.00,315000.00,430000.00,115000.00,0.00,0.00,NULL,'pending',1,NULL,NULL,NULL,NULL,NULL,'2026-05-17',NULL,'2026-05-17 13:28:29','2026-05-22 12:19:45'),(861,26,'Frank L Mpande','0711722133','Stanley Conlad Mpande','0786635394',318,430,430000.00,315000.00,430000.00,115000.00,0.00,0.00,NULL,'pending',1,NULL,NULL,NULL,NULL,NULL,'2026-05-17',NULL,'2026-05-17 13:32:17','2026-05-22 12:19:45'),(862,74,'Selina F Madilo','+255684411465','Yilitha Felisian Madilo','0676786504',827,430,430000.00,315000.00,430000.00,115000.00,0.00,0.00,NULL,'pending',1,NULL,NULL,NULL,NULL,NULL,'2026-05-17',NULL,'2026-05-17 14:16:03','2026-05-22 12:19:45'),(863,65,'Saida  Saidi Chuti','0712296852','Fatna  Shabani','0634641404',850,430,430000.00,315000.00,430000.00,115000.00,0.00,0.00,NULL,'pending',1,NULL,NULL,NULL,NULL,NULL,'2026-05-17',NULL,'2026-05-17 15:00:21','2026-05-22 12:19:45'),(864,55,'Abdulazaki Athuman Mwisomba','0764841237','Aisha Salum Jirani','0674647277',645,430,430000.00,315000.00,430000.00,115000.00,0.00,0.00,NULL,'pending',1,NULL,NULL,NULL,NULL,NULL,'2026-05-18',NULL,'2026-05-18 06:19:31','2026-05-22 12:19:45'),(865,31,'Thomas E Dunda','0793731682','Jonas','0626254465',280,430,430000.00,315000.00,430000.00,115000.00,0.00,0.00,NULL,'pending',1,NULL,NULL,NULL,NULL,NULL,'2026-05-18',NULL,'2026-05-18 07:07:11','2026-05-22 12:19:45'),(866,39,'Deborah G Mbilinyi','0695064130','Amosi Gidioni Mbilinyi','0745708874',775,430,430000.00,315000.00,430000.00,115000.00,0.00,0.00,NULL,'pending',1,NULL,NULL,NULL,NULL,NULL,'2026-05-18',NULL,'2026-05-18 08:16:55','2026-05-22 12:19:45'),(867,31,'Lazaro L Lyanga','0797820294','Muksin','0622236889',278,430,430000.00,315000.00,430000.00,115000.00,0.00,0.00,NULL,'pending',1,NULL,NULL,NULL,NULL,NULL,'2026-05-18',NULL,'2026-05-18 08:34:17','2026-05-22 12:19:45'),(868,55,'Peter Kulinganizya Mabela','0713636695','Maganga Kulwa Masanja','0692344021',882,430,430000.00,315000.00,430000.00,115000.00,0.00,0.00,NULL,'pending',1,NULL,NULL,NULL,NULL,NULL,'2026-05-18',NULL,'2026-05-18 08:34:49','2026-05-22 12:19:45'),(869,40,'Magreth Zephania Maliganya','0788953861','Joram Elia Meneja','0779729042',1337,430,430000.00,315000.00,430000.00,115000.00,0.00,0.00,NULL,'pending',1,NULL,NULL,NULL,NULL,NULL,'2026-05-18',NULL,'2026-05-18 08:47:09','2026-05-22 12:19:45'),(870,17,'Maria Jonas Sabora','0744036961','Bwire Marwa Mwita','0711691712',1334,430,430000.00,315000.00,430000.00,115000.00,0.00,0.00,NULL,'pending',1,NULL,NULL,NULL,NULL,NULL,'2026-05-18',NULL,'2026-05-18 09:02:19','2026-05-22 12:19:45'),(871,31,'Peter Josephat Urio','0656481572','Omary Yusuph','0656458871',337,430,430000.00,315000.00,430000.00,115000.00,0.00,0.00,NULL,'pending',1,NULL,NULL,NULL,NULL,NULL,'2026-05-18',NULL,'2026-05-18 09:22:21','2026-05-22 12:19:45'),(872,22,'MARIAM JOEL CLEMENT','0740920457','REHEMA CLEMENT MAGANGA','0749404499',1702,430,430000.00,315000.00,430000.00,115000.00,0.00,0.00,NULL,'pending',1,NULL,NULL,NULL,NULL,NULL,'2026-05-18',NULL,'2026-05-18 09:48:06','2026-05-22 12:19:45'),(873,35,'Khanifa H Mohamed','+255794251579','Husna Halim','0618741274',1186,430,430000.00,315000.00,430000.00,115000.00,0.00,0.00,NULL,'pending',1,NULL,NULL,NULL,NULL,NULL,'2026-05-18',NULL,'2026-05-18 10:06:16','2026-05-22 12:19:45'),(874,55,'Marysiana Helmes France','0716968125','Ibrahim Shabani Mohammed','0650530753',660,430,430000.00,315000.00,430000.00,115000.00,0.00,0.00,NULL,'pending',1,NULL,NULL,NULL,NULL,NULL,'2026-05-18',NULL,'2026-05-18 10:06:41','2026-05-22 12:19:45'),(875,34,'Erick Maurus Gama','+255798852544','Emanuel Elbariki Emanuel','680211276',1514,430,430000.00,315000.00,430000.00,115000.00,0.00,0.00,NULL,'pending',1,NULL,NULL,NULL,NULL,NULL,'2026-05-18',NULL,'2026-05-18 10:16:56','2026-05-22 12:19:45'),(876,65,'Jelemia Filbert   Tama','0769956379','Yacob Allon','684702066',848,430,430000.00,315000.00,430000.00,115000.00,0.00,0.00,NULL,'pending',1,NULL,NULL,NULL,NULL,NULL,'2026-05-18',NULL,'2026-05-18 10:33:47','2026-05-22 12:19:45'),(877,17,'Kennedy Bahati Kassembe','0793419829','Lubinza Lushinge Mayenga','0691615310',1245,430,430000.00,315000.00,430000.00,115000.00,0.00,0.00,NULL,'pending',1,NULL,NULL,NULL,NULL,NULL,'2026-05-18',NULL,'2026-05-18 10:35:47','2026-05-22 12:19:45'),(878,63,'mary jackson salum','0797983836','loyce benjamin','0741843710',1232,430,430000.00,315000.00,430000.00,115000.00,0.00,0.00,NULL,'pending',1,NULL,NULL,NULL,NULL,NULL,'2026-05-18',NULL,'2026-05-18 10:40:22','2026-05-22 12:19:45'),(879,31,'Christina S Abdul','0791833396','Frances','0788505181',277,430,430000.00,315000.00,430000.00,115000.00,0.00,0.00,NULL,'pending',1,NULL,NULL,NULL,NULL,NULL,'2026-05-18',NULL,'2026-05-18 10:48:20','2026-05-22 12:19:45'),(880,73,'Evelist Petro Michael','0756359738','Albert Petro Michael','0755768478',604,430,430000.00,315000.00,430000.00,115000.00,0.00,0.00,NULL,'pending',1,NULL,NULL,NULL,NULL,NULL,'2026-05-18',NULL,'2026-05-18 10:49:09','2026-05-22 12:19:45'),(881,39,'Sililo S Mdaki','0682818385','Eva Saidi Mdaki','0788543849',784,430,430000.00,315000.00,430000.00,115000.00,0.00,0.00,NULL,'pending',1,NULL,NULL,NULL,NULL,NULL,'2026-05-18',NULL,'2026-05-18 11:07:44','2026-05-22 12:19:45'),(882,56,'Emmanuely Hamis Mwita','0662050481','Selemani Said Kwembe','0792056969',828,430,430000.00,315000.00,430000.00,115000.00,0.00,0.00,NULL,'pending',1,NULL,NULL,NULL,NULL,NULL,'2026-05-18',NULL,'2026-05-18 11:08:26','2026-05-22 12:19:45'),(883,24,'Rajabu Nasibu','0760431736','Fatus Flugence','0744969072',1703,430,430000.00,315000.00,430000.00,115000.00,0.00,0.00,NULL,'pending',1,NULL,NULL,NULL,NULL,NULL,'2026-05-18',NULL,'2026-05-18 11:19:36','2026-05-22 12:19:45'),(884,27,'Shabani Rajabu Rai','0787006741','Ibraimu Ally Sefu','0793227467',1176,430,430000.00,315000.00,430000.00,115000.00,0.00,0.00,NULL,'pending',1,NULL,NULL,NULL,NULL,NULL,'2026-05-18',NULL,'2026-05-18 11:33:29','2026-05-22 12:19:45'),(885,34,'Fatuma H Nyange','+255744982132','Omary Hudi Omary','789190838',1515,430,430000.00,315000.00,430000.00,115000.00,0.00,0.00,NULL,'pending',1,NULL,NULL,NULL,NULL,NULL,'2026-05-18',NULL,'2026-05-18 11:47:57','2026-05-22 12:19:45'),(886,58,'Omary Rajabu Linyama','0657120841','Mwanaidi Rajabu Mzee','0712289851',836,430,430000.00,315000.00,430000.00,115000.00,0.00,0.00,NULL,'pending',1,NULL,NULL,NULL,NULL,NULL,'2026-05-18',NULL,'2026-05-18 11:50:03','2026-05-22 12:19:45'),(887,20,'Jex J John','+255759583718','Salum Juma Jumanne','0687410539',839,430,430000.00,315000.00,430000.00,115000.00,0.00,0.00,NULL,'pending',1,NULL,NULL,NULL,NULL,NULL,'2026-05-18',NULL,'2026-05-18 11:56:17','2026-05-22 12:19:45'),(888,17,'Chausiku Mtesigwa Malima','0741484882','Patrick Masangara Mulungu','0757745199',1237,430,430000.00,315000.00,430000.00,115000.00,0.00,0.00,NULL,'pending',1,NULL,NULL,NULL,NULL,NULL,'2026-05-18',NULL,'2026-05-18 12:00:43','2026-05-22 12:19:45'),(889,17,'Rooney Ndaro Reuben','0740530823','Daud Mayunga Luyaya','0764531299',1235,430,430000.00,315000.00,430000.00,115000.00,0.00,0.00,NULL,'pending',1,NULL,NULL,NULL,NULL,NULL,'2026-05-18',NULL,'2026-05-18 12:04:31','2026-05-22 12:19:45'),(890,54,'Salma Ally Mollely','0799798181','Nuhu Hatibu','0674037323',845,430,430000.00,315000.00,430000.00,115000.00,0.00,0.00,NULL,'pending',1,NULL,NULL,NULL,NULL,NULL,'2026-05-18',NULL,'2026-05-18 12:06:08','2026-05-22 12:19:45'),(891,56,'Mustafa Seif','0790163295','Faudhia Selemani Mkwambi','0788181736',1396,430,430000.00,315000.00,430000.00,115000.00,0.00,0.00,NULL,'pending',1,NULL,NULL,NULL,NULL,NULL,'2026-05-18',NULL,'2026-05-18 12:25:21','2026-05-22 12:19:45'),(892,57,'Method Bangi','+255742095565','Amina Kamaka','0675494066',1409,430,430000.00,315000.00,430000.00,115000.00,0.00,0.00,NULL,'pending',1,NULL,NULL,NULL,NULL,NULL,'2026-05-18',NULL,'2026-05-18 12:28:57','2026-05-22 12:19:45'),(893,20,'Renatus P Luanda','0778585122','Andrea Meliki Ameli','0786116863',774,430,430000.00,315000.00,430000.00,115000.00,0.00,0.00,NULL,'pending',1,NULL,NULL,NULL,NULL,NULL,'2026-05-18',NULL,'2026-05-18 12:58:43','2026-05-22 12:19:45'),(894,37,'Grace M Kangaga','0746887896','Francis John','0754835549',1243,430,430000.00,315000.00,430000.00,115000.00,0.00,0.00,NULL,'pending',1,NULL,NULL,NULL,NULL,NULL,'2026-05-18',NULL,'2026-05-18 13:12:00','2026-05-22 12:19:45'),(895,65,'Said H Manjole','0778435739','Amina Said','0683568864',648,430,430000.00,315000.00,430000.00,115000.00,0.00,0.00,NULL,'pending',1,NULL,NULL,NULL,NULL,NULL,'2026-05-18',NULL,'2026-05-18 13:30:39','2026-05-22 12:19:45'),(896,58,'Festo Salumu Feisal','0653059695','Nicholaus Festo Gwimo','0637011817',841,430,430000.00,315000.00,430000.00,115000.00,0.00,0.00,NULL,'pending',1,NULL,NULL,NULL,NULL,NULL,'2026-05-18',NULL,'2026-05-18 13:30:56','2026-05-22 12:19:45'),(897,75,'Vaileth James Mlay','0710256690','Happy James Mlay','0743812705',510,430,430000.00,315000.00,430000.00,115000.00,0.00,0.00,NULL,'pending',1,NULL,NULL,NULL,NULL,NULL,'2026-05-18',NULL,'2026-05-18 13:39:35','2026-05-22 12:19:45'),(898,23,'Anastazia Timotheo John','0679185804','Bule Kanuta Masanja','0782582541',1706,430,430000.00,315000.00,430000.00,115000.00,0.00,0.00,NULL,'pending',1,NULL,NULL,NULL,NULL,NULL,'2026-05-18',NULL,'2026-05-18 13:43:42','2026-05-22 12:19:45'),(899,57,'Omary Michenje','0760415993','Zainabu Mhando','0790951463',443,430,430000.00,315000.00,430000.00,115000.00,0.00,0.00,NULL,'pending',1,NULL,NULL,NULL,NULL,NULL,'2026-05-18',NULL,'2026-05-18 13:51:00','2026-05-22 12:19:45'),(900,74,'Mohamed D Mohamed','+255750409945','Adil Athumani Mohamed','0611366004',842,430,430000.00,315000.00,430000.00,115000.00,0.00,0.00,NULL,'pending',1,NULL,NULL,NULL,NULL,NULL,'2026-05-18',NULL,'2026-05-18 13:54:06','2026-05-22 12:19:45'),(901,57,'Hassan Mgaya','+255745230939','Happy Kyando','0715776202',1510,430,430000.00,315000.00,430000.00,115000.00,0.00,0.00,NULL,'pending',1,NULL,NULL,NULL,NULL,NULL,'2026-05-18',NULL,'2026-05-18 13:55:44','2026-05-22 12:19:45'),(902,57,'Omary Iddi','+255689277826','Majuma Zaidu','0624345680',1402,430,430000.00,315000.00,430000.00,115000.00,0.00,0.00,NULL,'pending',1,NULL,NULL,NULL,NULL,NULL,'2026-05-18',NULL,'2026-05-18 14:02:44','2026-05-22 12:19:45'),(903,63,'jovin Faustene lugano','0783609466','fatuma omary','0759692802',1234,430,430000.00,315000.00,430000.00,115000.00,0.00,0.00,NULL,'pending',1,NULL,NULL,NULL,NULL,NULL,'2026-05-18',NULL,'2026-05-18 14:07:34','2026-05-22 12:19:45'),(904,65,'Edwin Albin Masawe','0692552558','Alen Masawe','0779953855',856,430,430000.00,315000.00,430000.00,115000.00,0.00,0.00,NULL,'pending',1,NULL,NULL,NULL,NULL,NULL,'2026-05-18',NULL,'2026-05-18 14:13:44','2026-05-22 12:19:45'),(905,57,'Sophia Sangaraza','0796881653','Mchemia Hamadi','0758071300',1410,430,430000.00,315000.00,430000.00,115000.00,0.00,0.00,NULL,'pending',1,NULL,NULL,NULL,NULL,NULL,'2026-05-18',NULL,'2026-05-18 15:03:23','2026-05-22 12:19:45'),(906,56,'Mwanaidd Issa Ally','0798321252','Hassan Abdallah Lionjo','0654292968',323,430,430000.00,315000.00,430000.00,115000.00,0.00,0.00,NULL,'pending',1,NULL,NULL,NULL,NULL,NULL,'2026-05-18',NULL,'2026-05-18 15:05:24','2026-05-22 12:19:46'),(907,17,'Zainab Machugu Mwita','0755979956','Lecho Masunga Kona','0756890752',1329,430,430000.00,315000.00,430000.00,115000.00,0.00,0.00,NULL,'pending',1,NULL,NULL,NULL,NULL,NULL,'2026-05-18',NULL,'2026-05-18 15:05:28','2026-05-22 12:19:46'),(908,57,'Emmanuel Julius','+255652019737','Juma Ally','0675363046',1400,430,430000.00,315000.00,430000.00,115000.00,0.00,0.00,NULL,'pending',1,NULL,NULL,NULL,NULL,NULL,'2026-05-18',NULL,'2026-05-18 15:06:03','2026-05-22 12:19:46'),(909,37,'Mariam Omar Salumu','0740266084','Grace Kangaga','0658878969',1338,430,430000.00,315000.00,430000.00,115000.00,0.00,0.00,NULL,'pending',1,NULL,NULL,NULL,NULL,NULL,'2026-05-18',NULL,'2026-05-18 15:07:53','2026-05-22 12:19:46'),(910,57,'Venant Thomas','+255702026436','Amina Abdalla','0699503011',1403,430,430000.00,315000.00,430000.00,115000.00,0.00,0.00,NULL,'pending',1,NULL,NULL,NULL,NULL,NULL,'2026-05-18',NULL,'2026-05-18 15:08:03','2026-05-22 12:19:46'),(911,19,'Ally Kadikilo Ndekanelo',NULL,NULL,NULL,1705,430,430000.00,315000.00,430000.00,115000.00,0.00,0.00,NULL,'pending',1,NULL,NULL,NULL,NULL,'[Converted from agent sale #9] Seller: BETINA EZROM MISHITA','2026-05-18',NULL,'2026-05-18 15:49:53','2026-05-22 12:19:46'),(912,95,'Noela Gervas','0794077731','Yusti Max Mulemezi','0620242881',1241,430,430000.00,315000.00,430000.00,115000.00,0.00,0.00,NULL,'pending',1,NULL,NULL,NULL,NULL,NULL,'2026-05-18',NULL,'2026-05-18 15:55:03','2026-05-22 12:19:46'),(913,40,'John Ezekiely Selengunzi','0752762069','Adili Elick Kezilahabi','0663936489',1343,430,430000.00,315000.00,430000.00,115000.00,0.00,0.00,NULL,'pending',1,NULL,NULL,NULL,NULL,NULL,'2026-05-18',NULL,'2026-05-18 15:57:44','2026-05-22 12:19:46'),(914,16,'Safri John','0666936097','Gildina Grace Isaka','0754373911',1347,430,430000.00,315000.00,430000.00,115000.00,0.00,0.00,NULL,'pending',1,NULL,NULL,NULL,NULL,NULL,'2026-05-18',NULL,'2026-05-18 16:09:08','2026-05-22 12:19:46'),(915,72,'Silas Daniel','+255755195052','Christina Venas Masambuli','620613216',341,430,430000.00,315000.00,430000.00,115000.00,0.00,0.00,NULL,'pending',1,NULL,NULL,NULL,NULL,NULL,'2026-05-18',NULL,'2026-05-18 16:17:34','2026-05-22 12:19:46'),(916,57,'Emmanuel Mlaganile','+255650561716','Hamisi Salumu','0753977245',1399,430,430000.00,315000.00,430000.00,115000.00,0.00,0.00,NULL,'pending',1,NULL,NULL,NULL,NULL,NULL,'2026-05-18',NULL,'2026-05-18 16:18:27','2026-05-22 12:19:46'),(917,20,'Raphael Charles Kijazi','0798365630','Joventha Jonathan Nshekanabo','0686875246',886,430,430000.00,315000.00,430000.00,115000.00,0.00,0.00,NULL,'pending',1,NULL,NULL,NULL,NULL,NULL,'2026-05-18',NULL,'2026-05-18 16:19:18','2026-05-22 12:19:46'),(918,20,'Jovetha Jonathan Nshekanabo','0686875246','Shoki Charles Samweli','0760837334',880,430,430000.00,315000.00,430000.00,115000.00,0.00,0.00,NULL,'pending',1,NULL,NULL,NULL,NULL,NULL,'2026-05-18',NULL,'2026-05-18 16:21:07','2026-05-22 12:19:46'),(919,56,'Amina Abuu Saidi','+255798228559','Rajabu Adam milanzi','0782811222',885,430,430000.00,315000.00,430000.00,115000.00,0.00,0.00,NULL,'pending',1,NULL,NULL,NULL,NULL,NULL,'2026-05-18',NULL,'2026-05-18 16:26:42','2026-05-22 12:19:46'),(920,27,'Ramadhani R Seleman','0697245166','Hassan Self Hassan','078171584',1170,430,430000.00,315000.00,430000.00,115000.00,0.00,0.00,NULL,'pending',1,NULL,NULL,NULL,NULL,NULL,'2026-05-18',NULL,'2026-05-18 16:40:00','2026-05-22 12:19:46'),(921,17,'Shadrick Damasi Kayoza','0702706181','Elizeus Kayoza Lezaula','0622102117',1244,430,430000.00,315000.00,430000.00,115000.00,0.00,0.00,NULL,'pending',1,NULL,NULL,NULL,NULL,NULL,'2026-05-18',NULL,'2026-05-18 16:44:30','2026-05-22 12:19:46'),(922,57,'Avit Mchomba','0777290954','Shabani Kibuna','0744434620',1506,430,430000.00,315000.00,430000.00,115000.00,0.00,0.00,NULL,'pending',1,NULL,NULL,NULL,NULL,NULL,'2026-05-18',NULL,'2026-05-18 16:56:35','2026-05-22 12:19:46'),(923,25,'Warda R Jamar','0750334443','Zaina R Juma','0679529574',470,430,430000.00,315000.00,430000.00,115000.00,0.00,0.00,NULL,'pending',1,NULL,NULL,NULL,NULL,NULL,'2026-05-18',NULL,'2026-05-18 17:00:10','2026-05-22 12:19:46'),(924,57,'Joshua Mwakatumbula','0652438767','Zaituni Makelele','0685340275',1404,430,430000.00,315000.00,430000.00,115000.00,0.00,0.00,NULL,'pending',1,NULL,NULL,NULL,NULL,NULL,'2026-05-18',NULL,'2026-05-18 17:07:00','2026-05-22 12:19:46'),(925,35,'Issa Rajabu Said','+255753729576','Halima saleh','0676588214',316,430,430000.00,315000.00,430000.00,115000.00,0.00,0.00,NULL,'pending',1,NULL,NULL,NULL,NULL,NULL,'2026-05-18',NULL,'2026-05-18 17:14:04','2026-05-22 12:19:46'),(926,35,'Shaban Husseni','+255747000479','Huba bakari','0683852753',1182,430,430000.00,315000.00,430000.00,115000.00,0.00,0.00,NULL,'pending',1,NULL,NULL,NULL,NULL,NULL,'2026-05-18',NULL,'2026-05-18 17:39:19','2026-05-22 12:19:46'),(927,26,'Liami Buberwa Elias','0783034872','Nuriath Kemilembe Nuru','0762130248',266,430,430000.00,315000.00,430000.00,115000.00,0.00,0.00,NULL,'pending',1,NULL,NULL,NULL,NULL,NULL,'2026-05-18',NULL,'2026-05-18 17:42:37','2026-05-22 12:19:46'),(928,39,'Magreth P Labia','0761780956','James Petro Labia','0761540459',767,430,430000.00,315000.00,430000.00,115000.00,0.00,0.00,NULL,'pending',1,NULL,NULL,NULL,NULL,NULL,'2026-05-18',NULL,'2026-05-18 17:51:18','2026-05-22 12:19:46'),(929,57,'Juma Dibagula','0786933686','Asha Juma','0653248953',865,430,430000.00,315000.00,430000.00,115000.00,0.00,0.00,NULL,'pending',1,NULL,NULL,NULL,NULL,NULL,'2026-05-18',NULL,'2026-05-18 18:05:18','2026-05-22 12:19:46'),(930,75,'Amosi Mugabo itare','0750686080','Tatiana Mohamed Alfred','0614868070',503,430,430000.00,315000.00,430000.00,115000.00,0.00,0.00,NULL,'pending',1,NULL,NULL,NULL,NULL,NULL,'2026-05-18',NULL,'2026-05-18 18:14:55','2026-05-22 12:19:46'),(931,35,'Manchan D Kapingu','+255748373257','Sabrina Khalfan','0629848949',650,430,430000.00,315000.00,430000.00,115000.00,0.00,0.00,NULL,'pending',1,NULL,NULL,NULL,NULL,NULL,'2026-05-18',NULL,'2026-05-18 18:42:50','2026-05-22 12:19:46'),(932,25,'Muntazilu R Lipala','0791252168','ZAMDA K MENGI','0739461834',1676,430,430000.00,315000.00,430000.00,115000.00,0.00,0.00,NULL,'pending',1,NULL,NULL,NULL,NULL,NULL,'2026-05-18',NULL,'2026-05-18 18:54:32','2026-05-22 12:19:46'),(933,75,'Rayuu  Hamis Shabani','0680998713','Shamsia Adam Shabani','0615239408',514,430,430000.00,315000.00,430000.00,115000.00,0.00,0.00,NULL,'pending',1,NULL,NULL,NULL,NULL,NULL,'2026-05-18',NULL,'2026-05-18 18:55:43','2026-05-22 12:19:46'),(934,28,'Tabu  Hussein Kigora','0752744645','Zuhura Hussein Kigora','0683146803',338,430,430000.00,315000.00,430000.00,115000.00,0.00,0.00,NULL,'pending',1,NULL,NULL,NULL,NULL,NULL,'2026-05-19',NULL,'2026-05-19 07:34:16','2026-05-22 12:19:46'),(935,37,'Meryciana T Sebastian','0752187021','Amina Tizirukwa','0757734014',1238,430,430000.00,315000.00,430000.00,115000.00,0.00,0.00,NULL,'pending',1,NULL,NULL,NULL,NULL,NULL,'2026-05-19',NULL,'2026-05-19 08:46:10','2026-05-22 12:19:46'),(936,34,'Zahara H Damiani','+255760088307','Penina Samwel Mbuya','799567293',1509,430,430000.00,315000.00,430000.00,115000.00,0.00,0.00,NULL,'pending',1,NULL,NULL,NULL,NULL,NULL,'2026-05-19',NULL,'2026-05-19 08:48:27','2026-05-22 12:19:46'),(937,55,'Hassan Juma Mrisho','0763610888','Steven Raymond Chitumbi','712843847',1688,430,430000.00,315000.00,430000.00,115000.00,0.00,0.00,NULL,'pending',1,NULL,NULL,NULL,NULL,NULL,'2026-05-19',NULL,'2026-05-19 09:32:02','2026-05-22 12:19:46'),(938,54,'Sabrina  Abdala Ally','0749721014','Tina Saimoni','0714748813',874,430,430000.00,315000.00,430000.00,115000.00,0.00,0.00,NULL,'pending',1,NULL,NULL,NULL,NULL,NULL,'2026-05-19',NULL,'2026-05-19 09:34:22','2026-05-22 12:19:46'),(939,63,'antony shija Gerald','0665361186','Mohammed mussa','0799099575',1327,430,430000.00,315000.00,430000.00,115000.00,0.00,0.00,NULL,'pending',1,NULL,NULL,NULL,NULL,NULL,'2026-05-19',NULL,'2026-05-19 10:01:12','2026-05-22 12:19:46'),(940,52,'Kassim A Mtopa','664666139','Amin Ramadhan Mnyani','622588191',339,430,430000.00,315000.00,430000.00,115000.00,0.00,0.00,NULL,'pending',1,NULL,NULL,NULL,NULL,NULL,'2026-05-19',NULL,'2026-05-19 10:27:20','2026-05-22 12:19:46'),(941,74,'Vumilia A Andasoni','+255694648220','Twiputege Jackson Mwasulama','0694142282',832,430,430000.00,315000.00,430000.00,115000.00,0.00,0.00,NULL,'pending',1,NULL,NULL,NULL,NULL,NULL,'2026-05-19',NULL,'2026-05-19 10:42:20','2026-05-22 12:19:46'),(942,81,'elisha Revocatus Raymond','0793476602','WITNESS MTAJU MTAJU','0666649690',934,430,430000.00,315000.00,430000.00,115000.00,0.00,0.00,NULL,'pending',1,NULL,NULL,NULL,NULL,NULL,'2026-05-19',NULL,'2026-05-19 10:43:00','2026-05-22 12:19:46'),(943,63,'derick aluphonce bunina','0799218603','Richard Robert','0755877768',1354,430,430000.00,315000.00,430000.00,115000.00,0.00,0.00,NULL,'pending',1,NULL,NULL,NULL,NULL,NULL,'2026-05-19',NULL,'2026-05-19 10:51:44','2026-05-22 12:19:46'),(944,20,'Devid Ndyetabula','0763513963','Oneri Ngajilo Osea','0750158858',1388,430,430000.00,315000.00,430000.00,115000.00,0.00,0.00,NULL,'pending',1,NULL,NULL,NULL,NULL,NULL,'2026-05-19',NULL,'2026-05-19 10:59:22','2026-05-22 12:19:46'),(945,63,'yacob peter mayunga','0775640272','daudi makungu','0750725069',1357,430,430000.00,315000.00,430000.00,115000.00,0.00,0.00,NULL,'pending',1,NULL,NULL,NULL,NULL,NULL,'2026-05-19',NULL,'2026-05-19 11:06:06','2026-05-22 12:19:46'),(946,65,'Therezia A Ndilahomba','0740090295','Milian Evarist','0651243336',854,430,430000.00,315000.00,430000.00,115000.00,0.00,0.00,NULL,'pending',1,NULL,NULL,NULL,NULL,NULL,'2026-05-19',NULL,'2026-05-19 11:41:15','2026-05-22 12:19:46'),(947,57,'Mwajuma Hassan','0753977246','Alex Juma','0799836521',1416,430,430000.00,315000.00,430000.00,115000.00,0.00,0.00,NULL,'pending',1,NULL,NULL,NULL,NULL,NULL,'2026-05-19',NULL,'2026-05-19 11:43:29','2026-05-22 12:19:46'),(948,34,'Vaileth A Uisso','+255655994630','Kelvin Wilson Oisso','749994630',1415,430,430000.00,315000.00,430000.00,115000.00,0.00,0.00,NULL,'pending',1,NULL,NULL,NULL,NULL,NULL,'2026-05-19',NULL,'2026-05-19 11:44:50','2026-05-22 12:19:46'),(949,52,'Anaeli S Letimo','697737574','Saningo Letimo Mamasita','79994119',322,430,430000.00,315000.00,430000.00,115000.00,0.00,0.00,NULL,'pending',1,NULL,NULL,NULL,NULL,NULL,'2026-05-19',NULL,'2026-05-19 11:53:13','2026-05-22 12:19:46'),(950,63,'odongo vitaris omolo','0790983163','Elizabeth elikana',NULL,1346,430,430000.00,315000.00,430000.00,115000.00,0.00,0.00,NULL,'pending',1,NULL,NULL,NULL,NULL,NULL,'2026-05-19',NULL,'2026-05-19 12:06:39','2026-05-22 12:19:46'),(951,30,'Hamaisi H Maneva','0796219729','Oto Omary Sinde','0789686516',873,430,430000.00,315000.00,430000.00,115000.00,0.00,0.00,NULL,'pending',1,NULL,NULL,NULL,NULL,NULL,'2026-05-19',NULL,'2026-05-19 12:32:48','2026-05-22 12:19:46'),(952,22,'CHARLES PASCHAL SHILOLELO','0664718706','ADRAM MANYAMA MALIMA','0623285921',1732,430,430000.00,315000.00,430000.00,115000.00,0.00,0.00,NULL,'pending',1,NULL,NULL,NULL,NULL,NULL,'2026-05-19',NULL,'2026-05-19 12:44:00','2026-05-22 12:19:46'),(953,35,'Dadi S Mbwana','+255697366335','Rashid Wazir','0784889960',636,430,430000.00,315000.00,430000.00,115000.00,0.00,0.00,NULL,'pending',1,NULL,NULL,NULL,NULL,NULL,'2026-05-19',NULL,'2026-05-19 12:45:23','2026-05-22 12:19:46'),(954,57,'Coletha Masaka','+255750622907','Nichoraus Masaka','0687371377',1406,430,430000.00,315000.00,430000.00,115000.00,0.00,0.00,NULL,'pending',1,NULL,NULL,NULL,NULL,NULL,'2026-05-19',NULL,'2026-05-19 13:03:32','2026-05-22 12:19:46'),(955,54,'Joseph Agustin Laswai','0799141774','Betani Lasway','0679141774',469,430,430000.00,315000.00,430000.00,115000.00,0.00,0.00,NULL,'pending',1,NULL,NULL,NULL,NULL,NULL,'2026-05-19',NULL,'2026-05-19 13:10:49','2026-05-22 12:19:46'),(956,27,'Steven S Mkombozi','0663653536','Stephan Samwali Mkombozi','0742322602',860,430,430000.00,315000.00,430000.00,115000.00,0.00,0.00,NULL,'pending',1,NULL,NULL,NULL,NULL,NULL,'2026-05-19',NULL,'2026-05-19 13:16:00','2026-05-22 12:19:46'),(957,65,'Amina R Mwendele','0618713137','Martini Ambloss','0717451137',864,430,430000.00,315000.00,430000.00,115000.00,0.00,0.00,NULL,'pending',1,NULL,NULL,NULL,NULL,NULL,'2026-05-19',NULL,'2026-05-19 13:18:04','2026-05-22 12:19:46'),(958,26,'Ibrahimu E Njiku','0782398484','Jafari Selemani Ally','0688128554',240,430,430000.00,315000.00,430000.00,115000.00,0.00,0.00,NULL,'pending',1,NULL,NULL,NULL,NULL,NULL,'2026-05-19',NULL,'2026-05-19 13:39:55','2026-05-22 12:19:46'),(959,108,'YOHANA PETRO BANGIRI','0693291097','ANGELINA PETRO BSNGIRI','0748224564',1733,430,430000.00,315000.00,430000.00,115000.00,0.00,0.00,NULL,'pending',1,NULL,NULL,NULL,NULL,NULL,'2026-05-19',NULL,'2026-05-19 14:26:23','2026-05-22 12:19:46'),(960,56,'Conjesta S Shirima','+255781349213','Elionora sabas shirima','0788383773',1503,430,430000.00,315000.00,430000.00,115000.00,0.00,0.00,NULL,'pending',1,NULL,NULL,NULL,NULL,NULL,'2026-05-19',NULL,'2026-05-19 14:43:16','2026-05-22 12:19:46'),(961,81,'FRANK MICHAEL','681505467','ADIOS MAMBOSASA','781867221',1230,430,430000.00,315000.00,430000.00,115000.00,0.00,0.00,NULL,'pending',1,NULL,NULL,NULL,NULL,NULL,'2026-05-19',NULL,'2026-05-19 14:43:44','2026-05-22 12:19:46'),(962,57,'Salome Omary','0760086090','Dickson Ally','0716792323',1412,430,430000.00,315000.00,430000.00,115000.00,0.00,0.00,NULL,'pending',1,NULL,NULL,NULL,NULL,NULL,'2026-05-19',NULL,'2026-05-19 14:46:48','2026-05-22 12:19:46'),(963,34,'Frank Leonard Sentore','+255743318355','Rajabu Saiddi Salumu','685112325',1516,430,430000.00,315000.00,430000.00,115000.00,0.00,0.00,NULL,'pending',1,NULL,NULL,NULL,NULL,NULL,'2026-05-19',NULL,'2026-05-19 14:49:22','2026-05-22 12:19:46'),(964,20,'Sauda Jackson','0703921274','Shaibu Hamisi Ajaba','0692074869',654,430,430000.00,315000.00,430000.00,115000.00,0.00,0.00,NULL,'pending',1,NULL,NULL,NULL,NULL,NULL,'2026-05-19',NULL,'2026-05-19 14:52:47','2026-05-22 12:19:46'),(965,40,'Emmanuel Wareba Mantago','0664112931','Maria Nestory Dionizi','0767757585',1247,430,430000.00,315000.00,430000.00,115000.00,0.00,0.00,NULL,'pending',1,NULL,NULL,NULL,NULL,NULL,'2026-05-19',NULL,'2026-05-19 15:05:09','2026-05-22 12:19:46'),(966,56,'Kelvin R Mutembei','+255792258489','Jovitus renatus kabyamela','0784336080',230,430,430000.00,315000.00,430000.00,115000.00,0.00,0.00,NULL,'pending',1,NULL,NULL,NULL,NULL,NULL,'2026-05-19',NULL,'2026-05-19 15:13:23','2026-05-22 12:19:46'),(967,57,'Hadija Kalova','+255682950446','Jamira Ally','0793618154',857,430,430000.00,315000.00,430000.00,115000.00,0.00,0.00,NULL,'pending',1,NULL,NULL,NULL,NULL,NULL,'2026-05-19',NULL,'2026-05-19 15:28:51','2026-05-22 12:19:46'),(968,25,'Moshi M Seifu','0792688484','Samweli J Leban','0657381646',843,430,430000.00,315000.00,430000.00,115000.00,0.00,0.00,NULL,'pending',1,NULL,NULL,NULL,NULL,NULL,'2026-05-19',NULL,'2026-05-19 15:30:07','2026-05-22 12:19:46'),(969,54,'Salome Kelvini Balama','0664782425','Kelvin Martin','0750560822',829,430,430000.00,315000.00,430000.00,115000.00,0.00,0.00,NULL,'pending',1,NULL,NULL,NULL,NULL,NULL,'2026-05-19',NULL,'2026-05-19 15:48:06','2026-05-22 12:19:46'),(970,63,'frank abel gervace','0664427040','Abel gervace','0746476560',1309,430,430000.00,315000.00,430000.00,115000.00,0.00,0.00,NULL,'pending',1,NULL,NULL,NULL,NULL,NULL,'2026-05-19',NULL,'2026-05-19 15:52:36','2026-05-22 12:19:46'),(971,26,'Abdulzak A Mijinga','0775534037','Amina Ramadhan Ally','0677534037',267,430,430000.00,315000.00,430000.00,115000.00,0.00,0.00,NULL,'pending',1,NULL,NULL,NULL,NULL,NULL,'2026-05-19',NULL,'2026-05-19 16:30:07','2026-05-22 12:19:46'),(972,73,'Baton Living Lukoola','0629586842','Athumani Living Rukoola','0713690811',855,430,430000.00,315000.00,430000.00,115000.00,0.00,0.00,NULL,'pending',1,NULL,NULL,NULL,NULL,NULL,'2026-05-19',NULL,'2026-05-19 16:43:55','2026-05-22 12:19:46'),(973,25,'Nadya M Rabiel','0764114343','ERICK  A prosper','0618243164',1682,430,430000.00,315000.00,430000.00,115000.00,0.00,0.00,NULL,'pending',1,NULL,NULL,NULL,NULL,NULL,'2026-05-19',NULL,'2026-05-19 16:46:06','2026-05-22 12:19:46'),(974,63,'pendo paul raulent','0683761412','sadock magesa','0689380333',1339,430,430000.00,315000.00,430000.00,115000.00,0.00,0.00,NULL,'pending',1,NULL,NULL,NULL,NULL,NULL,'2026-05-19',NULL,'2026-05-19 16:49:47','2026-05-22 12:19:46'),(975,57,'Fatuma Matibwa','0749798174','Mwajuma Iddi','0759325582',1667,430,430000.00,315000.00,430000.00,115000.00,0.00,0.00,NULL,'pending',1,NULL,NULL,NULL,NULL,NULL,'2026-05-19',NULL,'2026-05-19 16:53:16','2026-05-22 12:19:47'),(976,28,'Joseph Crisant Malisawa','0768353828','Perepetua Crisant Malisawa','0748541040',557,430,430000.00,315000.00,430000.00,115000.00,0.00,0.00,NULL,'pending',1,NULL,NULL,NULL,NULL,NULL,'2026-05-19',NULL,'2026-05-19 18:00:52','2026-05-22 12:19:47'),(977,102,'Emmanuel N Bugali','0768221552','Boniphace Mtinga Yohana','0793036000',1349,430,430000.00,315000.00,430000.00,115000.00,0.00,0.00,NULL,'pending',1,NULL,NULL,NULL,NULL,NULL,'2026-05-19',NULL,'2026-05-19 18:29:19','2026-05-22 12:19:47'),(978,57,'Nuru Luvanda','+255752181318','James Alex','0665384610',1417,430,430000.00,315000.00,430000.00,115000.00,0.00,0.00,NULL,'pending',1,NULL,NULL,NULL,NULL,NULL,'2026-05-20',NULL,'2026-05-20 07:06:50','2026-05-22 12:19:47'),(979,73,'Riziki Muhamed Chakusaga','0795876749','Rahimu Muhamed Chakusaga','0750797956',1695,430,430000.00,315000.00,430000.00,115000.00,0.00,0.00,NULL,'pending',1,NULL,NULL,NULL,NULL,NULL,'2026-05-20',NULL,'2026-05-20 07:09:12','2026-05-22 12:19:47'),(980,52,'Vitus C Msabaha','793581547','Joseph Cletus Msabaha','716665438',312,430,430000.00,315000.00,430000.00,115000.00,0.00,0.00,NULL,'pending',1,NULL,NULL,NULL,NULL,NULL,'2026-05-20',NULL,'2026-05-20 07:15:43','2026-05-22 12:19:47'),(981,81,'ADELINA KATOTO','0663513867','Dorah Kifwela','06874365387',1333,430,430000.00,315000.00,430000.00,115000.00,0.00,0.00,NULL,'pending',1,NULL,NULL,NULL,NULL,NULL,'2026-05-20',NULL,'2026-05-20 07:16:33','2026-05-22 12:19:47'),(982,106,'BAHATI JOSEPH','0762528340','Bahati Tibasima','0794689923',1229,430,430000.00,315000.00,430000.00,115000.00,0.00,0.00,NULL,'pending',1,NULL,NULL,NULL,NULL,NULL,'2026-05-20',NULL,'2026-05-20 07:33:20','2026-05-22 12:19:47'),(983,57,'Kelvin Nyenye','+255793807356','Alex James','0699504011',1405,430,430000.00,315000.00,430000.00,115000.00,0.00,0.00,NULL,'pending',1,NULL,NULL,NULL,NULL,NULL,'2026-05-20',NULL,'2026-05-20 07:57:20','2026-05-22 12:19:47'),(984,65,'John  Ezekiel Mtatiro','0755381144','Janeth Joakim','0719860625',859,430,430000.00,315000.00,430000.00,115000.00,0.00,0.00,NULL,'pending',1,NULL,NULL,NULL,NULL,NULL,'2026-05-20',NULL,'2026-05-20 08:18:58','2026-05-22 12:19:47'),(985,27,'Daniel Paulo Mburu','0784008476','Noela Joseph Tuwa','0783156068',849,430,430000.00,315000.00,430000.00,115000.00,0.00,0.00,NULL,'pending',1,NULL,NULL,NULL,NULL,NULL,'2026-05-20',NULL,'2026-05-20 08:37:15','2026-05-22 12:19:47'),(986,105,'Priska W Pamphili','0766236566','Noel Sosipeter','0791664575',227,430,430000.00,315000.00,430000.00,115000.00,0.00,0.00,NULL,'pending',1,NULL,NULL,NULL,NULL,NULL,'2026-05-20',NULL,'2026-05-20 08:44:48','2026-05-22 12:19:47'),(987,63,'diana saimon mashiba','0743750370','Zachariah john','0755856786',1326,430,430000.00,315000.00,430000.00,115000.00,0.00,0.00,NULL,'pending',1,NULL,NULL,NULL,NULL,NULL,'2026-05-20',NULL,'2026-05-20 08:53:19','2026-05-22 12:19:47'),(988,17,'Elizabeth Mahhila Sengerema','0790520483','Sospita Chazy Bahebe','0634965917',1362,430,430000.00,315000.00,430000.00,115000.00,0.00,0.00,NULL,'pending',1,NULL,NULL,NULL,NULL,NULL,'2026-05-20',NULL,'2026-05-20 08:55:47','2026-05-22 12:19:47'),(989,18,'Juma Bakari Juma','0688952344','Firmon Zacharia Moro','0781388145',1734,430,430000.00,315000.00,430000.00,115000.00,0.00,0.00,NULL,'pending',1,NULL,NULL,NULL,NULL,NULL,'2026-05-20',NULL,'2026-05-20 08:58:52','2026-05-22 12:19:47'),(990,66,'Emanuel Ibrahim','0740967488','Edgar Mwambalo','0714261694',559,430,430000.00,315000.00,430000.00,115000.00,0.00,0.00,NULL,'pending',1,NULL,NULL,NULL,NULL,NULL,'2026-05-20',NULL,'2026-05-20 09:37:07','2026-05-22 12:19:47'),(991,25,'Sina S Abdallah','0717064444','Nadya S Nduma','0795713717',1504,430,430000.00,315000.00,430000.00,115000.00,0.00,0.00,NULL,'pending',1,NULL,NULL,NULL,NULL,NULL,'2026-05-20',NULL,'2026-05-20 09:39:14','2026-05-22 12:19:47'),(992,34,'Adalbeth Erasto Mligo','+255718617662','Mithali Sanga Mithali','0620262925',1498,430,430000.00,315000.00,430000.00,115000.00,0.00,0.00,NULL,'pending',1,NULL,NULL,NULL,NULL,NULL,'2026-05-20',NULL,'2026-05-20 09:40:11','2026-05-22 12:19:47'),(993,65,'Abdallah Malick Juma','0758523478','Omary Hashimu','0716073639',847,430,430000.00,315000.00,430000.00,115000.00,0.00,0.00,NULL,'pending',1,NULL,NULL,NULL,NULL,NULL,'2026-05-20',NULL,'2026-05-20 09:59:53','2026-05-22 12:19:47'),(994,106,'SALIMA LIKUNGUNI','0750876464','MARTIN DAUDI','0764295399',1342,430,430000.00,315000.00,430000.00,115000.00,0.00,0.00,NULL,'pending',1,NULL,NULL,NULL,NULL,NULL,'2026-05-20',NULL,'2026-05-20 10:17:15','2026-05-22 12:19:47'),(995,63,'elisha lusato wegoro','0754538444','maria shuhudia','0795497652',1370,430,430000.00,315000.00,430000.00,115000.00,0.00,0.00,NULL,'pending',1,NULL,NULL,NULL,NULL,NULL,'2026-05-20',NULL,'2026-05-20 10:17:54','2026-05-22 12:19:47'),(996,40,'Mwajuma Fikili Maganga','0790846940','Judis Mwaya Wakala','0671873406',1242,430,430000.00,315000.00,430000.00,115000.00,0.00,0.00,NULL,'pending',1,NULL,NULL,NULL,NULL,NULL,'2026-05-20',NULL,'2026-05-20 10:22:37','2026-05-22 12:19:47'),(997,65,'Jenifa Yoram Lipenga','0684517119','Nelson Sheiza','0634826358',851,430,430000.00,315000.00,430000.00,115000.00,0.00,0.00,NULL,'pending',1,NULL,NULL,NULL,NULL,NULL,'2026-05-20',NULL,'2026-05-20 10:56:25','2026-05-22 12:19:47'),(998,106,'JOSEPH MALISELI','0762840091','GRESS JASTIN','0673649079',1240,430,430000.00,315000.00,430000.00,115000.00,0.00,0.00,NULL,'pending',1,NULL,NULL,NULL,NULL,NULL,'2026-05-20',NULL,'2026-05-20 11:14:08','2026-05-22 12:19:47'),(999,35,'Haji Mohamed Ismail','0718728496','Abdallah Juma Unyogonyo','0787339841',1184,430,430000.00,315000.00,430000.00,115000.00,0.00,0.00,NULL,'pending',1,NULL,NULL,NULL,NULL,NULL,'2026-05-20',NULL,'2026-05-20 11:39:19','2026-05-22 12:19:47'),(1000,57,'Grace  Mponzi','0765339383','Mwajuma Hemedi','0715885201',1398,430,430000.00,315000.00,430000.00,115000.00,0.00,0.00,NULL,'pending',1,NULL,NULL,NULL,NULL,NULL,'2026-05-20',NULL,'2026-05-20 11:46:09','2026-05-22 12:19:47'),(1001,40,'Zuhula Ibrahimu Katabazi','0756398877','Paulina Slivestar Ibrahimu','0755895267',1323,430,430000.00,315000.00,430000.00,115000.00,0.00,0.00,NULL,'pending',1,NULL,NULL,NULL,NULL,NULL,'2026-05-20',NULL,'2026-05-20 12:04:45','2026-05-22 12:19:47'),(1002,26,'Balibina Mzava Mchomvu','0759471412','Salehe Salumu Mgombela','0719032946',1708,430,430000.00,315000.00,430000.00,115000.00,0.00,0.00,NULL,'pending',1,NULL,NULL,NULL,NULL,NULL,'2026-05-20',NULL,'2026-05-20 12:18:14','2026-05-22 12:19:47'),(1003,25,'Rehema A Kulendea','0746050587','Elisia U Kulendea','0747460088',1677,430,430000.00,315000.00,430000.00,115000.00,0.00,0.00,NULL,'pending',1,NULL,NULL,NULL,NULL,NULL,'2026-05-20',NULL,'2026-05-20 12:28:26','2026-05-22 12:19:47'),(1004,52,'Hazinaelly P Mbwambo','799524454','Amina Athuman Yusuph',NULL,1644,430,430000.00,315000.00,430000.00,115000.00,0.00,0.00,NULL,'pending',1,NULL,NULL,NULL,NULL,NULL,'2026-05-20',NULL,'2026-05-20 12:48:06','2026-05-22 12:19:47'),(1005,26,'Rozi Allen Frenk','0776414492','Abdallah Mtowe Amani','0682382522',229,430,430000.00,315000.00,430000.00,115000.00,0.00,0.00,NULL,'pending',1,NULL,NULL,NULL,NULL,NULL,'2026-05-20',NULL,'2026-05-20 13:07:12','2026-05-22 12:19:47'),(1006,63,'Peter daniel mageka','0690684109','frank feris','0780179307',1373,430,430000.00,315000.00,430000.00,115000.00,0.00,0.00,NULL,'pending',1,NULL,NULL,NULL,NULL,NULL,'2026-05-20',NULL,'2026-05-20 13:09:03','2026-05-22 12:19:47'),(1007,52,'Rukia Salvatoli Gido','654516437','Matrida Salvatoli Chikola','659784249',1640,430,430000.00,315000.00,430000.00,115000.00,0.00,0.00,NULL,'pending',1,NULL,NULL,NULL,NULL,NULL,'2026-05-20',NULL,'2026-05-20 13:43:59','2026-05-22 12:19:47'),(1008,74,'Bernalo Augustino Mrisho','676759573','Doeka Fabian Omwanda','6251432107',831,430,430000.00,315000.00,430000.00,115000.00,0.00,0.00,NULL,'pending',1,NULL,NULL,NULL,NULL,NULL,'2026-05-20',NULL,'2026-05-20 13:49:31','2026-05-22 12:19:47'),(1009,30,'Timothy Juma Daffa','0785088343','Jumanne Hassan Daffa','0787434204',868,430,430000.00,315000.00,430000.00,115000.00,0.00,0.00,NULL,'pending',1,NULL,NULL,NULL,NULL,NULL,'2026-05-20',NULL,'2026-05-20 14:00:07','2026-05-22 12:19:47'),(1010,28,'Fank Chuma Nyugi','0757280095','Minza Sitta Minza','0787825468',342,430,430000.00,315000.00,430000.00,115000.00,0.00,0.00,NULL,'pending',1,NULL,NULL,NULL,NULL,NULL,'2026-05-20',NULL,'2026-05-20 14:12:37','2026-05-22 12:19:47'),(1011,54,'Lucy Ernest Chatembo',NULL,NULL,NULL,869,430,430000.00,315000.00,430000.00,115000.00,0.00,0.00,NULL,'pending',1,NULL,NULL,NULL,NULL,'[Converted from agent sale #10] Seller: Tatu juma omary','2026-05-19',NULL,'2026-05-20 14:23:47','2026-05-22 12:19:47'),(1012,65,'Adam Bariki Maulana','0682573576','Bakili adam bakili','0652357476',863,430,430000.00,315000.00,430000.00,115000.00,0.00,0.00,NULL,'pending',1,NULL,NULL,NULL,NULL,NULL,'2026-05-20',NULL,'2026-05-20 14:27:39','2026-05-22 12:19:47'),(1013,17,'Nashoni Cjaona Mjuna','0748981016','Laulens','0691644071',1313,430,430000.00,315000.00,430000.00,115000.00,0.00,0.00,NULL,'pending',1,NULL,NULL,NULL,NULL,NULL,'2026-05-20',NULL,'2026-05-20 14:34:48','2026-05-22 12:19:47'),(1014,39,'Amina Hemedi Mtombolombo','0792242311','Holiday Hemedy Ally','0715519178',51,430,430000.00,315000.00,430000.00,115000.00,0.00,0.00,NULL,'pending',1,NULL,NULL,NULL,NULL,NULL,'2026-05-20',NULL,'2026-05-20 14:35:10','2026-05-22 12:19:47'),(1015,25,'Lupakisyo S Mwakamenya','0794940700','Brandina A Mapunga','0675601024',1674,430,430000.00,315000.00,430000.00,115000.00,0.00,0.00,NULL,'pending',1,NULL,NULL,NULL,NULL,NULL,'2026-05-20',NULL,'2026-05-20 14:47:17','2026-05-22 12:19:47'),(1016,17,'Sesia Mringi Magafu','0671315162','Phales Magafu Mringi','0760898495',1308,430,430000.00,315000.00,430000.00,115000.00,0.00,0.00,NULL,'pending',1,NULL,NULL,NULL,NULL,NULL,'2026-05-20',NULL,'2026-05-20 14:52:28','2026-05-22 12:19:47'),(1017,35,'Bakari I Mgeni','+255797206967','Jabir Juma','+255 65 573 3957',631,430,430000.00,315000.00,430000.00,115000.00,0.00,0.00,NULL,'pending',1,NULL,NULL,NULL,NULL,NULL,'2026-05-20',NULL,'2026-05-20 14:52:35','2026-05-22 12:19:47'),(1018,28,'Philemon Epiana Mwasabwite','0794428892','Patrick Philemon Mwasabwite','0651140172',370,430,430000.00,315000.00,430000.00,115000.00,0.00,0.00,NULL,'pending',1,NULL,NULL,NULL,NULL,NULL,'2026-05-20',NULL,'2026-05-20 15:00:22','2026-05-22 12:19:47'),(1019,105,'Fatuma Selemani','0749459898','Amina Juma Selemani','0797704642',274,430,430000.00,315000.00,430000.00,115000.00,0.00,0.00,NULL,'pending',1,NULL,NULL,NULL,NULL,NULL,'2026-05-20',NULL,'2026-05-20 15:08:25','2026-05-22 12:19:47'),(1020,57,'Ester Mazigwa','0766695422','Sofia Jamal','0655423698',1513,430,430000.00,315000.00,430000.00,115000.00,0.00,0.00,NULL,'pending',1,NULL,NULL,NULL,NULL,NULL,'2026-05-20',NULL,'2026-05-20 15:09:11','2026-05-22 12:19:47'),(1021,28,'Elikirama Hosea Minja','0793524988','Philemon Epiana Mwasabwite','0760286666',340,430,430000.00,315000.00,430000.00,115000.00,0.00,0.00,NULL,'pending',1,NULL,NULL,NULL,NULL,NULL,'2026-05-20',NULL,'2026-05-20 15:39:54','2026-05-22 12:19:47'),(1022,17,'Maria Kadogo Masatu','0798048893','Kwambara Richard Masutu','0769583256',1356,430,430000.00,315000.00,430000.00,115000.00,0.00,0.00,NULL,'pending',1,NULL,NULL,NULL,NULL,NULL,'2026-05-20',NULL,'2026-05-20 16:17:15','2026-05-22 12:19:47'),(1023,28,'Humpherey Cosmas Mwanjebe','0793489083','Shaban Madobe Mnyaman','0670303858',379,430,430000.00,315000.00,430000.00,115000.00,0.00,0.00,NULL,'pending',1,NULL,NULL,NULL,NULL,NULL,'2026-05-20',NULL,'2026-05-20 16:33:11','2026-05-22 12:19:47'),(1024,106,'Asha Athuman','0793361748','Sofia Bakari','0764646310',1328,430,430000.00,315000.00,430000.00,115000.00,0.00,0.00,NULL,'pending',1,NULL,NULL,NULL,NULL,NULL,'2026-05-20',NULL,'2026-05-20 16:56:59','2026-05-22 12:19:47'),(1025,65,'Saumu J bakari','0777879896','Sharifu Sharifu','0655654419',239,430,430000.00,315000.00,430000.00,115000.00,0.00,0.00,NULL,'pending',1,NULL,NULL,NULL,NULL,NULL,'2026-05-20',NULL,'2026-05-20 18:00:00','2026-05-22 12:19:47'),(1026,63,'khaji hassan ally','0776091727','swabrina ally hassan','0638022526',1321,430,430000.00,315000.00,430000.00,115000.00,0.00,0.00,NULL,'pending',1,NULL,NULL,NULL,NULL,NULL,'2026-05-20',NULL,'2026-05-20 18:01:41','2026-05-22 12:19:47'),(1027,35,'Theresia T Mpangala','+255718338641','Rehema Ally','0637338803',1183,430,430000.00,315000.00,430000.00,115000.00,0.00,0.00,NULL,'pending',1,NULL,NULL,NULL,NULL,NULL,'2026-05-20',NULL,'2026-05-20 18:05:13','2026-05-22 12:19:47'),(1028,25,'Happy E Paulo','0792271248','Agusta T Ndunde','0697172444',1675,430,430000.00,315000.00,430000.00,115000.00,0.00,0.00,NULL,'pending',1,NULL,NULL,NULL,NULL,NULL,'2026-05-20',NULL,'2026-05-20 18:13:07','2026-05-22 12:19:47'),(1029,17,'Frank Majura Nambary','0742965114','Fred Majura Nambary','0794460866',1353,430,430000.00,315000.00,430000.00,115000.00,0.00,0.00,NULL,'pending',1,NULL,NULL,NULL,NULL,NULL,'2026-05-20',NULL,'2026-05-20 18:18:50','2026-05-22 12:19:47'),(1030,20,'Erasto Peter Shirima','+255682191491','Fidea Joseph Msenga','0699078865',876,430,430000.00,315000.00,430000.00,115000.00,0.00,0.00,NULL,'pending',1,NULL,NULL,NULL,NULL,NULL,'2026-05-21',NULL,'2026-05-21 05:32:56','2026-05-22 12:19:47'),(1031,55,'Farida Juma Chakoma','0698400296','Salma Saudi Kapungu','0768400294',1689,430,430000.00,315000.00,430000.00,115000.00,0.00,0.00,NULL,'pending',1,NULL,NULL,NULL,NULL,NULL,'2026-05-21',NULL,'2026-05-21 07:39:10','2026-05-22 12:19:47'),(1032,57,'Mwema Wlliam','0742734885','Ali Abdallah','0798289784',244,430,430000.00,315000.00,430000.00,115000.00,0.00,0.00,NULL,'pending',1,NULL,NULL,NULL,NULL,NULL,'2026-05-21',NULL,'2026-05-21 08:09:12','2026-05-22 12:19:47'),(1033,40,'Jaruu M Juma','0764865623','Haruna Swarehe Nurudin','0781871878',1341,430,430000.00,315000.00,430000.00,115000.00,0.00,0.00,NULL,'pending',1,NULL,NULL,NULL,NULL,NULL,'2026-05-21',NULL,'2026-05-21 08:27:50','2026-05-22 12:19:47'),(1034,27,'Salma H Abdallah','0744171111','Mwanahamisi Juma Hamisi','0715019824',1172,430,430000.00,315000.00,430000.00,115000.00,0.00,0.00,NULL,'pending',1,NULL,NULL,NULL,NULL,NULL,'2026-05-21',NULL,'2026-05-21 08:46:45','2026-05-22 12:19:47'),(1035,34,'Saimon D Minja','+255755433116','Judith Rameck Maimu','753881188',380,430,430000.00,315000.00,430000.00,115000.00,0.00,0.00,NULL,'pending',1,NULL,NULL,NULL,NULL,NULL,'2026-05-21',NULL,'2026-05-21 08:58:46','2026-05-22 12:19:47'),(1036,57,'Ignace Marandu','+255776506176','Juma Ally','0749337302',1407,430,430000.00,315000.00,430000.00,115000.00,0.00,0.00,NULL,'pending',1,NULL,NULL,NULL,NULL,NULL,'2026-05-21',NULL,'2026-05-21 09:21:45','2026-05-22 12:19:47'),(1037,52,'Bakari H Kitiku','665675308','Khalid Hamisi Kitiku','618986167',1652,430,430000.00,315000.00,430000.00,115000.00,0.00,0.00,NULL,'pending',1,NULL,NULL,NULL,NULL,NULL,'2026-05-21',NULL,'2026-05-21 09:28:02','2026-05-22 12:19:47'),(1038,63,'irene exavery vedastus','0684909629','thomas makweba','0761090592',1386,430,430000.00,315000.00,430000.00,115000.00,0.00,0.00,NULL,'pending',1,NULL,NULL,NULL,NULL,NULL,'2026-05-21',NULL,'2026-05-21 09:46:07','2026-05-22 12:19:47'),(1039,25,'Oscar F Maliwa','0703881305','Octavian B Mariwa','0766450449',1397,430,430000.00,315000.00,430000.00,115000.00,0.00,0.00,NULL,'pending',1,NULL,NULL,NULL,NULL,NULL,'2026-05-21',NULL,'2026-05-21 09:58:53','2026-05-22 12:19:47'),(1040,58,'Ramadhani Aliamin Mgallah','0792725795','Hamisi Aliamini Mgallah','0755559444',844,430,430000.00,315000.00,430000.00,115000.00,0.00,0.00,NULL,'pending',1,NULL,NULL,NULL,NULL,NULL,'2026-05-21',NULL,'2026-05-21 09:59:39','2026-05-22 12:19:47'),(1041,40,'Abeid Alfred Khalfan','0762189444','Hadja William Madisa','0745012374',1239,430,430000.00,315000.00,430000.00,115000.00,0.00,0.00,NULL,'pending',1,NULL,NULL,NULL,NULL,NULL,'2026-05-21',NULL,'2026-05-21 10:13:30','2026-05-22 12:19:47'),(1042,92,'Christina Bonus Komba','0697823291','Yahsin Mohamed Mgala','0665221456',1181,430,430000.00,315000.00,430000.00,115000.00,0.00,0.00,NULL,'pending',1,NULL,NULL,NULL,NULL,NULL,'2026-05-21',NULL,'2026-05-21 10:30:51','2026-05-22 12:19:47'),(1043,58,'Respicius V Mtendelanda','0779035357','Ally Hamisi Nchimbi','0768270180',846,430,430000.00,315000.00,430000.00,115000.00,0.00,0.00,NULL,'pending',1,NULL,NULL,NULL,NULL,NULL,'2026-05-21',NULL,'2026-05-21 10:39:06','2026-05-22 12:19:47'),(1044,63,'daniel mussa mwenerwa','0799067837','dainess mashaka','0790170437',1278,430,430000.00,315000.00,430000.00,115000.00,0.00,0.00,NULL,'pending',1,NULL,NULL,NULL,NULL,NULL,'2026-05-21',NULL,'2026-05-21 10:54:44','2026-05-22 12:19:47'),(1045,57,'Plana Tumbo','0794074336','Alex James','0799529055',1414,430,430000.00,315000.00,430000.00,115000.00,0.00,0.00,NULL,'pending',1,NULL,NULL,NULL,NULL,NULL,'2026-05-21',NULL,'2026-05-21 11:15:50','2026-05-22 12:19:47'),(1046,55,'Meshack John Mayunga','0773544803','Dickon Nelson Kabwaya','0687759636',1690,430,430000.00,315000.00,430000.00,115000.00,0.00,0.00,NULL,'pending',1,NULL,NULL,NULL,NULL,NULL,'2026-05-21',NULL,'2026-05-21 11:26:34','2026-05-22 12:19:47'),(1047,35,'Shabani M Shabani','+255784175059','Ally Ramadhani','0615282656',233,430,430000.00,315000.00,430000.00,115000.00,0.00,0.00,NULL,'pending',1,NULL,NULL,NULL,NULL,NULL,'2026-05-21',NULL,'2026-05-21 11:26:52','2026-05-22 12:19:47'),(1048,65,'Ranadhan H Kilete','0681400299','Sadik Amda','0786279636',1784,430,430000.00,315000.00,430000.00,115000.00,0.00,0.00,NULL,'pending',1,NULL,NULL,NULL,NULL,NULL,'2026-05-21',NULL,'2026-05-21 11:29:21','2026-05-22 12:19:48'),(1049,34,'James S Andrew','+255789750955','Sesiria Selerini Munishi','0628788696',1502,430,430000.00,315000.00,430000.00,115000.00,0.00,0.00,NULL,'pending',1,NULL,NULL,NULL,NULL,NULL,'2026-05-21',NULL,'2026-05-21 11:39:56','2026-05-22 12:19:48'),(1050,102,'William Kanana Shigwasho','351416736494587','Abubakar Kanana Shigwasho','0769859557',1717,430,430000.00,315000.00,430000.00,115000.00,0.00,0.00,NULL,'pending',1,NULL,NULL,NULL,NULL,NULL,'2026-05-21',NULL,'2026-05-21 11:53:25','2026-05-22 12:19:48'),(1051,63,'royce paulo mwanangwa','0791863600','kasimu almas','0744919835',1371,430,430000.00,315000.00,430000.00,115000.00,0.00,0.00,NULL,'pending',1,NULL,NULL,NULL,NULL,NULL,'2026-05-21',NULL,'2026-05-21 12:20:42','2026-05-22 12:19:48'),(1052,37,'Nyambofu  N John','0754957067','John Matiku','0770454613',1231,430,430000.00,315000.00,430000.00,115000.00,0.00,0.00,NULL,'pending',1,NULL,NULL,NULL,NULL,NULL,'2026-05-21',NULL,'2026-05-21 12:26:58','2026-05-22 12:19:48'),(1053,58,'Hamis Issa Kizai','0695657654','Kelvin Stanley Rafiki','0698475132',837,430,430000.00,315000.00,430000.00,115000.00,0.00,0.00,NULL,'pending',1,NULL,NULL,NULL,NULL,NULL,'2026-05-21',NULL,'2026-05-21 12:46:03','2026-05-22 12:19:48'),(1054,93,'David Fotunatus Ibabwe','0742819263','Harima Rashid Kisika','0743535640',1246,430,430000.00,315000.00,430000.00,115000.00,0.00,0.00,NULL,'pending',1,NULL,NULL,NULL,NULL,NULL,'2026-05-21',NULL,'2026-05-21 12:47:47','2026-05-22 12:19:48'),(1055,31,'Michael John Wacha','0798402845','Robert Wacha','0625825135',635,430,430000.00,315000.00,430000.00,115000.00,0.00,0.00,NULL,'pending',1,NULL,NULL,NULL,NULL,NULL,'2026-05-21',NULL,'2026-05-21 13:05:26','2026-05-22 12:19:48'),(1056,27,'Modesta L Momba','0759355113','Elena Emanueli Lukas','0740363193',1774,430,430000.00,315000.00,430000.00,115000.00,0.00,0.00,NULL,'pending',1,NULL,NULL,NULL,NULL,NULL,'2026-05-21',NULL,'2026-05-21 13:17:50','2026-05-22 12:19:48'),(1057,20,'Anastazia D Chikoti','0703403205','Several D Chikoti','0693310449',1391,430,430000.00,315000.00,430000.00,115000.00,0.00,0.00,NULL,'pending',1,NULL,NULL,NULL,NULL,NULL,'2026-05-21',NULL,'2026-05-21 13:54:23','2026-05-22 12:19:48'),(1058,58,'Hashimu Rashid Kizai','0796332002','Yasini Nuru Konda','0793018361',1645,430,430000.00,315000.00,430000.00,115000.00,0.00,0.00,NULL,'pending',1,NULL,NULL,NULL,NULL,NULL,'2026-05-21',NULL,'2026-05-21 14:13:26','2026-05-22 12:19:48'),(1059,63,'selestine salvatory  mganga','0680524409','salvatory selestine','0754134554',1281,430,430000.00,315000.00,430000.00,115000.00,0.00,0.00,NULL,'pending',1,NULL,NULL,NULL,NULL,NULL,'2026-05-21',NULL,'2026-05-21 14:24:16','2026-05-22 12:19:48'),(1060,57,'Masudi Iddi','+255793250327','Tina Iddi','0789009021',1808,430,430000.00,315000.00,430000.00,115000.00,0.00,0.00,NULL,'pending',1,NULL,NULL,NULL,NULL,NULL,'2026-05-21',NULL,'2026-05-21 14:31:41','2026-05-22 12:19:48'),(1061,30,'Maua Hamisi Ally','0781921517','Hashim Ramadhan Abdala','0754852819',877,430,430000.00,315000.00,430000.00,115000.00,0.00,0.00,NULL,'pending',1,NULL,NULL,NULL,NULL,NULL,'2026-05-21',NULL,'2026-05-21 14:32:06','2026-05-22 12:19:48'),(1062,57,'Andrea Lubuva','+255746641826','Neema Kumila','0776301353',1413,430,430000.00,315000.00,430000.00,115000.00,0.00,0.00,NULL,'pending',1,NULL,NULL,NULL,NULL,NULL,'2026-05-21',NULL,'2026-05-21 14:33:36','2026-05-22 12:19:48'),(1063,45,'Fadhili Fredy Kapola','0790480868','john fred kapola','0765905579',575,430,430000.00,315000.00,430000.00,115000.00,0.00,0.00,NULL,'pending',1,NULL,NULL,NULL,NULL,NULL,'2026-05-21',NULL,'2026-05-21 15:55:44','2026-05-22 12:19:48'),(1064,27,'Asha A Chamsangi','0798350316','Nasra Miraji  Abibu','0666662939',1767,430,430000.00,315000.00,430000.00,115000.00,0.00,0.00,NULL,'pending',1,NULL,NULL,NULL,NULL,NULL,'2026-05-21',NULL,'2026-05-21 16:11:27','2026-05-22 12:19:48'),(1065,57,'Anitha Basoko','+255767192157','Thomas Chahewa','0753523681',1401,430,430000.00,315000.00,430000.00,115000.00,0.00,0.00,NULL,'pending',1,NULL,NULL,NULL,NULL,NULL,'2026-05-21',NULL,'2026-05-21 16:19:52','2026-05-22 12:19:48'),(1066,110,'Abeli Sauli Salamba','0793353836','Godbless Sauli Salamba','0781223215',1761,430,430000.00,315000.00,430000.00,115000.00,0.00,0.00,NULL,'pending',1,NULL,NULL,NULL,NULL,NULL,'2026-05-21',NULL,'2026-05-21 16:26:06','2026-05-22 12:19:48'),(1067,57,'Zuhura Ngalola','0794361665','Hassan Ramadhani','0763442586',1807,430,430000.00,315000.00,430000.00,115000.00,0.00,0.00,NULL,'pending',1,NULL,NULL,NULL,NULL,NULL,'2026-05-21',NULL,'2026-05-21 16:34:00','2026-05-22 12:19:48'),(1068,28,'Afraely Lazaro Gerson','0744412789','Anorld Lucas Shirima','0764774239',1759,430,430000.00,315000.00,430000.00,115000.00,0.00,0.00,NULL,'pending',1,NULL,NULL,NULL,NULL,NULL,'2026-05-21',NULL,'2026-05-21 16:58:42','2026-05-22 12:19:48'),(1069,55,'Anneth Peter Lyimo','0741758943','Frank Paul Mkono','0785252321',1393,430,430000.00,315000.00,430000.00,115000.00,0.00,0.00,NULL,'pending',1,NULL,NULL,NULL,NULL,NULL,'2026-05-21',NULL,'2026-05-21 17:55:02','2026-05-22 12:19:48'),(1070,25,'Edon N Mwaikambo','0658692905','Nasma O Mbano','0653349247',1683,430,430000.00,315000.00,430000.00,115000.00,0.00,0.00,NULL,'pending',1,NULL,NULL,NULL,NULL,NULL,'2026-05-21',NULL,'2026-05-21 18:06:09','2026-05-22 12:19:48'),(1071,63,'saenda daniel machumi','0774083698','ally juma rashid','0754827796',1376,430,430000.00,315000.00,430000.00,115000.00,0.00,0.00,NULL,'pending',1,NULL,NULL,NULL,NULL,NULL,'2026-05-21',NULL,'2026-05-21 18:33:48','2026-05-22 12:19:48'),(1072,25,'Vian A Bashigwa','0666803245','Hamisi M Masinjo','0757642149',1681,430,430000.00,315000.00,430000.00,115000.00,0.00,0.00,NULL,'pending',1,NULL,NULL,NULL,NULL,NULL,'2026-05-21',NULL,'2026-05-21 18:46:49','2026-05-22 12:19:48'),(1073,31,'Mwalawi J Kingwala','0794281050','Hashim Mgomba','0620740984',1614,430,430000.00,315000.00,430000.00,115000.00,0.00,0.00,NULL,'pending',1,NULL,NULL,NULL,NULL,NULL,'2026-05-22',NULL,'2026-05-22 08:25:07','2026-05-22 12:19:48'),(1074,35,'Mary C Mkwizu','+255763867668','Happyness Temba','0716867668',1600,430,430000.00,315000.00,430000.00,115000.00,0.00,0.00,NULL,'pending',1,NULL,NULL,NULL,NULL,NULL,'2026-05-22',NULL,'2026-05-22 08:27:15','2026-05-22 12:19:48'),(1075,25,'Janeth F Swai','0762548853','Ijumile J Mwandemele','0762436465',1686,430,430000.00,315000.00,430000.00,115000.00,0.00,0.00,NULL,'pending',1,NULL,NULL,NULL,NULL,NULL,'2026-05-22',NULL,'2026-05-22 08:50:05','2026-05-22 12:19:48'),(1076,57,'Mohammed Omary','0791392503','Zainabu Mhando','0775364211',1814,430,430000.00,315000.00,430000.00,115000.00,0.00,0.00,NULL,'pending',1,NULL,NULL,NULL,NULL,NULL,'2026-05-22',NULL,'2026-05-22 09:42:10','2026-05-22 12:19:48'),(1077,72,'Sarah Pascal MWANSHINGA','+255791050611','Norah Pascal Mwanshinga','618401292',376,430,440000.00,315000.00,440000.00,125000.00,0.00,0.00,NULL,'pending',1,NULL,NULL,NULL,NULL,NULL,'2026-05-22',NULL,'2026-05-22 10:03:26','2026-05-22 12:19:48'),(1078,28,'Moshi Ally Edward','0796503596','Anorld Samweli Mkunda','0796501024',1762,430,430000.00,315000.00,430000.00,115000.00,0.00,0.00,NULL,'pending',1,NULL,NULL,NULL,NULL,NULL,'2026-05-22',NULL,'2026-05-22 10:26:22','2026-05-22 12:19:48'),(1079,81,'LABAN BERNADO','0777443276','Adios Mambosasa','0637068616',1351,430,430000.00,315000.00,430000.00,115000.00,0.00,0.00,NULL,'pending',1,NULL,NULL,NULL,NULL,NULL,'2026-05-22',NULL,'2026-05-22 10:26:45','2026-05-22 12:19:48'),(1080,37,'Samson Roberth Shulunguja','0797837541','Herieth Amos Juma','255684847482',1352,430,440000.00,315000.00,440000.00,125000.00,0.00,0.00,NULL,'pending',1,NULL,NULL,NULL,NULL,NULL,'2026-05-22',NULL,'2026-05-22 10:32:55','2026-05-22 12:19:48'),(1081,63,'nuru khasimu athuman','0798978208','bernadetha jackson','0685461611',1387,430,430000.00,315000.00,430000.00,115000.00,0.00,0.00,NULL,'pending',1,NULL,NULL,NULL,NULL,NULL,'2026-05-22',NULL,'2026-05-22 10:41:11','2026-05-22 12:19:48'),(1082,20,'Kelvin Sued Sanga','0796053345','Salumu Kapene','0742404063',1750,430,430000.00,315000.00,430000.00,115000.00,0.00,0.00,NULL,'pending',1,NULL,NULL,NULL,NULL,NULL,'2026-05-22',NULL,'2026-05-22 11:03:08','2026-05-22 12:19:48'),(1083,35,'Ester M Luberii','0658897832','Peter Mwakalinga','0786300352',237,430,430000.00,315000.00,430000.00,115000.00,0.00,0.00,NULL,'pending',1,NULL,NULL,NULL,NULL,NULL,'2026-05-22',NULL,'2026-05-22 11:24:57','2026-05-22 12:19:48'),(1084,102,'Tatu J Andrew','0798 972 173','James Kija Hussen','0761959935',1364,430,440000.00,315000.00,440000.00,125000.00,0.00,0.00,NULL,'pending',1,NULL,NULL,NULL,NULL,NULL,'2026-05-22',NULL,'2026-05-22 11:31:24','2026-05-22 12:19:48'),(1085,25,'Hamida J Mtanga','0792998686','Samira K Saidia','0694624732',838,430,430000.00,315000.00,430000.00,115000.00,0.00,0.00,NULL,'pending',1,NULL,NULL,NULL,NULL,NULL,'2026-05-22',NULL,'2026-05-22 11:35:18','2026-05-22 12:19:48'),(1086,72,'Debora Madale','+255756685594','Jennifer Anold Charles','0698760390',310,430,440000.00,315000.00,440000.00,125000.00,0.00,0.00,NULL,'pending',1,NULL,NULL,NULL,NULL,NULL,'2026-05-22',NULL,'2026-05-22 11:50:35','2026-05-22 12:19:48'),(1087,35,'Mshamu H Mbululo','+255710330886','Masoud Ismail','0659551355',1389,430,430000.00,315000.00,430000.00,115000.00,0.00,0.00,NULL,'pending',1,NULL,NULL,NULL,NULL,NULL,'2026-05-22',NULL,'2026-05-22 12:59:22','2026-05-22 12:59:22'),(1088,73,'Felista Valerian Kanje','0686565833','Hassani Salimu Mdoe','0658824723',317,430,430000.00,315000.00,430000.00,115000.00,0.00,0.00,NULL,'pending',1,NULL,NULL,NULL,NULL,NULL,'2026-05-22',NULL,'2026-05-22 13:21:57','2026-05-22 13:21:57'),(1089,27,'Selemani Yassin Juma','0627972312','Maulidi Yassini Juma','0748901212',1171,430,430000.00,315000.00,430000.00,115000.00,0.00,0.00,NULL,'pending',1,NULL,NULL,NULL,NULL,NULL,'2026-05-22',NULL,'2026-05-22 13:56:36','2026-05-22 13:56:36'),(1090,25,'Iddi M Makoa','0712300564','Stamiri M Kinongo','0652459255',1611,430,440000.00,315000.00,440000.00,125000.00,0.00,0.00,NULL,'pending',1,NULL,NULL,NULL,NULL,NULL,'2026-05-22',NULL,'2026-05-22 14:01:43','2026-05-22 14:01:43'),(1091,55,'Benjamin Erick Nkya','0790695011','THERESIA ERICK Nkya','0686465011',1687,430,440000.00,315000.00,440000.00,125000.00,0.00,0.00,NULL,'pending',1,NULL,NULL,NULL,NULL,NULL,'2026-05-22',NULL,'2026-05-22 14:36:34','2026-05-22 14:36:34'),(1092,35,'Emanuel T Mrutu','+255740278292','Wema Mrutu','0675115014',1616,430,440000.00,315000.00,440000.00,125000.00,0.00,0.00,NULL,'pending',1,NULL,NULL,NULL,NULL,NULL,'2026-05-22',NULL,'2026-05-22 14:54:11','2026-05-22 14:54:11'),(1093,40,'Ally Mansury Hassan','0685771996','Mery Mazese Rwango','0765808282',1318,430,440000.00,315000.00,440000.00,125000.00,0.00,0.00,NULL,'pending',1,NULL,NULL,NULL,NULL,NULL,'2026-05-22',NULL,'2026-05-22 15:20:06','2026-05-22 15:20:06'),(1094,105,'Rehema Ally','796149090','Saidi Yohan Mikael','0772330326',271,430,440000.00,315000.00,440000.00,125000.00,0.00,0.00,NULL,'pending',1,NULL,NULL,NULL,NULL,NULL,'2026-05-22',NULL,'2026-05-22 15:26:39','2026-05-22 15:26:39'),(1095,39,'Elisia F Shao','0759991254','Saidati Felex Shao','0685053648',769,430,440000.00,315000.00,440000.00,125000.00,0.00,0.00,NULL,'pending',1,NULL,NULL,NULL,NULL,NULL,'2026-05-22',NULL,'2026-05-22 15:33:58','2026-05-22 15:33:58'),(1096,92,'Obeti Matay Masha','0792293230','Said Julias','0692620895',1657,430,440000.00,315000.00,440000.00,125000.00,0.00,0.00,NULL,'pending',1,NULL,NULL,NULL,NULL,NULL,'2026-05-22',NULL,'2026-05-22 15:36:36','2026-05-22 15:36:36'),(1097,89,'Abuu Hamisi Muovu','+255698029132',NULL,NULL,763,430,440000.00,315000.00,440000.00,125000.00,0.00,0.00,NULL,'pending',1,NULL,NULL,NULL,NULL,NULL,'2026-05-22',NULL,'2026-05-22 15:56:15','2026-05-22 15:56:15'),(1098,57,'Godfrey Medald','+255796762526','Fadhili Juma','0689629880',1820,430,440000.00,315000.00,440000.00,125000.00,0.00,0.00,NULL,'pending',1,NULL,NULL,NULL,NULL,NULL,'2026-05-22',NULL,'2026-05-22 16:01:49','2026-05-22 16:01:49'),(1099,28,'Farida Hassan Mohammed','0754308733','Jafary Juma Mohammed','0782565571',1763,430,440000.00,315000.00,440000.00,125000.00,0.00,0.00,NULL,'pending',1,NULL,NULL,NULL,NULL,NULL,'2026-05-22',NULL,'2026-05-22 16:18:04','2026-05-22 16:18:04'),(1100,57,'Linda Ringo','+255750199301','Fatuma Salumu','0775604023',1796,430,440000.00,315000.00,440000.00,125000.00,0.00,0.00,NULL,'pending',1,NULL,NULL,NULL,NULL,NULL,'2026-05-22',NULL,'2026-05-22 16:40:32','2026-05-22 16:40:32'),(1101,34,'Hadija H Swedi','+255683424987','Mwanaidi Rashud Nyange','718998824',1411,430,440000.00,315000.00,440000.00,125000.00,0.00,0.00,NULL,'pending',1,NULL,NULL,NULL,NULL,NULL,'2026-05-22',NULL,'2026-05-22 16:43:17','2026-05-22 16:43:17'),(1102,63,'rajabu lazaro','0654313697','james kulwa','0656389431',1381,430,440000.00,315000.00,440000.00,125000.00,0.00,0.00,NULL,'pending',1,NULL,NULL,NULL,NULL,NULL,'2026-05-22',NULL,'2026-05-22 18:09:35','2026-05-22 18:09:35'),(1103,40,'Fredy Maduhu Peter','0759103554','Muzamiru Asumani Muguwa','0714236636',1380,430,440000.00,315000.00,440000.00,125000.00,0.00,0.00,NULL,'pending',1,NULL,NULL,NULL,NULL,NULL,'2026-05-22',NULL,'2026-05-22 18:16:46','2026-05-22 18:16:46'),(1104,39,'Easton Z Kalamu','0741087141','Pascal Zilihona Kalamu','0664333742',777,430,440000.00,315000.00,440000.00,125000.00,0.00,0.00,NULL,'pending',1,NULL,NULL,NULL,NULL,NULL,'2026-05-22',NULL,'2026-05-22 18:42:26','2026-05-22 18:42:26'),(1105,57,'Farida Ngayaga','+255662809545','Zaituni Madeni','0775396246',1816,430,440000.00,315000.00,440000.00,125000.00,0.00,0.00,NULL,'pending',1,NULL,NULL,NULL,NULL,NULL,'2026-05-23',NULL,'2026-05-23 08:07:15','2026-05-23 08:07:15'),(1106,105,'Rahel Emmanuel','0761318743','Raisi Athumani','0760118186',241,430,440000.00,315000.00,440000.00,125000.00,0.00,0.00,NULL,'pending',1,NULL,NULL,NULL,NULL,NULL,'2026-05-23',NULL,'2026-05-23 08:48:49','2026-05-23 08:48:49'),(1107,45,'Tadeo P Sabiyanka','255768420356','Juma Juma Ally','255746080812',1694,430,440000.00,315000.00,440000.00,125000.00,0.00,0.00,NULL,'pending',1,NULL,NULL,NULL,NULL,NULL,'2026-05-23',NULL,'2026-05-23 09:33:16','2026-05-23 09:33:16'),(1108,81,'DAVID SANGIJA','0697015139','Frank Michael','0626861689',1363,430,440000.00,315000.00,440000.00,125000.00,0.00,0.00,NULL,'pending',1,NULL,NULL,NULL,NULL,NULL,'2026-05-23',NULL,'2026-05-23 09:38:56','2026-05-23 09:38:56'),(1109,17,'Enock Kulwa','0777794663','Frank Richard Elkana','0757886079',1275,430,440000.00,315000.00,440000.00,125000.00,0.00,0.00,NULL,'pending',1,NULL,NULL,NULL,NULL,NULL,'2026-05-23',NULL,'2026-05-23 10:01:08','2026-05-23 10:01:08'),(1110,35,'Aisha L Ramson','+255756229954','Joseph Msemwa','0784452095',1603,430,440000.00,315000.00,440000.00,125000.00,0.00,0.00,NULL,'pending',1,NULL,NULL,NULL,NULL,NULL,'2026-05-23',NULL,'2026-05-23 10:06:44','2026-05-23 10:06:44'),(1111,102,'Dalali Charles Bunzali','+255748970044','Cosmas Deustedith Kuchuja','0625390295',1718,430,440000.00,315000.00,440000.00,125000.00,0.00,0.00,NULL,'pending',1,NULL,NULL,NULL,NULL,NULL,'2026-05-23',NULL,'2026-05-23 10:22:34','2026-05-23 10:22:34'),(1112,39,'Gasper Fraterini Kisaka','0741593838','Salumu Said Mrisho','0716663137',785,430,440000.00,315000.00,440000.00,125000.00,0.00,0.00,NULL,'pending',1,NULL,NULL,NULL,NULL,NULL,'2026-05-23',NULL,'2026-05-23 11:40:08','2026-05-23 11:40:08'),(1113,26,'Daniel Antoni Peter','0761456984','Antoni Peter Paulo','0653907368',1646,430,440000.00,315000.00,440000.00,125000.00,0.00,0.00,NULL,'pending',1,NULL,NULL,NULL,NULL,NULL,'2026-05-23',NULL,'2026-05-23 12:42:07','2026-05-23 12:42:07'),(1114,34,'Zawadi P Mwangibile','+255785921382','Bahati Fredi Mwaifwani','689200628',1499,430,440000.00,315000.00,440000.00,125000.00,0.00,0.00,NULL,'pending',1,NULL,NULL,NULL,NULL,NULL,'2026-05-23',NULL,'2026-05-23 12:47:09','2026-05-23 12:47:09'),(1115,25,'Pili M Tengeni','0797342121','Latifa F Tengeni','0753823977',1395,430,440000.00,315000.00,440000.00,125000.00,0.00,0.00,NULL,'pending',1,NULL,NULL,NULL,NULL,NULL,'2026-05-23',NULL,'2026-05-23 12:47:30','2026-05-23 12:47:30'),(1116,25,'Happy G John','0776226074','Salehe S Mburahati','0712650878',833,430,440000.00,315000.00,440000.00,125000.00,0.00,0.00,NULL,'pending',1,NULL,NULL,NULL,NULL,NULL,'2026-05-23',NULL,'2026-05-23 13:10:28','2026-05-23 13:10:28'),(1117,65,'Mwanaheri A Mwalimu','0719387238','Shakira Ally Mkome','0797249173',1777,430,440000.00,315000.00,440000.00,125000.00,0.00,0.00,NULL,'pending',1,NULL,NULL,NULL,NULL,NULL,'2026-05-23',NULL,'2026-05-23 13:15:44','2026-05-23 13:15:44'),(1118,39,'Shafii H Chunga','0765725401','Juma Husen Chunga','0687917089',771,430,440000.00,315000.00,440000.00,125000.00,0.00,0.00,NULL,'pending',1,NULL,NULL,NULL,NULL,NULL,'2026-05-23',NULL,'2026-05-23 13:21:45','2026-05-23 13:21:45'),(1119,40,'Nyamizi John Mbugunde','0746311014','Grory Ayubu Mbande','0683838642',1233,430,440000.00,315000.00,440000.00,125000.00,0.00,0.00,NULL,'pending',1,NULL,NULL,NULL,NULL,NULL,'2026-05-23',NULL,'2026-05-23 14:43:51','2026-05-23 14:43:51'),(1120,34,'Sofia J Chiwanga','+255683316623','Aisha Hamisi Hamisi','698748750',1508,430,440000.00,315000.00,440000.00,125000.00,0.00,0.00,NULL,'pending',1,NULL,NULL,NULL,NULL,NULL,'2026-05-23',NULL,'2026-05-23 14:56:21','2026-05-23 14:56:21'),(1121,65,'Baby Ramadhan Saulo','0799003696','Missma Hasani','0619225206',1778,430,440000.00,315000.00,440000.00,125000.00,0.00,0.00,NULL,'pending',1,NULL,NULL,NULL,NULL,NULL,'2026-05-23',NULL,'2026-05-23 15:06:43','2026-05-23 15:06:43'),(1122,73,'Ireni Swizani Shunda','0689978637','Martini Sadicki Haji','0775535892',1696,430,440000.00,315000.00,440000.00,125000.00,0.00,0.00,NULL,'pending',1,NULL,NULL,NULL,NULL,NULL,'2026-05-23',NULL,'2026-05-23 15:10:39','2026-05-23 15:10:39'),(1123,34,'Walter S Chao','+255754921412','Levina Silivano Kawiche','665938982',1684,430,440000.00,315000.00,440000.00,125000.00,0.00,0.00,NULL,'pending',1,NULL,NULL,NULL,NULL,NULL,'2026-05-23',NULL,'2026-05-23 16:26:08','2026-05-23 16:26:08'),(1124,17,'Issa Yusuph','0798858824','Craudia Chacha','0658926589',1286,430,440000.00,315000.00,440000.00,125000.00,0.00,0.00,NULL,'pending',1,NULL,NULL,NULL,NULL,NULL,'2026-05-23',NULL,'2026-05-23 16:47:18','2026-05-23 16:47:18'),(1125,57,'Issa Sungihe','0666304371','Fatuma Saidi','0675696045',1806,430,440000.00,315000.00,440000.00,125000.00,0.00,0.00,NULL,'pending',1,NULL,NULL,NULL,NULL,NULL,'2026-05-23',NULL,'2026-05-23 17:05:35','2026-05-23 17:05:35'),(1126,25,'Mbwana R Mbwana','0786310041','Hassani R Mbwana','0674088695',1602,430,440000.00,315000.00,440000.00,125000.00,0.00,0.00,NULL,'pending',1,NULL,NULL,NULL,NULL,NULL,'2026-05-23',NULL,'2026-05-23 17:11:06','2026-05-23 17:11:06'),(1127,45,'Liliani Felix Chali','+255757459763','Juma Felix Chali','0625451200',1701,430,440000.00,315000.00,440000.00,125000.00,0.00,0.00,NULL,'pending',1,NULL,NULL,NULL,NULL,NULL,'2026-05-23',NULL,'2026-05-23 17:11:54','2026-05-23 17:11:54'),(1128,57,'Mussa Ally','+255760280868','Fatima Juma','0766571412',1830,430,440000.00,315000.00,440000.00,125000.00,0.00,0.00,NULL,'pending',1,NULL,NULL,NULL,NULL,NULL,'2026-05-23',NULL,'2026-05-23 17:53:42','2026-05-23 17:53:42'),(1129,45,'Lightness Felix Matembo','+255628319063','Anna Felix Matembo','0760750213',490,430,440000.00,315000.00,440000.00,125000.00,0.00,0.00,NULL,'pending',1,NULL,NULL,NULL,NULL,NULL,'2026-05-23',NULL,'2026-05-23 17:59:19','2026-05-23 17:59:19'),(1130,23,'Masunga Deus Ndaji','0782613175','Elizabeth Sultan Bunela','0740226421',1834,430,440000.00,315000.00,440000.00,125000.00,0.00,0.00,NULL,'pending',1,NULL,NULL,NULL,NULL,NULL,'2026-05-23',NULL,'2026-05-23 18:02:15','2026-05-23 18:02:15'),(1131,17,'Adija Salum','0788607327','Ramadhan Abdul','0625365826',1335,430,440000.00,315000.00,440000.00,125000.00,0.00,0.00,NULL,'pending',1,NULL,NULL,NULL,NULL,NULL,'2026-05-23',NULL,'2026-05-23 19:05:58','2026-05-23 19:05:58'),(1132,17,'Mariam  Kayanda','0688881531','Lameck Masanja Ngolo','0692265091',1369,430,440000.00,315000.00,440000.00,125000.00,0.00,0.00,NULL,'pending',1,NULL,NULL,NULL,NULL,NULL,'2026-05-24',NULL,'2026-05-24 07:09:44','2026-05-24 07:09:44'),(1133,65,'Watende S Towfip','0650783161','Swaumu saidi omary','0702222847',1776,430,315000.00,315000.00,315000.00,0.00,0.00,0.00,NULL,'pending',1,NULL,NULL,NULL,NULL,NULL,'2026-05-24',NULL,'2026-05-24 10:34:05','2026-05-24 10:34:05'),(1134,20,'Abdulswamad A Mbuya','+255778151417','Jamila Mustapha Daudi','0765538355',1735,430,315000.00,315000.00,315000.00,0.00,0.00,0.00,NULL,'pending',1,NULL,NULL,NULL,NULL,NULL,'2026-05-24',NULL,'2026-05-24 10:47:30','2026-05-24 10:47:30'),(1135,37,'Robert Rubi Kajojo','0745640421','Barongo Magere','0748836037',1325,430,440000.00,315000.00,440000.00,125000.00,0.00,0.00,NULL,'pending',1,NULL,NULL,NULL,NULL,NULL,'2026-05-24',NULL,'2026-05-24 10:49:04','2026-05-24 10:49:04'),(1136,25,'Natasha J Kibwana','0748457478','Aziza A Shabani','0783414119',1678,430,440000.00,315000.00,440000.00,125000.00,0.00,0.00,NULL,'pending',1,NULL,NULL,NULL,NULL,NULL,'2026-05-24',NULL,'2026-05-24 10:53:02','2026-05-24 10:53:02'),(1137,57,'Charless Wakulu','+255767721963','Julius Mafayo','0702536485',1825,430,440000.00,315000.00,440000.00,125000.00,0.00,0.00,NULL,'pending',1,NULL,NULL,NULL,NULL,NULL,'2026-05-24',NULL,'2026-05-24 12:05:01','2026-05-24 12:05:01'),(1138,73,'Godliver Peter Msafiri','0773636127','Ally Saidi Muhamedi','0651819546',879,430,440000.00,315000.00,440000.00,125000.00,0.00,0.00,NULL,'pending',1,NULL,NULL,NULL,NULL,NULL,'2026-05-24',NULL,'2026-05-24 12:27:43','2026-05-24 12:27:43'),(1139,25,'Onesmo G Badyanga','+255762147479','Mdachi G Badyanga','0690141341',1505,430,440000.00,315000.00,440000.00,125000.00,0.00,0.00,NULL,'pending',1,NULL,NULL,NULL,NULL,NULL,'2026-05-24',NULL,'2026-05-24 12:40:05','2026-05-24 12:40:05'),(1140,30,'Cosmas J Mpokwa','0694494828','Suleiman Seleman Mchuzi','0714767611',870,430,440000.00,315000.00,440000.00,125000.00,0.00,0.00,NULL,'pending',1,NULL,NULL,NULL,NULL,NULL,'2026-05-24',NULL,'2026-05-24 12:59:56','2026-05-24 12:59:56'),(1141,57,'Rehema Athumani','+255741991607','Meldan Nyamuyeza','0718477752',1802,430,440000.00,315000.00,440000.00,125000.00,0.00,0.00,NULL,'pending',1,NULL,NULL,NULL,NULL,NULL,'2026-05-24',NULL,'2026-05-24 13:08:10','2026-05-24 13:08:10'),(1142,40,'Omary Mohamedy Paulo','0759010410','Rehema Mohamedy Paulo','0750668038',1312,430,440000.00,315000.00,440000.00,125000.00,0.00,0.00,NULL,'pending',1,NULL,NULL,NULL,NULL,NULL,'2026-05-24',NULL,'2026-05-24 14:05:17','2026-05-24 14:05:17'),(1143,57,'Mwajabu Mohammed','+255744011347','Elia Daniel','0744696054',1804,430,440000.00,315000.00,440000.00,125000.00,0.00,0.00,NULL,'pending',1,NULL,NULL,NULL,NULL,NULL,'2026-05-24',NULL,'2026-05-24 14:24:59','2026-05-24 14:24:59'),(1144,37,'Lucas Lenardi Lusato','0792438148','Nyambofu John','0754957067',1310,430,440000.00,315000.00,440000.00,125000.00,0.00,0.00,NULL,'pending',1,NULL,NULL,NULL,NULL,NULL,'2026-05-24',NULL,'2026-05-24 14:48:39','2026-05-24 14:48:39'),(1145,106,'NICKO JAMES','0793592063','Denis  Mathias','0740287895',1269,430,440000.00,315000.00,440000.00,125000.00,0.00,0.00,NULL,'pending',1,NULL,NULL,NULL,NULL,NULL,'2026-05-25',NULL,'2026-05-25 06:31:04','2026-05-25 06:31:04'),(1146,105,'Hawa S Athumani','0653519796','Amina Rashidi','0782827910',236,430,440000.00,315000.00,440000.00,125000.00,0.00,0.00,NULL,'pending',1,NULL,NULL,NULL,NULL,NULL,'2026-05-25',NULL,'2026-05-25 07:39:37','2026-05-25 07:39:37'),(1147,57,'Assa Ndabalinze','+255793878984','Amithai Ignas','0741380180',1832,430,440000.00,315000.00,440000.00,125000.00,0.00,0.00,NULL,'pending',1,NULL,NULL,NULL,NULL,NULL,'2026-05-25',NULL,'2026-05-25 08:17:05','2026-05-25 08:17:05'),(1148,45,'Rebeka Yusuph Jorojick','+255747001297','Juma Yusuph Jorojick','+255747001290',1697,430,315000.00,315000.00,315000.00,0.00,0.00,0.00,NULL,'pending',1,NULL,NULL,NULL,NULL,NULL,'2026-05-25',NULL,'2026-05-25 09:21:48','2026-05-25 09:21:48'),(1149,49,'Suwa Masenga','0698406308',NULL,NULL,603,430,440000.00,315000.00,440000.00,125000.00,0.00,0.00,NULL,'pending',1,NULL,NULL,NULL,NULL,NULL,'2026-05-25',NULL,'2026-05-25 09:45:34','2026-05-25 09:45:34'),(1150,27,'Juliana J Salum','0636272521','Annastazia Sistusi Kiatu','0613833141',1766,430,315000.00,315000.00,315000.00,0.00,0.00,0.00,NULL,'pending',1,NULL,NULL,NULL,NULL,NULL,'2026-05-25',NULL,'2026-05-25 09:56:16','2026-05-25 09:56:16'),(1151,57,'Suwa Masenga','0698406308','Lucas Kijazi','0625010496',172,430,440000.00,315000.00,440000.00,125000.00,0.00,0.00,NULL,'pending',1,NULL,NULL,NULL,NULL,NULL,'2026-05-25',NULL,'2026-05-25 10:19:28','2026-05-25 10:19:28'),(1152,63,'ngeli malabo mnyaga',NULL,NULL,NULL,1375,430,440000.00,315000.00,440000.00,125000.00,0.00,0.00,NULL,'pending',1,NULL,NULL,NULL,NULL,NULL,'2026-05-25',NULL,'2026-05-25 10:28:54','2026-05-25 10:28:54'),(1153,106,'Benjamin Salumu','0790060023','Wambura  Dismas Mako','0743827690',1383,430,440000.00,315000.00,440000.00,125000.00,0.00,0.00,NULL,'pending',1,NULL,NULL,NULL,NULL,NULL,'2026-05-25',NULL,'2026-05-25 11:28:00','2026-05-25 11:28:00'),(1154,57,'Ibrahim Nyau','0797412329','Shida Juma','0715885246',515,430,440000.00,315000.00,440000.00,125000.00,0.00,0.00,NULL,'pending',1,NULL,NULL,NULL,NULL,NULL,'2026-05-25',NULL,'2026-05-25 12:21:20','2026-05-25 12:21:20'),(1155,63,'selemani joseph makungu','0767935414','sophia lugendo','0760503549',1379,430,440000.00,315000.00,440000.00,125000.00,0.00,0.00,NULL,'pending',1,NULL,NULL,NULL,NULL,NULL,'2026-05-25',NULL,'2026-05-25 12:28:04','2026-05-25 12:28:04'),(1156,45,'Athumani Mohamedi Mminge','+255772297500','Juma Mohamedi Mminge','255764521203',1692,430,440000.00,315000.00,440000.00,125000.00,0.00,0.00,NULL,'pending',1,NULL,NULL,NULL,NULL,NULL,'2026-05-25',NULL,'2026-05-25 12:35:54','2026-05-25 12:35:54'),(1157,57,'Naisi Betetherabon','0798540500','Zaina Mkomwa','0675696023',1803,430,440000.00,315000.00,440000.00,125000.00,0.00,0.00,NULL,'pending',1,NULL,NULL,NULL,NULL,NULL,'2026-05-25',NULL,'2026-05-25 12:37:20','2026-05-25 12:37:20'),(1158,106,'RACHEL SETA NGEREJA','0664277352','Avelina Zunzu','0764237992',1280,430,440000.00,315000.00,440000.00,125000.00,0.00,0.00,NULL,'pending',1,NULL,NULL,NULL,NULL,NULL,'2026-05-25',NULL,'2026-05-25 12:45:14','2026-05-25 12:45:14'),(1159,54,'Rasuli Bakari Msuya','0779226340','Samweli Adeni','0628014978',471,430,440000.00,315000.00,440000.00,125000.00,0.00,0.00,NULL,'pending',1,NULL,NULL,NULL,NULL,NULL,'2026-05-25',NULL,'2026-05-25 13:09:06','2026-05-25 13:09:06'),(1160,57,'Rashidi Mzaram','+255768070787','Zaituni Makelele','0654328569',1795,430,440000.00,315000.00,440000.00,125000.00,0.00,0.00,NULL,'pending',1,NULL,NULL,NULL,NULL,NULL,'2026-05-25',NULL,'2026-05-25 13:23:51','2026-05-25 13:23:51'),(1161,57,'Maliki Matenga','+255791395019','Festo Nyoni','0776301254',1818,430,440000.00,315000.00,440000.00,125000.00,0.00,0.00,NULL,'pending',1,NULL,NULL,NULL,NULL,NULL,'2026-05-25',NULL,'2026-05-25 13:45:17','2026-05-25 13:45:17'),(1162,111,'Bwelele August Antin','0791792839','Paschal Sang Kema','0777274268',1270,430,440000.00,315000.00,440000.00,125000.00,0.00,0.00,NULL,'pending',1,NULL,NULL,NULL,NULL,NULL,'2026-05-25',NULL,'2026-05-25 13:47:52','2026-05-25 13:47:52'),(1163,63,'isack yoweli lenga','0762025457','vedastus radislaus','0651737361',1384,430,440000.00,315000.00,440000.00,125000.00,0.00,0.00,NULL,'pending',1,NULL,NULL,NULL,NULL,NULL,'2026-05-25',NULL,'2026-05-25 13:48:04','2026-05-25 13:48:04'),(1164,31,'Ahmad S Yusuph','0759602115','Rajabu','0779762305',1604,430,440000.00,315000.00,440000.00,125000.00,0.00,0.00,NULL,'pending',1,NULL,NULL,NULL,NULL,NULL,'2026-05-25',NULL,'2026-05-25 14:11:03','2026-05-25 14:11:03'),(1165,27,'Zabroni John Msigwa','0796082828','Ashura Salumu Kindamba','0673645852',1772,430,440000.00,315000.00,440000.00,125000.00,0.00,0.00,NULL,'pending',1,NULL,NULL,NULL,NULL,NULL,'2026-05-25',NULL,'2026-05-25 14:28:44','2026-05-25 14:28:44'),(1166,40,'Endwine Serestin Katabatwa','0688777194','Diyana Paulo Pitter','0696225659',1283,430,440000.00,315000.00,440000.00,125000.00,0.00,0.00,NULL,'pending',1,NULL,NULL,NULL,NULL,NULL,'2026-05-25',NULL,'2026-05-25 15:02:18','2026-05-25 15:02:18'),(1167,57,'Nuru Msigara','+255768529657','Mwajuma Juma','0653247869',1819,430,440000.00,315000.00,440000.00,125000.00,0.00,0.00,NULL,'pending',1,NULL,NULL,NULL,NULL,NULL,'2026-05-25',NULL,'2026-05-25 15:09:44','2026-05-25 15:09:44'),(1168,30,'Joseph Pius Muhehe','0768060709','Zulfa Hassan  Msuya','0795305873',878,430,440000.00,315000.00,440000.00,125000.00,0.00,0.00,NULL,'pending',1,NULL,NULL,NULL,NULL,NULL,'2026-05-25',NULL,'2026-05-25 15:16:20','2026-05-25 15:16:20'),(1169,37,'Deodigagius M Mshagili','0693260139','Jenipha Sekule','0634971156',1320,430,440000.00,315000.00,440000.00,125000.00,0.00,0.00,NULL,'pending',1,NULL,NULL,NULL,NULL,NULL,'2026-05-25',NULL,'2026-05-25 15:33:50','2026-05-25 15:33:50'),(1170,57,'Jovieth Kabaita','+255741419375','Fatuma Juma','0784419372',1829,430,440000.00,315000.00,440000.00,125000.00,0.00,0.00,NULL,'pending',1,NULL,NULL,NULL,NULL,NULL,'2026-05-25',NULL,'2026-05-25 16:04:55','2026-05-25 16:04:55'),(1171,28,'Salma Ally Chande','0791798076','Hidaya Martin Bunga','0779363536',1756,430,440000.00,315000.00,440000.00,125000.00,0.00,0.00,NULL,'pending',1,NULL,NULL,NULL,NULL,NULL,'2026-05-25',NULL,'2026-05-25 16:10:27','2026-05-25 16:10:27'),(1172,63,'ndarawa rufunguro madoshi','0758004137','mlekwa nicholaus','0745191652',1385,430,440000.00,315000.00,440000.00,125000.00,0.00,0.00,NULL,'pending',1,NULL,NULL,NULL,NULL,NULL,'2026-05-25',NULL,'2026-05-25 16:16:19','2026-05-25 16:16:19'),(1173,37,'Said Salumu Said','0769716632','Bashiru Said','0757560353',1315,430,440000.00,315000.00,440000.00,125000.00,0.00,0.00,NULL,'pending',1,NULL,NULL,NULL,NULL,NULL,'2026-05-25',NULL,'2026-05-25 16:18:27','2026-05-25 16:18:27'),(1174,40,'Irene Khamis Frenk','0741476123','Nchangwa Matinde Chacha','0792308386',1324,430,440000.00,315000.00,440000.00,125000.00,0.00,0.00,NULL,'pending',1,NULL,NULL,NULL,NULL,NULL,'2026-05-25',NULL,'2026-05-25 16:25:38','2026-05-25 16:25:38'),(1175,39,'Zakaria L Mnyili','0694347510','Musa Lazaro Mnyili','0611178139',68,430,440000.00,315000.00,440000.00,125000.00,0.00,0.00,NULL,'pending',1,NULL,NULL,NULL,NULL,NULL,'2026-05-25',NULL,'2026-05-25 16:44:27','2026-05-25 16:44:27'),(1176,25,'Farazia R Kimangu','0665818368','Richard C Kamangu','0763370167',1685,430,440000.00,315000.00,440000.00,125000.00,0.00,0.00,NULL,'pending',1,NULL,NULL,NULL,NULL,NULL,'2026-05-25',NULL,'2026-05-25 16:47:28','2026-05-25 16:47:28'),(1177,57,'Ally Ally','+255713947831','Khadija Kisusu','0718325694',1809,430,440000.00,315000.00,440000.00,125000.00,0.00,0.00,NULL,'pending',1,NULL,NULL,NULL,NULL,NULL,'2026-05-25',NULL,'2026-05-25 16:51:32','2026-05-25 16:51:32'),(1178,28,'Fatuma Rashid Taimu','0664193745','Abdul Said Ngalen','0666188903',1755,430,440000.00,315000.00,440000.00,125000.00,0.00,0.00,NULL,'pending',1,NULL,NULL,NULL,NULL,NULL,'2026-05-25',NULL,'2026-05-25 17:09:18','2026-05-25 17:09:18'),(1179,17,'Zaituni Solisi','0764531299','Luni Reuben Ndaro','0685693258',1368,430,440000.00,315000.00,440000.00,125000.00,0.00,0.00,NULL,'pending',1,NULL,NULL,NULL,NULL,NULL,'2026-05-25',NULL,'2026-05-25 17:10:04','2026-05-25 17:10:04'),(1180,17,'Mariam Willison','0748950981','Lahimu Shabani','0683781205',1284,430,440000.00,315000.00,440000.00,125000.00,0.00,0.00,NULL,'pending',1,NULL,NULL,NULL,NULL,NULL,'2026-05-25',NULL,'2026-05-25 17:15:30','2026-05-25 17:15:30'),(1181,40,'Rashid Jastine Selestine','0688207907',NULL,'0787598613',1220,430,440000.00,315000.00,440000.00,125000.00,0.00,0.00,NULL,'pending',1,NULL,NULL,NULL,NULL,NULL,'2026-05-25',NULL,'2026-05-25 17:35:32','2026-05-25 17:35:32'),(1182,25,'Happiness E Paulo','0740351346','Aithani A Oscar','0760671617',1601,430,440000.00,315000.00,440000.00,125000.00,0.00,0.00,NULL,'pending',1,NULL,NULL,NULL,NULL,NULL,'2026-05-25',NULL,'2026-05-25 17:35:43','2026-05-25 17:35:43'),(1183,65,'Uwesu S Salumu','0670650770','Khasani Hasani','0699272734',1782,430,440000.00,315000.00,440000.00,125000.00,0.00,0.00,NULL,'pending',1,NULL,NULL,NULL,NULL,NULL,'2026-05-25',NULL,'2026-05-25 17:41:22','2026-05-25 17:41:22'),(1184,75,'Imanuel Danford Chinyali','0702775160','James Erioth Mziwanda','0791120864',1935,430,440000.00,315000.00,440000.00,125000.00,0.00,0.00,NULL,'pending',1,NULL,NULL,NULL,NULL,NULL,'2026-05-25',NULL,'2026-05-25 17:48:56','2026-05-25 17:48:56'),(1185,45,'Samson Onespholo Mkanja','255670097060','husen omary  salehe','0764902487',1699,430,440000.00,315000.00,440000.00,125000.00,0.00,0.00,NULL,'pending',1,NULL,NULL,NULL,NULL,NULL,'2026-05-25',NULL,'2026-05-25 18:05:07','2026-05-25 18:05:07'),(1186,30,'Victoria Juma Mwasikili','0670098371','Lilian Martin','0635747656',1648,430,440000.00,315000.00,440000.00,125000.00,0.00,0.00,NULL,'pending',1,NULL,NULL,NULL,NULL,NULL,'2026-05-25',NULL,'2026-05-25 18:06:21','2026-05-25 18:06:21'),(1187,45,'Hamissa Maalim Mwembamba','+255698374106','Juma Ally Juma','+255698374180',1700,430,440000.00,315000.00,440000.00,125000.00,0.00,0.00,NULL,'pending',1,NULL,NULL,NULL,NULL,NULL,'2026-05-25',NULL,'2026-05-25 18:13:13','2026-05-25 18:13:13'),(1188,102,'Julieth A Seperatus',NULL,'Miliam Jackosn Benedicto','0699719194',1360,430,440000.00,315000.00,440000.00,125000.00,0.00,0.00,NULL,'pending',1,NULL,NULL,NULL,NULL,NULL,'2026-05-25',NULL,'2026-05-25 18:17:30','2026-05-25 18:17:30'),(1189,25,'Julias A Maro','+255793387526','Asha A Swalehe','0799236967',1641,430,440000.00,315000.00,440000.00,125000.00,0.00,0.00,NULL,'pending',1,NULL,NULL,NULL,NULL,NULL,'2026-05-25',NULL,'2026-05-25 18:35:29','2026-05-25 18:35:29'),(1190,106,'Sofia Helman','0754520328','Eplus Revocatus','0697379999',1287,430,440000.00,315000.00,440000.00,125000.00,0.00,0.00,NULL,'pending',1,NULL,NULL,NULL,NULL,NULL,'2026-05-25',NULL,'2026-05-25 18:35:38','2026-05-25 18:35:38'),(1191,40,'Fatuma Said Zabron','0786066308','David Sospitter Chiguru','0778611711',1367,430,440000.00,315000.00,440000.00,125000.00,0.00,0.00,NULL,'pending',1,NULL,NULL,NULL,NULL,NULL,'2026-05-25',NULL,'2026-05-25 18:44:23','2026-05-25 18:44:23'),(1192,30,'Twailat Twaha Msoke','0756339668','Lucy  Kasidi Ally','0718678082',1607,430,440000.00,315000.00,440000.00,125000.00,0.00,0.00,NULL,'pending',1,NULL,NULL,NULL,NULL,NULL,'2026-05-25',NULL,'2026-05-25 18:47:38','2026-05-25 18:47:38'),(1193,26,'Elizabeth Charles Chola','0750308739','Joel Daimas Shongoi','0621607572',1638,430,440000.00,315000.00,440000.00,125000.00,0.00,0.00,NULL,'pending',1,NULL,NULL,NULL,NULL,NULL,'2026-05-26',NULL,'2026-05-26 06:24:04','2026-05-26 06:24:04'),(1194,57,'Boniphace Saiga','+255677552221','Yona Juma','0675696085',1799,430,440000.00,315000.00,440000.00,125000.00,0.00,0.00,NULL,'pending',1,NULL,NULL,NULL,NULL,NULL,'2026-05-26',NULL,'2026-05-26 06:35:36','2026-05-26 06:35:36'),(1195,57,'Anthony Nuguti','+255692260039','Yona Saidi','0715884269',1824,430,440000.00,315000.00,440000.00,125000.00,0.00,0.00,NULL,'pending',1,NULL,NULL,NULL,NULL,NULL,'2026-05-26',NULL,'2026-05-26 06:38:42','2026-05-26 06:38:42'),(1196,45,'Limbe Mwegela Sasuma','255790015266','juma saimon juma','0764647654',649,430,440000.00,315000.00,440000.00,125000.00,0.00,0.00,NULL,'pending',1,NULL,NULL,NULL,NULL,NULL,'2026-05-26',NULL,'2026-05-26 07:15:44','2026-05-26 07:15:44'),(1197,28,'Said Haluna Seif','0775678535','Amina Ally Seif','0684775473',1758,430,440000.00,315000.00,440000.00,125000.00,0.00,0.00,NULL,'pending',1,NULL,NULL,NULL,NULL,NULL,'2026-05-26',NULL,'2026-05-26 08:22:15','2026-05-26 08:22:15'),(1198,45,'Kombe Maduhu Masunga','+255790028899','Juma Maduhu Masunga','+255790028877',476,430,440000.00,315000.00,440000.00,125000.00,0.00,0.00,NULL,'pending',1,NULL,NULL,NULL,NULL,NULL,'2026-05-26',NULL,'2026-05-26 08:25:09','2026-05-26 08:25:09'),(1199,31,'Ernest  S Lesilwa','0754545411','Mzava','0787200711',1740,430,440000.00,315000.00,440000.00,125000.00,0.00,0.00,NULL,'pending',1,NULL,NULL,NULL,NULL,NULL,'2026-05-26',NULL,'2026-05-26 09:09:28','2026-05-26 09:09:28'),(1200,28,'Hidaya Ally Salum','0794408112','Husna Hassan Kingumbi','0765117149',1757,430,440000.00,315000.00,440000.00,125000.00,0.00,0.00,NULL,'pending',1,NULL,NULL,NULL,NULL,NULL,'2026-05-26',NULL,'2026-05-26 10:07:01','2026-05-26 10:07:01'),(1201,54,'Michael Gudluck Michael','0671445741','Ezekiel Isay','0788616459',840,430,440000.00,315000.00,440000.00,125000.00,0.00,0.00,NULL,'pending',1,NULL,NULL,NULL,NULL,NULL,'2026-05-26',NULL,'2026-05-26 10:07:55','2026-05-26 10:07:55'),(1202,31,'Fadhil Abdallah Mgeruka','0746759788','Fatuma Ally','0712759888',658,430,440000.00,315000.00,440000.00,125000.00,0.00,0.00,NULL,'pending',1,NULL,NULL,NULL,NULL,NULL,'2026-05-26',NULL,'2026-05-26 10:08:08','2026-05-26 10:08:08'),(1203,40,'Adam Khamin Bahati','0782746053','James Aber Daniel','0769088701',1226,430,440000.00,315000.00,440000.00,125000.00,0.00,0.00,NULL,'pending',1,NULL,NULL,NULL,NULL,NULL,'2026-05-26',NULL,'2026-05-26 10:27:39','2026-05-26 10:27:39'),(1204,63,'Elizabeth Emmanuel msugwa','0636731671','Elizabeth mtugwa','0752365254',1218,430,440000.00,315000.00,440000.00,125000.00,0.00,0.00,NULL,'pending',1,NULL,NULL,NULL,NULL,NULL,'2026-05-26',NULL,'2026-05-26 10:28:35','2026-05-26 10:28:35'),(1205,63,'Helena isaka','0794303370','jumanne shabani juma','0688521248',1217,430,440000.00,315000.00,440000.00,125000.00,0.00,0.00,NULL,'pending',1,NULL,NULL,NULL,NULL,NULL,'2026-05-26',NULL,'2026-05-26 10:35:39','2026-05-26 10:35:39'),(1206,25,'Christina S Rosopilo','0798916891','Aisha R Ally','0671439988',1680,430,440000.00,315000.00,440000.00,125000.00,0.00,0.00,NULL,'pending',1,NULL,NULL,NULL,NULL,NULL,'2026-05-26',NULL,'2026-05-26 11:17:14','2026-05-26 11:17:14'),(1207,111,'Zainabu Sande','0791378040','Yohan Kalan','0664283195',1211,430,315000.00,315000.00,315000.00,0.00,0.00,0.00,NULL,'pending',1,NULL,NULL,NULL,NULL,NULL,'2026-05-26',NULL,'2026-05-26 11:39:50','2026-05-26 11:39:50'),(1208,22,'HAWA RAMADHAN ABDU','0768620243','ALEX JOHN IBRAHIM','0745094304',1936,430,440000.00,315000.00,440000.00,125000.00,0.00,0.00,NULL,'pending',1,NULL,NULL,NULL,NULL,NULL,'2026-05-26',NULL,'2026-05-26 11:53:20','2026-05-26 11:53:20'),(1209,94,'Catherine Charles Iyumbu','0796625829','Grace Charles Iyumbu','0716836426',1236,430,440000.00,315000.00,440000.00,125000.00,0.00,0.00,NULL,'pending',1,NULL,NULL,NULL,NULL,NULL,'2026-05-26',NULL,'2026-05-26 12:28:58','2026-05-26 12:28:58'),(1210,37,'Zainab Omary','0799280421','Salumu Aman','0626125614',1214,430,315000.00,315000.00,315000.00,0.00,0.00,0.00,NULL,'pending',1,NULL,NULL,NULL,NULL,NULL,'2026-05-26',NULL,'2026-05-26 12:56:50','2026-05-26 12:56:50'),(1211,65,'Mwajuma A Mwenda','0716568203','Hamisi Mzamil','0716568203',1780,430,315000.00,315000.00,315000.00,0.00,0.00,0.00,NULL,'pending',1,NULL,NULL,NULL,NULL,NULL,'2026-05-26',NULL,'2026-05-26 12:57:23','2026-05-26 12:57:23'),(1212,57,'Ramadhani Mohamed','0796488606','Nehemia Nichorlaus','0741350285',1813,430,440000.00,315000.00,440000.00,125000.00,0.00,0.00,NULL,'pending',1,NULL,NULL,NULL,NULL,NULL,'2026-05-26',NULL,'2026-05-26 14:03:07','2026-05-26 14:03:07'),(1213,25,'Silinia G Mhagama','+255792380437','Bitris F Kayoanga','0627490912',1608,430,440000.00,315000.00,440000.00,125000.00,0.00,0.00,NULL,'pending',1,NULL,NULL,NULL,NULL,NULL,'2026-05-26',NULL,'2026-05-26 14:28:43','2026-05-26 14:28:43'),(1214,57,'Saidi Chambo','0744503011','Asia Mhina','0623433335',975,430,440000.00,315000.00,440000.00,125000.00,0.00,0.00,NULL,'pending',1,NULL,NULL,NULL,NULL,NULL,'2026-05-26',NULL,'2026-05-26 15:13:31','2026-05-26 15:13:31'),(1215,63,'sada sadi suberi','0690811665','halima omary','0750785661',1221,430,315000.00,315000.00,315000.00,0.00,0.00,0.00,NULL,'pending',1,NULL,NULL,NULL,NULL,NULL,'2026-05-26',NULL,'2026-05-26 15:23:03','2026-05-26 15:23:03'),(1216,84,'Orida Philipo','0665727307','Juma Kanyanya','0764051891',1277,430,440000.00,315000.00,440000.00,125000.00,0.00,0.00,NULL,'pending',1,NULL,NULL,NULL,NULL,NULL,'2026-05-26',NULL,'2026-05-26 15:34:54','2026-05-26 15:34:54'),(1217,101,'Reonard M Jangu','+255797667492','Reonard Mathias jangu','0652447854',1348,430,440000.00,315000.00,440000.00,125000.00,0.00,0.00,NULL,'pending',1,NULL,NULL,NULL,NULL,NULL,'2026-05-26',NULL,'2026-05-26 16:38:14','2026-05-26 16:38:14'),(1218,57,'Samwel Macha','+255765434983','Alex Juma','0675696046',1833,430,440000.00,315000.00,440000.00,125000.00,0.00,0.00,NULL,'pending',1,NULL,NULL,NULL,NULL,NULL,'2026-05-26',NULL,'2026-05-26 17:23:59','2026-05-26 17:23:59'),(1219,57,'Magreth Vicent','0663834599','Mariam Emmanuel','0718184723',512,430,440000.00,315000.00,440000.00,125000.00,0.00,0.00,NULL,'pending',1,NULL,NULL,NULL,NULL,NULL,'2026-05-26',NULL,'2026-05-26 17:55:56','2026-05-26 17:55:56'),(1220,24,'Marko Ayieta','0666919440','Mery Johanes','0688557767',2037,430,315000.00,315000.00,315000.00,0.00,0.00,0.00,NULL,'pending',1,NULL,NULL,NULL,NULL,NULL,'2026-05-27',NULL,'2026-05-27 08:23:05','2026-05-27 08:23:05'),(1221,53,'Hawa Hamis Nunda','0639467511','Shadya Rashid Salum','0799990687',582,430,440000.00,315000.00,440000.00,125000.00,0.00,0.00,NULL,'pending',1,NULL,NULL,NULL,NULL,NULL,'2026-05-27',NULL,'2026-05-27 10:25:44','2026-05-27 10:25:44'),(1222,57,'Rashidi Kaseko','0770420460','Zaujia Hassan','0716792325',1810,430,440000.00,315000.00,440000.00,125000.00,0.00,0.00,NULL,'pending',1,NULL,NULL,NULL,NULL,NULL,'2026-05-27',NULL,'2026-05-27 10:50:04','2026-05-27 10:50:04'),(1223,40,'Baraka Lauson Joseph','0665232678','Nejemia Eriud Sabato','0611119505',1210,430,440000.00,315000.00,440000.00,125000.00,0.00,0.00,NULL,'pending',1,NULL,NULL,NULL,NULL,NULL,'2026-05-27',NULL,'2026-05-27 11:21:36','2026-05-27 11:21:36'),(1224,95,'Rehema daniel','0697882327','Bahat Betus Luleka','0651665021',1330,430,440000.00,315000.00,440000.00,125000.00,0.00,0.00,NULL,'pending',1,NULL,NULL,NULL,NULL,NULL,'2026-05-27',NULL,'2026-05-27 11:34:05','2026-05-27 11:34:05'),(1225,40,'GetrudaGerad George','0755851993','Ahasan Mwamed Said','0694230075',1227,430,440000.00,315000.00,440000.00,125000.00,0.00,0.00,NULL,'pending',1,NULL,NULL,NULL,NULL,NULL,'2026-05-27',NULL,'2026-05-27 11:51:17','2026-05-27 11:51:17'),(1226,22,'ASHA ATUBELA ADINANI','0760891122','SAMSON PAUL SAMWEL','0798665551',2038,430,440000.00,315000.00,440000.00,125000.00,0.00,0.00,NULL,'pending',1,NULL,NULL,NULL,NULL,NULL,'2026-05-27',NULL,'2026-05-27 12:10:15','2026-05-27 12:10:15'),(1227,27,'Modesta V Cosmas','07710330172','Rashidy Abdala Bakari','0692590339',1771,430,440000.00,315000.00,440000.00,125000.00,0.00,0.00,NULL,'pending',1,NULL,NULL,NULL,NULL,NULL,'2026-05-27',NULL,'2026-05-27 12:28:03','2026-05-27 12:28:03'),(1228,75,'Kizenga Joseph Isack','0768805603','Atu Samson  Lupenza','0627775603',1713,430,440000.00,315000.00,440000.00,125000.00,0.00,0.00,NULL,'pending',1,NULL,NULL,NULL,NULL,NULL,'2026-05-27',NULL,'2026-05-27 13:05:35','2026-05-27 13:05:35'),(1229,45,'Shingwa Luhende Luhela','+255687881019','Juma Luhende Luhela','07545231213',1691,430,315000.00,315000.00,315000.00,0.00,0.00,0.00,NULL,'pending',1,NULL,NULL,NULL,NULL,NULL,'2026-05-27',NULL,'2026-05-27 13:06:35','2026-05-27 13:06:35'),(1230,27,'Sudi M Mnyemvua','0678718112','Asman Festo Mbonaga','0680292607',1769,430,440000.00,315000.00,440000.00,125000.00,0.00,0.00,NULL,'pending',1,NULL,NULL,NULL,NULL,NULL,'2026-05-27',NULL,'2026-05-27 13:55:18','2026-05-27 13:55:18'),(1231,57,'Samweli Tito','+255767267819','Agness Samwel','0760672118',1822,430,440000.00,315000.00,440000.00,125000.00,0.00,0.00,NULL,'pending',1,NULL,NULL,NULL,NULL,NULL,'2026-05-27',NULL,'2026-05-27 14:06:17','2026-05-27 14:06:17'),(1232,69,'Jastin J Misunaguro','0790034884','Gift Jeradi Misunaguro','0767827214',54,430,440000.00,315000.00,440000.00,125000.00,0.00,0.00,NULL,'pending',1,NULL,NULL,NULL,NULL,NULL,'2026-05-27',NULL,'2026-05-27 14:33:10','2026-05-27 14:33:10'),(1233,31,'Issa M Kimwaki','0760598690','Halima M Kimwaki','0769765622',1753,430,315000.00,315000.00,315000.00,0.00,0.00,0.00,NULL,'pending',1,NULL,NULL,NULL,NULL,NULL,'2026-05-28',NULL,'2026-05-28 06:41:33','2026-05-28 06:41:33'),(1234,65,'Frank  Alois Mgaya','0786089692','Eva Peter','0712528731',1783,430,315000.00,315000.00,315000.00,0.00,0.00,0.00,NULL,'pending',1,NULL,NULL,NULL,NULL,NULL,'2026-05-28',NULL,'2026-05-28 07:13:34','2026-05-28 07:13:34'),(1235,27,'Amina M Mshimba','0655783078','Afidhi Mahabudi Haji','0772807089',1773,430,440000.00,315000.00,440000.00,125000.00,0.00,0.00,NULL,'pending',1,NULL,NULL,NULL,NULL,NULL,'2026-05-28',NULL,'2026-05-28 07:32:26','2026-05-28 07:32:26'),(1236,57,'Regina Charless','0795787475','Grace John','0658006849',1821,430,440000.00,315000.00,440000.00,125000.00,0.00,0.00,NULL,'pending',1,NULL,NULL,NULL,NULL,NULL,'2026-05-28',NULL,'2026-05-28 07:54:12','2026-05-28 07:54:12'),(1237,101,'Daudi K Burure','+255690420082','Amosi John Nyangige','0686 201 335',1322,430,315000.00,315000.00,315000.00,0.00,0.00,0.00,NULL,'pending',1,NULL,NULL,NULL,NULL,NULL,'2026-05-28',NULL,'2026-05-28 08:42:45','2026-05-28 08:42:45'),(1238,63,'victor calvin','0663251618','hanif rashid','0775988540',1223,430,315000.00,315000.00,315000.00,0.00,0.00,0.00,NULL,'pending',1,NULL,NULL,NULL,NULL,NULL,'2026-05-28',NULL,'2026-05-28 08:50:10','2026-05-28 08:50:10'),(1239,111,'Charles Adieli Kisang',NULL,'Aderick Levelian Longino','0763918528',1209,430,440000.00,315000.00,440000.00,125000.00,0.00,0.00,NULL,'pending',1,NULL,NULL,NULL,NULL,NULL,'2026-05-28',NULL,'2026-05-28 08:58:14','2026-05-28 08:58:14'),(1240,57,'Aisha Mikidadi','+255748355434','Emmanuel Kumila','0754394311',1811,430,440000.00,315000.00,440000.00,125000.00,0.00,0.00,NULL,'pending',1,NULL,NULL,NULL,NULL,NULL,'2026-05-28',NULL,'2026-05-28 09:02:58','2026-05-28 09:02:58'),(1241,20,'Neema John Urio','+255797310895','Deborah Wilboard Kaaya','0682222851',1748,430,315000.00,315000.00,315000.00,0.00,0.00,0.00,NULL,'pending',1,NULL,NULL,NULL,NULL,NULL,'2026-05-28',NULL,'2026-05-28 09:13:39','2026-05-28 09:13:39'),(1242,111,'CHARLES ADIEL KISANGA','0762426638','REGINANDI REVELIAN','0762426638',1285,430,440000.00,315000.00,440000.00,125000.00,0.00,0.00,NULL,'pending',1,NULL,NULL,NULL,NULL,NULL,'2026-05-28',NULL,'2026-05-28 09:52:58','2026-05-28 09:52:58'),(1243,54,'Kelvin C Thomas','0775601863','Samira Ramadhani','0679402799',834,430,440000.00,315000.00,440000.00,125000.00,0.00,0.00,NULL,'pending',1,NULL,NULL,NULL,NULL,NULL,'2026-05-28',NULL,'2026-05-28 10:02:32','2026-05-28 10:02:32'),(1244,57,'Elizabeth Lungwa','+255761944530','Sarah Juma','0675696046',1827,430,440000.00,315000.00,440000.00,125000.00,0.00,0.00,NULL,'pending',1,NULL,NULL,NULL,NULL,NULL,'2026-05-28',NULL,'2026-05-28 10:31:47','2026-05-28 10:31:47'),(1245,75,'Maiko Britain Maleja','0799594559','Frank Lucas Masena','0773164380',1715,430,440000.00,315000.00,440000.00,125000.00,0.00,0.00,NULL,'pending',1,NULL,NULL,NULL,NULL,NULL,'2026-05-28',NULL,'2026-05-28 11:45:20','2026-05-28 11:45:20'),(1246,63,'joshua simon','0785366581','happy james','0746918470',2039,430,440000.00,315000.00,440000.00,125000.00,0.00,0.00,NULL,'pending',1,NULL,NULL,NULL,NULL,NULL,'2026-05-28',NULL,'2026-05-28 12:41:00','2026-05-28 12:41:00'),(1247,112,'Kasim Rashidi Kambwili','0695159788','Thabith Kasimu Kambwili','0718430073',875,430,440000.00,315000.00,440000.00,125000.00,0.00,0.00,NULL,'pending',1,NULL,NULL,NULL,NULL,NULL,'2026-05-28',NULL,'2026-05-28 13:01:03','2026-05-28 13:01:03'),(1248,20,'Patric Simbi','+255799379179','Ally Maneno Juma','0629329179',1751,430,440000.00,315000.00,440000.00,125000.00,0.00,0.00,NULL,'pending',1,NULL,NULL,NULL,NULL,NULL,'2026-05-28',NULL,'2026-05-28 13:16:01','2026-05-28 13:16:01'),(1249,57,'Sylivester Gervas','+255791373595','Yassin Juma','0776301325',1828,430,440000.00,315000.00,440000.00,125000.00,0.00,0.00,NULL,'pending',1,NULL,NULL,NULL,NULL,NULL,'2026-05-28',NULL,'2026-05-28 14:27:32','2026-05-28 14:27:32'),(1250,57,'Mwananuru Juma','0691359086','Zuhura Athumani','0754394325',1812,430,440000.00,315000.00,440000.00,125000.00,0.00,0.00,NULL,'pending',1,NULL,NULL,NULL,NULL,NULL,'2026-05-28',NULL,'2026-05-28 15:03:29','2026-05-28 15:03:29'),(1251,34,'Debora James Mwalusanya','+255740139257','Lwitiko France Mwandwekele','0754533222',1650,430,440000.00,315000.00,440000.00,125000.00,0.00,0.00,NULL,'pending',1,NULL,NULL,NULL,NULL,NULL,'2026-05-28',NULL,'2026-05-28 15:51:57','2026-05-28 15:51:57'),(1252,66,'Hassan Hangoma','+255 695 585 548','Michael Karebu','0777898989',639,430,440000.00,315000.00,440000.00,125000.00,0.00,0.00,NULL,'pending',1,NULL,NULL,NULL,NULL,NULL,'2026-05-28',NULL,'2026-05-28 16:15:48','2026-05-28 16:15:48'),(1253,34,'Saimon A Mhilu','+255780984652','Tulo Shehondo','0690130198',1679,430,440000.00,315000.00,440000.00,125000.00,0.00,0.00,NULL,'pending',1,NULL,NULL,NULL,NULL,NULL,'2026-05-28',NULL,'2026-05-28 16:44:20','2026-05-28 16:44:20'),(1254,40,'Ramadhani Andallakanengo','0798672642','Amina Ramadhani Abdalla','0753528810',1365,430,440000.00,315000.00,440000.00,125000.00,0.00,0.00,NULL,'pending',1,NULL,NULL,NULL,NULL,NULL,'2026-05-28',NULL,'2026-05-28 16:47:55','2026-05-28 16:47:55'),(1255,31,'Hadija R Msuya','0757729656','Martha','0666058044',664,430,440000.00,315000.00,440000.00,125000.00,0.00,0.00,NULL,'pending',1,NULL,NULL,NULL,NULL,NULL,'2026-05-28',NULL,'2026-05-28 17:04:09','2026-05-28 17:04:09'),(1256,65,'Livinus C Damian','0621649258','Mwamini Ally','0694645130',1779,430,440000.00,315000.00,440000.00,125000.00,0.00,0.00,NULL,'pending',1,NULL,NULL,NULL,NULL,NULL,'2026-05-28',NULL,'2026-05-28 17:19:42','2026-05-28 17:19:42');
/*!40000 ALTER TABLE `agent_credits` ENABLE KEYS */;
UNLOCK TABLES;

--
-- Table structure for table `agent_product_list_assignments`
--

DROP TABLE IF EXISTS `agent_product_list_assignments`;
/*!40101 SET @saved_cs_client     = @@character_set_client */;
/*!50503 SET character_set_client = utf8mb4 */;
CREATE TABLE `agent_product_list_assignments` (
  `id` bigint unsigned NOT NULL AUTO_INCREMENT,
  `agent_id` bigint unsigned NOT NULL,
  `product_list_id` bigint unsigned NOT NULL,
  `created_at` timestamp NULL DEFAULT NULL,
  `updated_at` timestamp NULL DEFAULT NULL,
  PRIMARY KEY (`id`),
  UNIQUE KEY `agent_product_list_assignments_product_list_id_unique` (`product_list_id`),
  KEY `agent_product_list_assignments_agent_id_foreign` (`agent_id`),
  CONSTRAINT `agent_product_list_assignments_agent_id_foreign` FOREIGN KEY (`agent_id`) REFERENCES `users` (`id`) ON DELETE CASCADE,
  CONSTRAINT `agent_product_list_assignments_product_list_id_foreign` FOREIGN KEY (`product_list_id`) REFERENCES `product_list` (`id`) ON DELETE CASCADE
) ENGINE=InnoDB AUTO_INCREMENT=1470 DEFAULT CHARSET=latin1;
/*!40101 SET character_set_client = @saved_cs_client */;

--
-- Dumping data for table `agent_product_list_assignments`
--

LOCK TABLES `agent_product_list_assignments` WRITE;
/*!40000 ALTER TABLE `agent_product_list_assignments` DISABLE KEYS */;
INSERT INTO `agent_product_list_assignments` VALUES (147,64,154,'2026-05-02 14:19:34','2026-05-02 14:19:34'),(148,64,155,'2026-05-02 14:19:34','2026-05-02 14:19:34'),(149,64,156,'2026-05-02 14:19:34','2026-05-02 14:19:34'),(150,64,157,'2026-05-02 14:19:34','2026-05-02 14:19:34'),(164,57,173,'2026-05-02 17:12:06','2026-05-02 17:12:06'),(195,50,202,'2026-05-04 10:24:12','2026-05-04 10:24:12'),(196,50,203,'2026-05-04 10:24:12','2026-05-04 10:24:12'),(199,50,205,'2026-05-04 10:24:12','2026-05-04 10:24:12'),(200,50,208,'2026-05-04 10:24:12','2026-05-04 10:24:12'),(202,50,207,'2026-05-04 10:24:12','2026-05-04 10:24:12'),(332,78,537,'2026-05-05 10:51:40','2026-05-05 10:51:40'),(333,78,538,'2026-05-05 10:51:40','2026-05-05 10:51:40'),(334,78,539,'2026-05-05 10:51:40','2026-05-05 10:51:40'),(354,72,540,'2026-05-05 12:15:28','2026-05-05 12:15:28'),(404,66,562,'2026-05-06 08:26:41','2026-05-06 08:26:41'),(428,53,586,'2026-05-06 09:39:20','2026-05-19 09:35:23'),(591,45,593,'2026-05-08 11:43:22','2026-05-08 11:43:22'),(658,39,781,'2026-05-11 10:10:49','2026-05-11 10:10:49'),(681,65,820,'2026-05-11 10:26:56','2026-05-11 10:26:56'),(686,65,813,'2026-05-11 10:26:56','2026-05-11 10:26:56'),(689,65,824,'2026-05-11 10:26:56','2026-05-11 10:26:56'),(693,65,826,'2026-05-11 10:26:56','2026-05-11 10:26:56'),(698,89,756,'2026-05-11 11:56:23','2026-05-13 10:08:47'),(699,85,755,'2026-05-11 11:56:23','2026-05-11 11:56:23'),(700,85,764,'2026-05-11 11:56:23','2026-05-11 11:56:23'),(701,85,765,'2026-05-11 11:56:23','2026-05-11 11:56:23'),(702,85,752,'2026-05-11 11:56:23','2026-05-11 11:56:23'),(703,85,762,'2026-05-11 11:56:23','2026-05-11 11:56:23'),(704,85,754,'2026-05-11 11:56:23','2026-05-11 11:56:23'),(705,85,750,'2026-05-11 11:56:23','2026-05-11 11:56:23'),(706,88,760,'2026-05-11 11:56:23','2026-05-13 07:20:14'),(707,86,751,'2026-05-11 11:56:23','2026-05-13 10:08:53'),(708,86,766,'2026-05-11 11:56:23','2026-05-13 10:08:53'),(710,85,753,'2026-05-11 11:56:23','2026-05-11 11:56:23'),(711,86,747,'2026-05-11 11:56:23','2026-05-13 10:08:53'),(712,85,757,'2026-05-11 11:56:23','2026-05-11 11:56:23'),(713,85,748,'2026-05-11 11:56:23','2026-05-11 11:56:23'),(714,85,758,'2026-05-11 11:56:23','2026-05-11 11:56:23'),(715,85,749,'2026-05-11 11:56:23','2026-05-11 11:56:23'),(716,85,759,'2026-05-11 11:56:23','2026-05-11 11:56:23'),(717,85,761,'2026-05-11 11:56:23','2026-05-11 11:56:23'),(743,45,494,'2026-05-11 14:44:12','2026-05-11 14:44:12'),(831,86,736,'2026-05-12 13:23:13','2026-05-13 13:15:19'),(832,86,727,'2026-05-12 13:23:13','2026-05-13 13:15:19'),(833,86,740,'2026-05-12 13:23:13','2026-05-13 13:15:19'),(834,60,735,'2026-05-12 13:26:53','2026-05-12 13:26:53'),(835,60,739,'2026-05-12 13:26:53','2026-05-12 13:26:53'),(836,60,742,'2026-05-12 13:26:53','2026-05-12 13:26:53'),(837,96,734,'2026-05-12 13:26:53','2026-05-13 13:32:52'),(838,96,733,'2026-05-12 13:32:04','2026-05-13 13:32:52'),(839,96,732,'2026-05-12 13:32:04','2026-05-13 13:32:52'),(840,60,728,'2026-05-12 13:32:04','2026-05-12 13:32:04'),(841,60,730,'2026-05-12 13:32:04','2026-05-12 13:32:04'),(842,86,746,'2026-05-12 13:33:56','2026-05-13 13:15:19'),(843,86,744,'2026-05-12 13:33:56','2026-05-13 13:15:19'),(844,60,729,'2026-05-12 13:33:56','2026-05-12 13:33:56'),(845,60,738,'2026-05-12 13:33:56','2026-05-12 13:33:56'),(846,86,743,'2026-05-12 13:38:37','2026-05-13 13:15:19'),(847,86,737,'2026-05-12 13:38:37','2026-05-13 13:15:19'),(848,86,741,'2026-05-12 13:38:37','2026-05-13 13:15:19'),(849,86,731,'2026-05-12 13:38:37','2026-05-13 13:15:19'),(884,72,521,'2026-05-13 08:18:48','2026-05-13 08:18:48'),(886,72,378,'2026-05-13 08:18:48','2026-05-13 08:18:48'),(912,52,332,'2026-05-14 09:59:49','2026-05-14 09:59:49'),(955,27,1175,'2026-05-15 12:09:31','2026-05-15 12:09:31'),(989,85,883,'2026-05-15 16:04:01','2026-05-15 16:04:01'),(1022,57,663,'2026-05-16 10:10:51','2026-05-16 10:10:51'),(1026,57,1501,'2026-05-16 10:10:51','2026-05-16 10:10:51'),(1057,54,1392,'2026-05-18 07:58:42','2026-05-18 07:58:42'),(1059,54,1394,'2026-05-18 07:58:42','2026-05-18 07:58:42'),(1064,54,830,'2026-05-18 07:58:42','2026-05-18 07:58:42'),(1065,54,1512,'2026-05-18 07:58:42','2026-05-18 07:58:42'),(1085,37,1340,'2026-05-18 08:16:55','2026-05-18 08:16:55'),(1133,45,1693,'2026-05-18 09:31:15','2026-05-18 09:31:15'),(1138,45,1698,'2026-05-18 09:31:15','2026-05-18 09:31:15'),(1141,93,1331,'2026-05-18 09:35:00','2026-05-18 09:35:00'),(1143,94,1332,'2026-05-18 09:35:38','2026-05-18 09:35:38'),(1152,10,1390,'2026-05-18 10:41:19','2026-05-18 10:41:19'),(1156,20,655,'2026-05-18 11:46:06','2026-05-28 11:14:43'),(1157,35,1704,'2026-05-18 11:46:06','2026-05-21 12:52:21'),(1170,26,1707,'2026-05-18 15:23:24','2026-05-18 15:23:24'),(1195,101,1359,'2026-05-19 08:50:45','2026-05-19 08:50:45'),(1198,101,1358,'2026-05-19 08:50:45','2026-05-19 08:50:45'),(1199,101,1316,'2026-05-19 08:50:45','2026-05-19 08:50:45'),(1200,101,1314,'2026-05-19 08:50:45','2026-05-19 08:50:45'),(1201,101,1317,'2026-05-19 08:50:45','2026-05-19 08:50:45'),(1202,75,1714,'2026-05-19 09:18:19','2026-05-19 09:18:19'),(1204,75,1712,'2026-05-19 09:18:19','2026-05-19 09:18:19'),(1205,75,1711,'2026-05-19 09:18:19','2026-05-19 09:18:19'),(1206,75,1710,'2026-05-19 09:18:19','2026-05-19 09:18:19'),(1208,75,1709,'2026-05-19 09:18:19','2026-05-19 09:18:19'),(1217,106,1345,'2026-05-19 10:05:54','2026-05-19 10:05:54'),(1219,70,1726,'2026-05-19 12:33:29','2026-05-19 12:33:29'),(1220,70,1727,'2026-05-19 12:33:29','2026-05-19 12:33:29'),(1221,70,1728,'2026-05-19 12:33:29','2026-05-19 12:33:29'),(1222,70,1724,'2026-05-19 12:33:29','2026-05-19 12:33:29'),(1223,70,1725,'2026-05-19 12:33:29','2026-05-19 12:33:29'),(1224,70,1723,'2026-05-19 12:33:29','2026-05-19 12:33:29'),(1225,70,1721,'2026-05-19 12:33:29','2026-05-19 12:33:29'),(1226,70,1731,'2026-05-19 12:33:29','2026-05-19 12:33:29'),(1227,70,1730,'2026-05-19 12:33:29','2026-05-19 12:33:29'),(1228,70,1729,'2026-05-19 12:33:29','2026-05-19 12:33:29'),(1230,107,1637,'2026-05-19 13:33:15','2026-05-19 13:33:15'),(1231,107,1627,'2026-05-19 13:33:15','2026-05-19 13:33:15'),(1232,107,1636,'2026-05-19 13:33:15','2026-05-19 13:33:15'),(1233,107,1626,'2026-05-19 13:33:15','2026-05-19 13:33:15'),(1234,107,1635,'2026-05-19 13:33:15','2026-05-19 13:33:15'),(1235,107,1625,'2026-05-19 13:33:15','2026-05-19 13:33:15'),(1236,107,1633,'2026-05-19 13:33:15','2026-05-19 13:33:15'),(1237,107,1624,'2026-05-19 13:33:15','2026-05-19 13:33:15'),(1238,107,1634,'2026-05-19 13:33:15','2026-05-19 13:33:15'),(1239,107,1623,'2026-05-19 13:33:15','2026-05-19 13:33:15'),(1240,107,1632,'2026-05-19 13:33:15','2026-05-19 13:33:15'),(1241,107,1622,'2026-05-19 13:33:15','2026-05-19 13:33:15'),(1242,107,1630,'2026-05-19 13:33:15','2026-05-19 13:33:15'),(1243,107,1621,'2026-05-19 13:33:15','2026-05-19 13:33:15'),(1244,107,1629,'2026-05-19 13:33:15','2026-05-19 13:33:15'),(1245,107,1618,'2026-05-19 13:33:15','2026-05-19 13:33:15'),(1246,107,1631,'2026-05-19 13:33:15','2026-05-19 13:33:15'),(1247,107,1620,'2026-05-19 13:33:15','2026-05-19 13:33:15'),(1248,107,1628,'2026-05-19 13:33:15','2026-05-19 13:33:15'),(1249,107,1619,'2026-05-19 13:33:15','2026-05-19 13:33:15'),(1263,52,1653,'2026-05-20 09:31:54','2026-05-20 09:31:54'),(1264,52,1651,'2026-05-20 09:31:54','2026-05-20 09:31:54'),(1269,56,1738,'2026-05-21 07:51:02','2026-05-21 15:09:23'),(1273,56,1739,'2026-05-21 07:51:02','2026-05-21 15:09:23'),(1274,112,1744,'2026-05-21 07:51:02','2026-05-28 11:15:17'),(1275,112,1749,'2026-05-21 07:51:02','2026-05-28 11:15:17'),(1276,56,1752,'2026-05-21 07:51:02','2026-05-21 15:09:23'),(1277,56,1741,'2026-05-21 07:51:02','2026-05-21 15:09:23'),(1279,55,1747,'2026-05-21 07:51:02','2026-05-22 15:41:59'),(1280,31,1745,'2026-05-21 07:51:02','2026-05-21 07:51:02'),(1281,31,1746,'2026-05-21 07:51:02','2026-05-21 07:51:02'),(1282,20,1742,'2026-05-21 07:51:02','2026-05-22 07:59:54'),(1283,55,1754,'2026-05-21 07:51:02','2026-05-22 15:41:59'),(1285,56,1743,'2026-05-21 07:51:02','2026-05-21 15:09:23'),(1286,31,1737,'2026-05-21 07:51:02','2026-05-21 07:51:02'),(1287,56,1736,'2026-05-21 07:51:02','2026-05-21 15:09:23'),(1290,110,1764,'2026-05-21 08:23:11','2026-05-22 10:31:37'),(1291,28,1760,'2026-05-21 08:23:11','2026-05-21 08:23:11'),(1300,27,1768,'2026-05-21 08:46:15','2026-05-21 08:46:15'),(1302,27,1770,'2026-05-21 08:46:15','2026-05-21 08:46:15'),(1305,27,1765,'2026-05-21 08:46:15','2026-05-21 08:46:15'),(1309,65,1787,'2026-05-21 08:56:41','2026-05-21 11:22:17'),(1310,65,1792,'2026-05-21 08:56:41','2026-05-21 11:22:17'),(1311,65,1786,'2026-05-21 08:56:41','2026-05-21 11:22:17'),(1312,65,1789,'2026-05-21 08:56:41','2026-05-21 11:22:17'),(1313,65,1794,'2026-05-21 08:56:41','2026-05-21 11:22:17'),(1314,65,1788,'2026-05-21 08:56:41','2026-05-21 11:22:17'),(1315,65,1790,'2026-05-21 08:56:41','2026-05-21 11:22:17'),(1318,65,1785,'2026-05-21 08:56:41','2026-05-21 11:22:17'),(1322,65,1781,'2026-05-21 08:56:41','2026-05-21 11:22:17'),(1325,65,1791,'2026-05-21 08:56:41','2026-05-21 11:22:17'),(1327,65,1775,'2026-05-21 08:56:41','2026-05-21 11:22:17'),(1328,65,1793,'2026-05-21 08:56:41','2026-05-21 11:22:17'),(1339,17,1374,'2026-05-21 09:06:27','2026-05-21 09:06:27'),(1340,106,1382,'2026-05-21 09:12:53','2026-05-21 09:12:53'),(1341,106,1274,'2026-05-21 09:12:53','2026-05-21 09:12:53'),(1343,106,1372,'2026-05-21 09:12:53','2026-05-21 09:12:53'),(1346,106,1268,'2026-05-21 09:12:53','2026-05-21 09:12:53'),(1348,106,1378,'2026-05-21 09:12:53','2026-05-21 09:12:53'),(1349,106,1377,'2026-05-21 09:12:53','2026-05-21 09:12:53'),(1350,57,1817,'2026-05-21 09:34:20','2026-05-21 09:34:20'),(1351,57,1831,'2026-05-21 09:34:20','2026-05-21 09:34:20'),(1358,57,1815,'2026-05-21 09:34:20','2026-05-21 09:34:20'),(1360,57,1826,'2026-05-21 09:34:20','2026-05-21 09:34:20'),(1367,57,1823,'2026-05-21 09:34:20','2026-05-21 09:34:20'),(1371,57,1797,'2026-05-21 09:34:20','2026-05-21 09:34:20'),(1374,57,1800,'2026-05-21 09:34:20','2026-05-21 09:34:20'),(1377,57,1805,'2026-05-21 09:34:20','2026-05-21 09:34:20'),(1381,57,1801,'2026-05-21 09:34:20','2026-05-21 09:34:20'),(1383,57,1798,'2026-05-21 09:34:20','2026-05-21 09:34:20'),(1395,112,1609,'2026-05-21 13:14:48','2026-05-28 11:15:17'),(1396,58,1606,'2026-05-21 13:16:54','2026-05-21 13:16:54'),(1397,58,1612,'2026-05-21 13:16:54','2026-05-21 13:16:54'),(1398,58,1599,'2026-05-21 13:16:54','2026-05-21 13:16:54'),(1400,58,1639,'2026-05-21 13:16:54','2026-05-21 13:16:54'),(1401,30,1617,'2026-05-21 13:22:28','2026-05-26 08:58:43'),(1403,34,1615,'2026-05-21 13:22:28','2026-05-25 04:15:43'),(1404,92,1605,'2026-05-21 13:22:28','2026-05-21 14:09:27'),(1405,30,1613,'2026-05-21 13:22:28','2026-05-26 08:58:43'),(1406,92,1610,'2026-05-21 13:22:28','2026-05-21 14:09:27'),(1410,30,1598,'2026-05-21 13:22:28','2026-05-26 08:58:43'),(1412,25,1654,'2026-05-21 13:22:28','2026-05-21 13:22:28'),(1413,30,1649,'2026-05-21 13:22:28','2026-05-26 08:58:43'),(1414,92,1647,'2026-05-21 13:22:28','2026-05-21 14:09:27'),(1415,25,1656,'2026-05-21 13:22:28','2026-05-21 13:22:28'),(1427,81,1336,'2026-05-23 09:32:17','2026-05-23 09:32:17'),(1428,37,1344,'2026-05-23 09:32:54','2026-05-23 09:32:54'),(1439,17,1282,'2026-05-25 08:28:37','2026-05-25 08:28:37'),(1440,17,1271,'2026-05-25 08:28:37','2026-05-25 08:28:37'),(1441,17,1272,'2026-05-25 08:28:37','2026-05-25 08:28:37'),(1450,63,1224,'2026-05-26 09:17:55','2026-05-26 09:17:55'),(1452,84,1212,'2026-05-26 09:29:50','2026-05-26 09:54:51'),(1453,84,1213,'2026-05-26 09:29:50','2026-05-26 09:54:51'),(1454,37,1222,'2026-05-26 09:31:00','2026-05-26 09:31:00'),(1456,37,1216,'2026-05-26 09:31:00','2026-05-26 09:31:00'),(1462,84,1319,'2026-05-28 08:40:07','2026-05-28 08:40:07'),(1463,84,1228,'2026-05-28 08:40:07','2026-05-28 08:40:07'),(1464,111,1215,'2026-05-28 08:40:39','2026-05-28 08:40:39'),(1465,37,1273,'2026-05-28 08:43:01','2026-05-28 08:43:01'),(1466,37,1225,'2026-05-28 08:43:01','2026-05-28 08:43:01'),(1467,37,1279,'2026-05-28 08:43:01','2026-05-28 08:43:01');
/*!40000 ALTER TABLE `agent_product_list_assignments` ENABLE KEYS */;
UNLOCK TABLES;

--
-- Table structure for table `agent_product_transfer_items`
--

DROP TABLE IF EXISTS `agent_product_transfer_items`;
/*!40101 SET @saved_cs_client     = @@character_set_client */;
/*!50503 SET character_set_client = utf8mb4 */;
CREATE TABLE `agent_product_transfer_items` (
  `id` bigint unsigned NOT NULL AUTO_INCREMENT,
  `agent_product_transfer_id` bigint unsigned NOT NULL,
  `product_list_id` bigint unsigned NOT NULL,
  `created_at` timestamp NULL DEFAULT NULL,
  `updated_at` timestamp NULL DEFAULT NULL,
  PRIMARY KEY (`id`),
  UNIQUE KEY `apti_transfer_product_list_uniq` (`agent_product_transfer_id`,`product_list_id`),
  KEY `agent_product_transfer_items_product_list_id_foreign` (`product_list_id`),
  CONSTRAINT `agent_product_transfer_items_agent_product_transfer_id_foreign` FOREIGN KEY (`agent_product_transfer_id`) REFERENCES `agent_product_transfers` (`id`) ON DELETE CASCADE,
  CONSTRAINT `agent_product_transfer_items_product_list_id_foreign` FOREIGN KEY (`product_list_id`) REFERENCES `product_list` (`id`) ON DELETE CASCADE
) ENGINE=InnoDB AUTO_INCREMENT=164 DEFAULT CHARSET=latin1;
/*!40101 SET character_set_client = @saved_cs_client */;

--
-- Dumping data for table `agent_product_transfer_items`
--

LOCK TABLES `agent_product_transfer_items` WRITE;
/*!40000 ALTER TABLE `agent_product_transfer_items` DISABLE KEYS */;
INSERT INTO `agent_product_transfer_items` VALUES (2,2,69,'2026-05-02 14:18:39','2026-05-02 14:18:39'),(3,2,68,'2026-05-02 14:18:39','2026-05-02 14:18:39'),(4,2,58,'2026-05-02 14:18:39','2026-05-02 14:18:39'),(5,2,54,'2026-05-02 14:18:39','2026-05-02 14:18:39'),(6,2,53,'2026-05-02 14:18:39','2026-05-02 14:18:39'),(7,3,47,'2026-05-04 09:55:14','2026-05-04 09:55:14'),(8,3,48,'2026-05-04 09:55:14','2026-05-04 09:55:14'),(9,4,74,'2026-05-04 11:40:28','2026-05-04 11:40:28'),(10,4,71,'2026-05-04 11:40:28','2026-05-04 11:40:28'),(11,5,87,'2026-05-04 13:38:13','2026-05-04 13:38:13'),(12,6,268,'2026-05-04 13:40:28','2026-05-04 13:40:28'),(13,7,135,'2026-05-06 14:52:24','2026-05-06 14:52:24'),(14,8,300,'2026-05-07 17:19:51','2026-05-07 17:19:51'),(15,9,373,'2026-05-07 18:12:40','2026-05-07 18:12:40'),(16,9,375,'2026-05-07 18:12:40','2026-05-07 18:12:40'),(17,9,374,'2026-05-07 18:12:40','2026-05-07 18:12:40'),(18,10,1044,'2026-05-08 12:49:38','2026-05-08 12:49:38'),(19,10,1063,'2026-05-08 12:49:38','2026-05-08 12:49:38'),(20,11,1063,'2026-05-09 11:12:23','2026-05-09 11:12:23'),(21,12,595,'2026-05-09 12:07:01','2026-05-09 12:07:01'),(22,12,594,'2026-05-09 12:07:01','2026-05-09 12:07:01'),(23,12,591,'2026-05-09 12:07:01','2026-05-09 12:07:01'),(24,13,1061,'2026-05-09 13:37:12','2026-05-09 13:37:12'),(25,13,1041,'2026-05-09 13:37:12','2026-05-09 13:37:12'),(26,14,548,'2026-05-09 14:55:02','2026-05-09 14:55:02'),(27,15,711,'2026-05-09 14:55:03','2026-05-09 14:55:03'),(28,16,1049,'2026-05-09 16:44:06','2026-05-09 16:44:06'),(29,16,1048,'2026-05-09 16:44:06','2026-05-09 16:44:06'),(30,16,1047,'2026-05-09 16:44:06','2026-05-09 16:44:06'),(31,17,580,'2026-05-09 17:08:50','2026-05-09 17:08:50'),(32,18,596,'2026-05-10 12:28:44','2026-05-10 12:28:44'),(33,19,1069,'2026-05-10 14:19:42','2026-05-10 14:19:42'),(34,20,603,'2026-05-11 07:00:31','2026-05-11 07:00:31'),(39,22,630,'2026-05-11 08:47:11','2026-05-11 08:47:11'),(40,22,627,'2026-05-11 08:47:11','2026-05-11 08:47:11'),(41,23,1078,'2026-05-12 12:06:48','2026-05-12 12:06:48'),(42,24,116,'2026-05-13 06:58:50','2026-05-13 06:58:50'),(43,24,118,'2026-05-13 06:58:50','2026-05-13 06:58:50'),(44,25,760,'2026-05-13 07:16:22','2026-05-13 07:16:22'),(45,26,766,'2026-05-13 08:20:44','2026-05-13 08:20:44'),(46,26,747,'2026-05-13 08:20:44','2026-05-13 08:20:44'),(47,26,751,'2026-05-13 08:20:44','2026-05-13 08:20:44'),(48,27,763,'2026-05-13 08:23:16','2026-05-13 08:23:16'),(49,27,756,'2026-05-13 08:23:16','2026-05-13 08:23:16'),(50,28,731,'2026-05-13 12:44:25','2026-05-13 12:44:25'),(51,28,737,'2026-05-13 12:44:25','2026-05-13 12:44:25'),(52,28,744,'2026-05-13 12:44:25','2026-05-13 12:44:25'),(53,28,746,'2026-05-13 12:44:25','2026-05-13 12:44:25'),(54,28,745,'2026-05-13 12:44:25','2026-05-13 12:44:25'),(55,28,736,'2026-05-13 12:44:25','2026-05-13 12:44:25'),(56,28,727,'2026-05-13 12:44:25','2026-05-13 12:44:25'),(57,28,740,'2026-05-13 12:44:25','2026-05-13 12:44:25'),(58,28,743,'2026-05-13 12:44:25','2026-05-13 12:44:25'),(59,28,741,'2026-05-13 12:44:25','2026-05-13 12:44:25'),(60,29,734,'2026-05-13 13:29:17','2026-05-13 13:29:17'),(61,29,733,'2026-05-13 13:29:17','2026-05-13 13:29:17'),(62,29,732,'2026-05-13 13:29:17','2026-05-13 13:29:17'),(63,30,120,'2026-05-14 06:18:24','2026-05-14 06:18:24'),(64,30,119,'2026-05-14 06:18:24','2026-05-14 06:18:24'),(65,30,117,'2026-05-14 06:18:24','2026-05-14 06:18:24'),(66,31,1142,'2026-05-14 08:30:18','2026-05-14 08:30:18'),(67,31,1141,'2026-05-14 08:30:18','2026-05-14 08:30:18'),(68,31,1161,'2026-05-14 08:30:18','2026-05-14 08:30:18'),(69,32,1108,'2026-05-15 06:02:54','2026-05-15 06:02:54'),(70,32,1150,'2026-05-15 06:02:54','2026-05-15 06:02:54'),(71,33,368,'2026-05-15 07:37:00','2026-05-15 07:37:00'),(72,33,275,'2026-05-15 07:37:00','2026-05-15 07:37:00'),(73,34,1180,'2026-05-15 12:12:34','2026-05-15 12:12:34'),(74,34,1169,'2026-05-15 12:12:34','2026-05-15 12:12:34'),(75,35,117,'2026-05-15 12:40:18','2026-05-15 12:40:18'),(76,36,1054,'2026-05-16 09:06:31','2026-05-16 09:06:31'),(77,37,158,'2026-05-16 15:42:13','2026-05-16 15:42:13'),(78,38,1145,'2026-05-16 16:50:29','2026-05-16 16:50:29'),(79,39,745,'2026-05-17 09:15:07','2026-05-17 09:15:07'),(80,40,316,'2026-05-18 07:38:35','2026-05-18 07:38:35'),(81,40,650,'2026-05-18 07:38:35','2026-05-18 07:38:35'),(82,40,1186,'2026-05-18 07:38:35','2026-05-18 07:38:35'),(83,40,1184,'2026-05-18 07:38:35','2026-05-18 07:38:35'),(84,40,1182,'2026-05-18 07:38:35','2026-05-18 07:38:35'),(85,40,1183,'2026-05-18 07:38:35','2026-05-18 07:38:35'),(86,41,1241,'2026-05-18 09:38:02','2026-05-18 09:38:02'),(87,41,1330,'2026-05-18 09:38:02','2026-05-18 09:38:02'),(88,42,1347,'2026-05-18 14:28:45','2026-05-18 14:28:45'),(89,43,582,'2026-05-19 08:08:08','2026-05-19 08:08:08'),(90,43,586,'2026-05-19 08:08:08','2026-05-19 08:08:08'),(91,44,654,'2026-05-19 09:54:19','2026-05-19 09:54:19'),(92,44,1388,'2026-05-19 09:54:19','2026-05-19 09:54:19'),(93,44,1391,'2026-05-19 09:54:19','2026-05-19 09:54:19'),(94,45,1339,'2026-05-19 12:12:45','2026-05-19 12:12:45'),(95,46,1775,'2026-05-21 10:25:00','2026-05-21 10:25:00'),(96,46,1776,'2026-05-21 10:25:00','2026-05-21 10:25:00'),(97,46,1777,'2026-05-21 10:25:00','2026-05-21 10:25:00'),(98,46,1778,'2026-05-21 10:25:00','2026-05-21 10:25:00'),(99,46,1779,'2026-05-21 10:25:00','2026-05-21 10:25:00'),(100,46,1780,'2026-05-21 10:25:00','2026-05-21 10:25:00'),(101,46,1782,'2026-05-21 10:25:00','2026-05-21 10:25:00'),(102,46,1781,'2026-05-21 10:25:00','2026-05-21 10:25:00'),(103,46,1783,'2026-05-21 10:25:00','2026-05-21 10:25:00'),(104,46,1784,'2026-05-21 10:25:00','2026-05-21 10:25:00'),(105,46,1785,'2026-05-21 10:25:00','2026-05-21 10:25:00'),(106,46,1786,'2026-05-21 10:25:00','2026-05-21 10:25:00'),(107,46,1787,'2026-05-21 10:25:00','2026-05-21 10:25:00'),(108,46,1788,'2026-05-21 10:25:00','2026-05-21 10:25:00'),(109,46,1789,'2026-05-21 10:25:00','2026-05-21 10:25:00'),(110,46,1794,'2026-05-21 10:25:00','2026-05-21 10:25:00'),(111,46,1790,'2026-05-21 10:25:00','2026-05-21 10:25:00'),(112,46,1793,'2026-05-21 10:25:00','2026-05-21 10:25:00'),(113,46,1791,'2026-05-21 10:25:00','2026-05-21 10:25:00'),(114,46,1792,'2026-05-21 10:25:00','2026-05-21 10:25:00'),(115,47,1389,'2026-05-21 12:40:49','2026-05-21 12:40:49'),(116,47,237,'2026-05-21 12:40:49','2026-05-21 12:40:49'),(117,47,1704,'2026-05-21 12:40:49','2026-05-21 12:40:49'),(118,48,1657,'2026-05-21 14:09:01','2026-05-21 14:09:01'),(119,48,1647,'2026-05-21 14:09:01','2026-05-21 14:09:01'),(120,48,1605,'2026-05-21 14:09:01','2026-05-21 14:09:01'),(121,48,1610,'2026-05-21 14:09:01','2026-05-21 14:09:01'),(122,49,1741,'2026-05-21 15:08:38','2026-05-21 15:08:38'),(123,49,1743,'2026-05-21 15:08:38','2026-05-21 15:08:38'),(124,49,1739,'2026-05-21 15:08:38','2026-05-21 15:08:38'),(125,49,1738,'2026-05-21 15:08:38','2026-05-21 15:08:38'),(126,49,1752,'2026-05-21 15:08:38','2026-05-21 15:08:38'),(127,49,1736,'2026-05-21 15:08:38','2026-05-21 15:08:38'),(128,50,1761,'2026-05-21 16:19:02','2026-05-21 16:19:02'),(129,51,1748,'2026-05-22 07:06:53','2026-05-22 07:06:53'),(130,51,1750,'2026-05-22 07:06:53','2026-05-22 07:06:53'),(131,51,1735,'2026-05-22 07:06:53','2026-05-22 07:06:53'),(132,51,1742,'2026-05-22 07:06:53','2026-05-22 07:06:53'),(133,52,1764,'2026-05-22 10:30:55','2026-05-22 10:30:55'),(134,53,1747,'2026-05-22 15:17:52','2026-05-22 15:17:52'),(135,53,1609,'2026-05-22 15:17:52','2026-05-22 15:17:52'),(136,53,1744,'2026-05-22 15:17:52','2026-05-22 15:17:52'),(137,53,1754,'2026-05-22 15:17:52','2026-05-22 15:17:52'),(138,53,1749,'2026-05-22 15:17:52','2026-05-22 15:17:52'),(139,54,1320,'2026-05-23 06:21:04','2026-05-23 06:21:04'),(140,55,54,'2026-05-23 13:45:34','2026-05-23 13:45:34'),(141,55,68,'2026-05-23 13:45:34','2026-05-23 13:45:34'),(142,56,1684,'2026-05-23 14:46:19','2026-05-23 14:46:19'),(143,56,1679,'2026-05-23 14:46:19','2026-05-23 14:46:19'),(144,57,1607,'2026-05-24 18:31:21','2026-05-24 18:31:21'),(145,57,1615,'2026-05-24 18:31:21','2026-05-24 18:31:21'),(146,57,1650,'2026-05-24 18:31:21','2026-05-24 18:31:21'),(147,57,1648,'2026-05-24 18:31:21','2026-05-24 18:31:21'),(148,58,1607,'2026-05-25 17:24:21','2026-05-25 17:24:21'),(149,58,1648,'2026-05-25 17:24:21','2026-05-25 17:24:21'),(150,59,1613,'2026-05-26 08:56:46','2026-05-26 08:56:46'),(151,59,1649,'2026-05-26 08:56:46','2026-05-26 08:56:46'),(152,59,1598,'2026-05-26 08:56:46','2026-05-26 08:56:46'),(153,59,1617,'2026-05-26 08:56:46','2026-05-26 08:56:46'),(154,60,1212,'2026-05-26 09:46:44','2026-05-26 09:46:44'),(155,60,1213,'2026-05-26 09:46:44','2026-05-26 09:46:44'),(156,61,1277,'2026-05-26 09:47:34','2026-05-26 09:47:34'),(157,62,54,'2026-05-27 13:59:04','2026-05-27 13:59:04'),(158,63,655,'2026-05-28 10:35:58','2026-05-28 10:35:58'),(159,64,1751,'2026-05-28 10:36:43','2026-05-28 10:36:43'),(160,65,875,'2026-05-28 10:57:57','2026-05-28 10:57:57'),(161,65,1749,'2026-05-28 10:57:57','2026-05-28 10:57:57'),(162,65,1744,'2026-05-28 10:57:57','2026-05-28 10:57:57'),(163,65,1609,'2026-05-28 10:57:57','2026-05-28 10:57:57');
/*!40000 ALTER TABLE `agent_product_transfer_items` ENABLE KEYS */;
UNLOCK TABLES;

--
-- Table structure for table `agent_product_transfers`
--

DROP TABLE IF EXISTS `agent_product_transfers`;
/*!40101 SET @saved_cs_client     = @@character_set_client */;
/*!50503 SET character_set_client = utf8mb4 */;
CREATE TABLE `agent_product_transfers` (
  `id` bigint unsigned NOT NULL AUTO_INCREMENT,
  `from_agent_id` bigint unsigned NOT NULL,
  `to_agent_id` bigint unsigned NOT NULL,
  `status` varchar(32) NOT NULL DEFAULT 'pending',
  `message` text,
  `admin_note` text,
  `decided_at` timestamp NULL DEFAULT NULL,
  `decided_by` bigint unsigned DEFAULT NULL,
  `created_at` timestamp NULL DEFAULT NULL,
  `updated_at` timestamp NULL DEFAULT NULL,
  PRIMARY KEY (`id`),
  KEY `agent_product_transfers_from_agent_id_foreign` (`from_agent_id`),
  KEY `agent_product_transfers_to_agent_id_foreign` (`to_agent_id`),
  KEY `agent_product_transfers_decided_by_foreign` (`decided_by`),
  KEY `agent_product_transfers_status_created_at_index` (`status`,`created_at`),
  CONSTRAINT `agent_product_transfers_decided_by_foreign` FOREIGN KEY (`decided_by`) REFERENCES `users` (`id`) ON DELETE SET NULL,
  CONSTRAINT `agent_product_transfers_from_agent_id_foreign` FOREIGN KEY (`from_agent_id`) REFERENCES `users` (`id`) ON DELETE CASCADE,
  CONSTRAINT `agent_product_transfers_to_agent_id_foreign` FOREIGN KEY (`to_agent_id`) REFERENCES `users` (`id`) ON DELETE CASCADE
) ENGINE=InnoDB AUTO_INCREMENT=66 DEFAULT CHARSET=latin1;
/*!40101 SET character_set_client = @saved_cs_client */;

--
-- Dumping data for table `agent_product_transfers`
--

LOCK TABLES `agent_product_transfers` WRITE;
/*!40000 ALTER TABLE `agent_product_transfers` DISABLE KEYS */;
INSERT INTO `agent_product_transfers` VALUES (1,15,10,'approved',NULL,NULL,'2026-05-01 10:29:06',1,'2026-05-01 10:25:06','2026-05-01 10:29:06'),(2,39,51,'approved',NULL,'From team leader to his team','2026-05-02 14:20:37',1,'2026-05-02 14:18:39','2026-05-02 14:20:37'),(3,25,58,'approved',NULL,NULL,'2026-05-04 09:55:41',1,'2026-05-04 09:55:14','2026-05-04 09:55:41'),(4,31,20,'approved',NULL,NULL,'2026-05-04 11:40:48',1,'2026-05-04 11:40:28','2026-05-04 11:40:48'),(5,27,35,'approved',NULL,NULL,'2026-05-04 13:42:22',1,'2026-05-04 13:38:13','2026-05-04 13:42:22'),(6,35,27,'approved',NULL,NULL,'2026-05-04 13:41:50',1,'2026-05-04 13:40:28','2026-05-04 13:41:50'),(7,37,16,'approved',NULL,NULL,'2026-05-06 14:56:52',1,'2026-05-06 14:52:24','2026-05-06 14:56:52'),(8,31,20,'approved',NULL,NULL,'2026-05-07 17:20:06',1,'2026-05-07 17:19:51','2026-05-07 17:20:06'),(9,49,55,'approved',NULL,NULL,'2026-05-07 18:19:21',1,'2026-05-07 18:12:40','2026-05-07 18:19:21'),(10,37,84,'approved',NULL,NULL,'2026-05-08 12:51:24',1,'2026-05-08 12:49:38','2026-05-08 12:51:24'),(11,84,37,'approved',NULL,NULL,'2026-05-09 11:30:00',1,'2026-05-09 11:12:23','2026-05-09 11:30:00'),(12,55,31,'approved',NULL,NULL,'2026-05-09 12:18:43',1,'2026-05-09 12:07:01','2026-05-09 12:18:43'),(13,37,84,'approved',NULL,NULL,'2026-05-09 13:49:41',1,'2026-05-09 13:37:12','2026-05-09 13:49:41'),(14,26,52,'approved',NULL,NULL,'2026-05-09 15:04:52',1,'2026-05-09 14:55:02','2026-05-09 15:04:52'),(15,52,26,'approved',NULL,NULL,'2026-05-09 15:04:48',1,'2026-05-09 14:55:03','2026-05-09 15:04:48'),(16,80,17,'approved',NULL,NULL,'2026-05-09 17:25:14',1,'2026-05-09 16:44:06','2026-05-09 17:25:14'),(17,79,53,'approved',NULL,NULL,'2026-05-09 17:25:19',1,'2026-05-09 17:08:50','2026-05-09 17:25:19'),(18,34,25,'approved',NULL,NULL,'2026-05-10 12:36:34',1,'2026-05-10 12:28:44','2026-05-10 12:36:34'),(19,34,74,'approved',NULL,NULL,'2026-05-10 14:21:46',1,'2026-05-10 14:19:42','2026-05-10 14:21:46'),(20,26,49,'approved',NULL,NULL,'2026-05-11 07:01:35',1,'2026-05-11 07:00:31','2026-05-11 07:01:35'),(22,79,53,'approved',NULL,NULL,'2026-05-11 08:49:28',1,'2026-05-11 08:47:11','2026-05-11 08:49:28'),(23,27,26,'approved',NULL,NULL,'2026-05-12 12:13:27',1,'2026-05-12 12:06:48','2026-05-12 12:13:27'),(24,48,63,'approved',NULL,NULL,'2026-05-13 07:04:49',1,'2026-05-13 06:58:50','2026-05-13 07:04:49'),(25,85,88,'approved','Receive A07',NULL,'2026-05-13 07:20:14',1,'2026-05-13 07:16:22','2026-05-13 07:20:14'),(26,85,86,'approved','Receive',NULL,'2026-05-13 10:08:53',1,'2026-05-13 08:20:44','2026-05-13 10:08:53'),(27,85,89,'approved','Receive',NULL,'2026-05-13 10:08:47',1,'2026-05-13 08:23:16','2026-05-13 10:08:47'),(28,60,86,'approved','pokea',NULL,'2026-05-13 13:15:19',1,'2026-05-13 12:44:25','2026-05-13 13:15:19'),(29,60,96,'approved','pokea',NULL,'2026-05-13 13:32:52',1,'2026-05-13 13:29:17','2026-05-13 13:32:52'),(30,48,16,'approved',NULL,NULL,'2026-05-14 06:35:35',1,'2026-05-14 06:18:24','2026-05-14 06:35:35'),(31,37,40,'approved',NULL,NULL,'2026-05-14 08:45:41',1,'2026-05-14 08:30:18','2026-05-14 08:45:41'),(32,63,17,'approved',NULL,NULL,'2026-05-15 06:50:06',98,'2026-05-15 06:02:54','2026-05-15 06:50:06'),(33,55,56,'approved',NULL,NULL,'2026-05-15 07:38:37',98,'2026-05-15 07:37:00','2026-05-15 07:38:37'),(34,27,92,'approved',NULL,NULL,'2026-05-15 12:13:45',98,'2026-05-15 12:12:34','2026-05-15 12:13:45'),(35,16,40,'approved',NULL,NULL,'2026-05-15 14:50:10',98,'2026-05-15 12:40:18','2026-05-15 14:50:10'),(36,81,37,'approved',NULL,NULL,'2026-05-16 09:15:20',1,'2026-05-16 09:06:31','2026-05-16 09:15:20'),(37,44,37,'approved',NULL,NULL,'2026-05-16 15:46:45',1,'2026-05-16 15:42:13','2026-05-16 15:46:45'),(38,16,40,'approved',NULL,NULL,'2026-05-16 18:24:26',1,'2026-05-16 16:50:29','2026-05-16 18:24:26'),(39,86,100,'approved',NULL,NULL,'2026-05-17 09:15:24',98,'2026-05-17 09:15:07','2026-05-17 09:15:24'),(40,26,35,'approved',NULL,NULL,'2026-05-18 07:39:51',97,'2026-05-18 07:38:35','2026-05-18 07:39:51'),(41,94,95,'approved',NULL,NULL,'2026-05-18 09:38:21',98,'2026-05-18 09:38:02','2026-05-18 09:38:21'),(42,63,16,'approved',NULL,NULL,'2026-05-18 14:54:27',97,'2026-05-18 14:28:45','2026-05-18 14:54:27'),(43,79,53,'approved',NULL,NULL,'2026-05-19 09:35:23',97,'2026-05-19 08:08:08','2026-05-19 09:35:23'),(44,31,20,'approved',NULL,NULL,'2026-05-19 09:54:39',97,'2026-05-19 09:54:19','2026-05-19 09:54:39'),(45,17,63,'approved',NULL,NULL,'2026-05-19 12:16:41',97,'2026-05-19 12:12:45','2026-05-19 12:16:41'),(46,25,65,'approved',NULL,NULL,'2026-05-21 11:22:17',98,'2026-05-21 10:25:00','2026-05-21 11:22:17'),(47,31,35,'approved',NULL,NULL,'2026-05-21 12:52:21',98,'2026-05-21 12:40:49','2026-05-21 12:52:21'),(48,25,92,'approved',NULL,NULL,'2026-05-21 14:09:27',98,'2026-05-21 14:09:01','2026-05-21 14:09:27'),(49,31,56,'approved',NULL,NULL,'2026-05-21 15:09:23',98,'2026-05-21 15:08:38','2026-05-21 15:09:23'),(50,28,110,'approved',NULL,NULL,'2026-05-21 16:20:52',98,'2026-05-21 16:19:02','2026-05-21 16:20:52'),(51,31,20,'approved',NULL,NULL,'2026-05-22 07:59:54',1,'2026-05-22 07:06:53','2026-05-22 07:59:54'),(52,28,110,'approved',NULL,NULL,'2026-05-22 10:31:37',1,'2026-05-22 10:30:55','2026-05-22 10:31:37'),(53,31,55,'approved',NULL,NULL,'2026-05-22 15:41:59',98,'2026-05-22 15:17:52','2026-05-22 15:41:59'),(54,17,37,'approved',NULL,NULL,'2026-05-23 06:34:51',97,'2026-05-23 06:21:04','2026-05-23 06:34:51'),(55,51,39,'approved',NULL,NULL,'2026-05-23 13:56:53',1,'2026-05-23 13:45:34','2026-05-23 13:56:53'),(56,25,34,'approved',NULL,NULL,'2026-05-23 15:17:46',1,'2026-05-23 14:46:19','2026-05-23 15:17:46'),(57,25,34,'approved',NULL,NULL,'2026-05-25 04:15:43',97,'2026-05-24 18:31:21','2026-05-25 04:15:43'),(58,34,30,'approved',NULL,NULL,'2026-05-25 17:25:14',97,'2026-05-25 17:24:21','2026-05-25 17:25:14'),(59,25,30,'approved',NULL,NULL,'2026-05-26 08:58:43',98,'2026-05-26 08:56:46','2026-05-26 08:58:43'),(60,17,84,'approved',NULL,NULL,'2026-05-26 09:54:51',98,'2026-05-26 09:46:44','2026-05-26 09:54:51'),(61,37,84,'approved',NULL,NULL,'2026-05-26 09:55:00',98,'2026-05-26 09:47:34','2026-05-26 09:55:00'),(62,39,69,'approved',NULL,NULL,'2026-05-27 14:04:01',1,'2026-05-27 13:59:04','2026-05-27 14:04:01'),(63,31,20,'approved',NULL,NULL,'2026-05-28 11:14:43',98,'2026-05-28 10:35:58','2026-05-28 11:14:43'),(64,31,20,'approved',NULL,NULL,'2026-05-28 11:14:53',98,'2026-05-28 10:36:43','2026-05-28 11:14:53'),(65,55,112,'approved',NULL,NULL,'2026-05-28 11:15:17',98,'2026-05-28 10:57:57','2026-05-28 11:15:17');
/*!40000 ALTER TABLE `agent_product_transfers` ENABLE KEYS */;
UNLOCK TABLES;

--
-- Table structure for table `agent_sales`
--

DROP TABLE IF EXISTS `agent_sales`;
/*!40101 SET @saved_cs_client     = @@character_set_client */;
/*!50503 SET character_set_client = utf8mb4 */;
CREATE TABLE `agent_sales` (
  `id` bigint unsigned NOT NULL AUTO_INCREMENT,
  `agent_id` bigint unsigned DEFAULT NULL,
  `customer_name` varchar(255) DEFAULT NULL,
  `seller_name` varchar(255) DEFAULT NULL,
  `product_id` bigint unsigned NOT NULL,
  `quantity_sold` int NOT NULL,
  `purchase_price` decimal(15,2) DEFAULT NULL,
  `selling_price` decimal(15,2) DEFAULT NULL,
  `total_purchase_value` decimal(15,2) DEFAULT NULL,
  `total_selling_value` decimal(15,2) DEFAULT NULL,
  `profit` decimal(15,2) DEFAULT NULL,
  `commission_paid` decimal(15,2) DEFAULT NULL,
  `commission_expense_id` bigint unsigned DEFAULT NULL,
  `date_of_collection` date DEFAULT NULL,
  `balance` decimal(15,2) NOT NULL DEFAULT '0.00',
  `payment_option_id` bigint unsigned DEFAULT NULL,
  `stock_remaining` int DEFAULT NULL,
  `date` date NOT NULL,
  `created_at` timestamp NULL DEFAULT NULL,
  `updated_at` timestamp NULL DEFAULT NULL,
  PRIMARY KEY (`id`),
  KEY `agent_sales_product_id_foreign` (`product_id`),
  KEY `agent_sales_agent_id_foreign` (`agent_id`),
  KEY `agent_sales_payment_option_id_foreign` (`payment_option_id`),
  KEY `agent_sales_commission_expense_id_foreign` (`commission_expense_id`),
  CONSTRAINT `agent_sales_agent_id_foreign` FOREIGN KEY (`agent_id`) REFERENCES `users` (`id`) ON DELETE SET NULL,
  CONSTRAINT `agent_sales_commission_expense_id_foreign` FOREIGN KEY (`commission_expense_id`) REFERENCES `expenses` (`id`) ON DELETE SET NULL,
  CONSTRAINT `agent_sales_payment_option_id_foreign` FOREIGN KEY (`payment_option_id`) REFERENCES `payment_options` (`id`) ON DELETE SET NULL,
  CONSTRAINT `agent_sales_product_id_foreign` FOREIGN KEY (`product_id`) REFERENCES `models` (`id`) ON DELETE CASCADE
) ENGINE=InnoDB AUTO_INCREMENT=13 DEFAULT CHARSET=latin1;
/*!40101 SET character_set_client = @saved_cs_client */;

--
-- Dumping data for table `agent_sales`
--

LOCK TABLES `agent_sales` WRITE;
/*!40000 ALTER TABLE `agent_sales` DISABLE KEYS */;
INSERT INTO `agent_sales` VALUES (11,10,'Grace Mwaihabi','Golden Mwangoka',395,1,233000.00,270000.00,233000.00,270000.00,37000.00,NULL,NULL,NULL,0.00,7,NULL,'2026-05-22','2026-05-22 08:58:28','2026-05-22 08:58:28'),(12,10,'Kelvin','Golden Mwangoka',89,1,200000.00,270000.00,200000.00,270000.00,70000.00,NULL,NULL,NULL,0.00,4,NULL,'2026-05-28','2026-05-28 11:09:26','2026-05-28 11:09:26');
/*!40000 ALTER TABLE `agent_sales` ENABLE KEYS */;
UNLOCK TABLES;

--
-- Table structure for table `branch_transfer_logs`
--

DROP TABLE IF EXISTS `branch_transfer_logs`;
/*!40101 SET @saved_cs_client     = @@character_set_client */;
/*!50503 SET character_set_client = utf8mb4 */;
CREATE TABLE `branch_transfer_logs` (
  `id` bigint unsigned NOT NULL AUTO_INCREMENT,
  `product_list_id` bigint unsigned NOT NULL,
  `from_branch_id` bigint unsigned DEFAULT NULL,
  `to_branch_id` bigint unsigned DEFAULT NULL,
  `admin_id` bigint unsigned DEFAULT NULL,
  `created_at` timestamp NULL DEFAULT NULL,
  `updated_at` timestamp NULL DEFAULT NULL,
  PRIMARY KEY (`id`),
  KEY `branch_transfer_logs_product_list_id_foreign` (`product_list_id`),
  KEY `branch_transfer_logs_from_branch_id_foreign` (`from_branch_id`),
  KEY `branch_transfer_logs_to_branch_id_foreign` (`to_branch_id`),
  KEY `branch_transfer_logs_admin_id_foreign` (`admin_id`),
  KEY `branch_transfer_logs_created_at_index` (`created_at`),
  CONSTRAINT `branch_transfer_logs_admin_id_foreign` FOREIGN KEY (`admin_id`) REFERENCES `users` (`id`) ON DELETE SET NULL,
  CONSTRAINT `branch_transfer_logs_from_branch_id_foreign` FOREIGN KEY (`from_branch_id`) REFERENCES `branches` (`id`) ON DELETE SET NULL,
  CONSTRAINT `branch_transfer_logs_product_list_id_foreign` FOREIGN KEY (`product_list_id`) REFERENCES `product_list` (`id`) ON DELETE CASCADE,
  CONSTRAINT `branch_transfer_logs_to_branch_id_foreign` FOREIGN KEY (`to_branch_id`) REFERENCES `branches` (`id`) ON DELETE SET NULL
) ENGINE=InnoDB AUTO_INCREMENT=80 DEFAULT CHARSET=latin1;
/*!40101 SET character_set_client = @saved_cs_client */;

--
-- Dumping data for table `branch_transfer_logs`
--

LOCK TABLES `branch_transfer_logs` WRITE;
/*!40000 ALTER TABLE `branch_transfer_logs` DISABLE KEYS */;
INSERT INTO `branch_transfer_logs` VALUES (1,251,2,5,1,'2026-05-04 14:29:36','2026-05-04 14:29:36'),(2,245,2,5,1,'2026-05-04 14:40:18','2026-05-04 14:40:18'),(3,263,2,5,1,'2026-05-04 14:40:18','2026-05-04 14:40:18'),(4,264,2,5,1,'2026-05-04 14:40:18','2026-05-04 14:40:18'),(5,262,2,5,1,'2026-05-04 14:40:18','2026-05-04 14:40:18'),(6,261,2,5,1,'2026-05-04 14:40:18','2026-05-04 14:40:18'),(7,260,2,5,1,'2026-05-04 14:40:18','2026-05-04 14:40:18'),(8,252,2,5,1,'2026-05-04 14:40:18','2026-05-04 14:40:18'),(9,254,2,5,1,'2026-05-04 14:40:18','2026-05-04 14:40:18'),(10,257,2,5,1,'2026-05-04 14:40:18','2026-05-04 14:40:18'),(11,256,2,5,1,'2026-05-04 14:40:18','2026-05-04 14:40:18'),(12,255,2,5,1,'2026-05-04 14:40:18','2026-05-04 14:40:18'),(13,253,2,5,1,'2026-05-04 14:40:18','2026-05-04 14:40:18'),(14,258,2,5,1,'2026-05-04 14:40:18','2026-05-04 14:40:18'),(15,250,2,5,1,'2026-05-04 14:40:18','2026-05-04 14:40:18'),(16,249,2,5,1,'2026-05-04 14:40:18','2026-05-04 14:40:18'),(17,248,2,5,1,'2026-05-04 14:40:18','2026-05-04 14:40:18'),(18,247,2,5,1,'2026-05-04 14:40:18','2026-05-04 14:40:18'),(19,259,2,5,1,'2026-05-04 14:40:18','2026-05-04 14:40:18'),(20,246,2,5,1,'2026-05-04 14:40:18','2026-05-04 14:40:18'),(21,807,2,5,1,'2026-05-11 10:22:17','2026-05-11 10:22:17'),(22,817,2,5,1,'2026-05-11 10:22:17','2026-05-11 10:22:17'),(23,808,2,5,1,'2026-05-11 10:22:17','2026-05-11 10:22:17'),(24,818,2,5,1,'2026-05-11 10:22:17','2026-05-11 10:22:17'),(25,809,2,5,1,'2026-05-11 10:22:17','2026-05-11 10:22:17'),(26,819,2,5,1,'2026-05-11 10:22:17','2026-05-11 10:22:17'),(27,810,2,5,1,'2026-05-11 10:22:17','2026-05-11 10:22:17'),(28,820,2,5,1,'2026-05-11 10:22:17','2026-05-11 10:22:17'),(29,811,2,5,1,'2026-05-11 10:22:17','2026-05-11 10:22:17'),(30,821,2,5,1,'2026-05-11 10:22:17','2026-05-11 10:22:17'),(31,812,2,5,1,'2026-05-11 10:22:17','2026-05-11 10:22:17'),(32,822,2,5,1,'2026-05-11 10:22:17','2026-05-11 10:22:17'),(33,813,2,5,1,'2026-05-11 10:22:17','2026-05-11 10:22:17'),(34,823,2,5,1,'2026-05-11 10:22:17','2026-05-11 10:22:17'),(35,814,2,5,1,'2026-05-11 10:22:17','2026-05-11 10:22:17'),(36,824,2,5,1,'2026-05-11 10:22:17','2026-05-11 10:22:17'),(37,815,2,5,1,'2026-05-11 10:22:17','2026-05-11 10:22:17'),(38,825,2,5,1,'2026-05-11 10:22:17','2026-05-11 10:22:17'),(39,816,2,5,1,'2026-05-11 10:22:17','2026-05-11 10:22:17'),(40,826,2,5,1,'2026-05-11 10:22:17','2026-05-11 10:22:17'),(41,648,2,5,98,'2026-05-15 09:10:16','2026-05-15 09:10:16'),(42,656,2,5,98,'2026-05-15 09:10:16','2026-05-15 09:10:16'),(43,659,2,5,98,'2026-05-15 09:10:16','2026-05-15 09:10:16'),(44,661,2,5,98,'2026-05-15 09:10:16','2026-05-15 09:10:16'),(45,662,2,5,98,'2026-05-15 09:10:16','2026-05-15 09:10:16'),(46,847,2,5,98,'2026-05-15 09:10:16','2026-05-15 09:10:16'),(47,848,2,5,98,'2026-05-15 09:10:16','2026-05-15 09:10:16'),(48,858,2,5,98,'2026-05-15 09:10:17','2026-05-15 09:10:17'),(49,859,2,5,98,'2026-05-15 09:10:17','2026-05-15 09:10:17'),(50,850,2,5,98,'2026-05-15 09:10:17','2026-05-15 09:10:17'),(51,851,2,5,98,'2026-05-15 09:10:17','2026-05-15 09:10:17'),(52,852,2,5,98,'2026-05-15 09:10:17','2026-05-15 09:10:17'),(53,862,2,5,98,'2026-05-15 09:10:17','2026-05-15 09:10:17'),(54,853,2,5,98,'2026-05-15 09:10:17','2026-05-15 09:10:17'),(55,863,2,5,98,'2026-05-15 09:10:17','2026-05-15 09:10:17'),(56,854,2,5,98,'2026-05-15 09:10:17','2026-05-15 09:10:17'),(57,864,2,5,98,'2026-05-15 09:10:17','2026-05-15 09:10:17'),(58,856,2,5,98,'2026-05-15 09:10:17','2026-05-15 09:10:17'),(59,866,2,5,98,'2026-05-15 09:10:17','2026-05-15 09:10:17'),(60,239,2,5,98,'2026-05-15 09:10:17','2026-05-15 09:10:17'),(61,1787,2,5,98,'2026-05-21 14:20:37','2026-05-21 14:20:37'),(62,1792,2,5,98,'2026-05-21 14:20:37','2026-05-21 14:20:37'),(63,1786,2,5,98,'2026-05-21 14:20:37','2026-05-21 14:20:37'),(64,1789,2,5,98,'2026-05-21 14:20:37','2026-05-21 14:20:37'),(65,1794,2,5,98,'2026-05-21 14:20:37','2026-05-21 14:20:37'),(66,1788,2,5,98,'2026-05-21 14:20:37','2026-05-21 14:20:37'),(67,1790,2,5,98,'2026-05-21 14:20:37','2026-05-21 14:20:37'),(68,1783,2,5,98,'2026-05-21 14:20:37','2026-05-21 14:20:37'),(69,1785,2,5,98,'2026-05-21 14:20:37','2026-05-21 14:20:37'),(70,1777,2,5,98,'2026-05-21 14:20:37','2026-05-21 14:20:37'),(71,1778,2,5,98,'2026-05-21 14:20:37','2026-05-21 14:20:37'),(72,1782,2,5,98,'2026-05-21 14:20:37','2026-05-21 14:20:37'),(73,1781,2,5,98,'2026-05-21 14:20:37','2026-05-21 14:20:37'),(74,1780,2,5,98,'2026-05-21 14:20:37','2026-05-21 14:20:37'),(75,1779,2,5,98,'2026-05-21 14:20:37','2026-05-21 14:20:37'),(76,1791,2,5,98,'2026-05-21 14:20:37','2026-05-21 14:20:37'),(77,1776,2,5,98,'2026-05-21 14:20:37','2026-05-21 14:20:37'),(78,1775,2,5,98,'2026-05-21 14:20:37','2026-05-21 14:20:37'),(79,1793,2,5,98,'2026-05-21 14:20:37','2026-05-21 14:20:37');
/*!40000 ALTER TABLE `branch_transfer_logs` ENABLE KEYS */;
UNLOCK TABLES;

--
-- Table structure for table `branches`
--

DROP TABLE IF EXISTS `branches`;
/*!40101 SET @saved_cs_client     = @@character_set_client */;
/*!50503 SET character_set_client = utf8mb4 */;
CREATE TABLE `branches` (
  `id` bigint unsigned NOT NULL AUTO_INCREMENT,
  `name` varchar(255) NOT NULL,
  `created_at` timestamp NULL DEFAULT NULL,
  `updated_at` timestamp NULL DEFAULT NULL,
  PRIMARY KEY (`id`)
) ENGINE=InnoDB AUTO_INCREMENT=14 DEFAULT CHARSET=latin1;
/*!40101 SET character_set_client = @saved_cs_client */;

--
-- Dumping data for table `branches`
--

LOCK TABLES `branches` WRITE;
/*!40000 ALTER TABLE `branches` DISABLE KEYS */;
INSERT INTO `branches` VALUES (2,'Dar es salaam','2026-04-30 19:36:18','2026-04-30 19:36:18'),(3,'Mwanza','2026-05-01 08:45:05','2026-05-01 08:45:05'),(4,'Mbeya','2026-05-01 17:08:44','2026-05-01 17:08:44'),(5,'Matesha','2026-05-02 20:28:10','2026-05-02 20:28:10'),(6,'You & Me','2026-05-02 21:13:05','2026-05-02 21:13:05'),(7,'Mtwara','2026-05-11 11:21:47','2026-05-11 11:21:47'),(8,'Team Masua Dsm','2026-05-15 09:32:02','2026-05-15 10:57:24'),(9,'Team Muhsin Dsm','2026-05-15 10:57:51','2026-05-15 10:57:51'),(10,'Team Latifa Dsm','2026-05-15 10:58:26','2026-05-15 10:58:26'),(11,'Team Kassim Dsm','2026-05-15 11:16:20','2026-05-15 11:16:20'),(12,'Team Hansla Dsm','2026-05-15 11:16:35','2026-05-15 11:16:35'),(13,'Moshi','2026-05-19 12:48:00','2026-05-19 12:48:00');
/*!40000 ALTER TABLE `branches` ENABLE KEYS */;
UNLOCK TABLES;

--
-- Table structure for table `brands`
--

DROP TABLE IF EXISTS `brands`;
/*!40101 SET @saved_cs_client     = @@character_set_client */;
/*!50503 SET character_set_client = utf8mb4 */;
CREATE TABLE `brands` (
  `id` bigint unsigned NOT NULL AUTO_INCREMENT,
  `name` varchar(100) NOT NULL,
  `image` varchar(100) DEFAULT NULL,
  `created_at` timestamp NULL DEFAULT NULL,
  `updated_at` timestamp NULL DEFAULT NULL,
  PRIMARY KEY (`id`)
) ENGINE=InnoDB AUTO_INCREMENT=7 DEFAULT CHARSET=latin1;
/*!40101 SET character_set_client = @saved_cs_client */;

--
-- Dumping data for table `brands`
--

LOCK TABLES `brands` WRITE;
/*!40000 ALTER TABLE `brands` DISABLE KEYS */;
INSERT INTO `brands` VALUES (1,'Samsung','categories/OU7qR5PxFn42I8BCmZH8CZZsgofMHUsQ0em2zSDT.jpg','2026-04-27 23:41:16','2026-04-28 16:59:43'),(2,'iPhone','categories/2cVPUGvv3hobhvNeNNyR5sKR9U3BqJv4hjQI7F2s.jpg','2026-04-27 23:41:18','2026-04-28 17:01:57'),(3,'Tecno','categories/wmrKiQ6o51kzQHKtVrJG8YIsxvUKeaqNxm1HlPng.jpg','2026-04-27 23:41:18','2026-04-28 17:00:33'),(4,'Infinix','categories/9yfhJLJCk9HjUIkOLI0h6hWWCv2RZ34uaF4NeArM.jpg','2026-04-27 23:41:20','2026-04-28 17:00:54'),(5,'Google Pixel','categories/5W66T16K1oUYTTnPc4IBDnEpuLjAvhbhzKEtOGYw.png','2026-04-27 23:41:21','2026-04-28 17:02:57'),(6,'Itel','categories/NVVrNtxxjt5TaT6npnnDCubFDXH2iOnnGPY40N1V.png','2026-05-01 17:34:55','2026-05-01 17:34:55');
/*!40000 ALTER TABLE `brands` ENABLE KEYS */;
UNLOCK TABLES;

--
-- Table structure for table `cache`
--

DROP TABLE IF EXISTS `cache`;
/*!40101 SET @saved_cs_client     = @@character_set_client */;
/*!50503 SET character_set_client = utf8mb4 */;
CREATE TABLE `cache` (
  `key` varchar(191) NOT NULL,
  `value` mediumtext NOT NULL,
  `expiration` int NOT NULL,
  PRIMARY KEY (`key`)
) ENGINE=InnoDB DEFAULT CHARSET=latin1;
/*!40101 SET character_set_client = @saved_cs_client */;

--
-- Dumping data for table `cache`
--

LOCK TABLES `cache` WRITE;
/*!40000 ALTER TABLE `cache` DISABLE KEYS */;
INSERT INTO `cache` VALUES ('opticedge_cache_9c3c393b216ed5063446fc50eb593f86dd58a90f','i:19;',1779857920),('opticedge_cache_9c3c393b216ed5063446fc50eb593f86dd58a90f:timer','i:1779857920;',1779857920),('opticedge_cache_admin@opticedge.co.tz|197.186.44.213','i:1;',1778435530),('opticedge_cache_admin@opticedge.co.tz|197.186.44.213:timer','i:1778435530;',1778435530),('opticedge_cache_admin@opticedge.co.tz|197.186.75.229','i:2;',1777694974),('opticedge_cache_admin@opticedge.co.tz|197.186.75.229:timer','i:1777694974;',1777694974),('opticedge_cache_doniaparoma99@gmail.com|102.216.245.155','i:1;',1777996064),('opticedge_cache_doniaparoma99@gmail.com|102.216.245.155:timer','i:1777996064;',1777996064);
/*!40000 ALTER TABLE `cache` ENABLE KEYS */;
UNLOCK TABLES;

--
-- Table structure for table `cache_locks`
--

DROP TABLE IF EXISTS `cache_locks`;
/*!40101 SET @saved_cs_client     = @@character_set_client */;
/*!50503 SET character_set_client = utf8mb4 */;
CREATE TABLE `cache_locks` (
  `key` varchar(191) NOT NULL,
  `owner` varchar(191) NOT NULL,
  `expiration` int NOT NULL,
  PRIMARY KEY (`key`)
) ENGINE=InnoDB DEFAULT CHARSET=latin1;
/*!40101 SET character_set_client = @saved_cs_client */;

--
-- Dumping data for table `cache_locks`
--

LOCK TABLES `cache_locks` WRITE;
/*!40000 ALTER TABLE `cache_locks` DISABLE KEYS */;
/*!40000 ALTER TABLE `cache_locks` ENABLE KEYS */;
UNLOCK TABLES;

--
-- Table structure for table `cart_items`
--

DROP TABLE IF EXISTS `cart_items`;
/*!40101 SET @saved_cs_client     = @@character_set_client */;
/*!50503 SET character_set_client = utf8mb4 */;
CREATE TABLE `cart_items` (
  `id` bigint unsigned NOT NULL AUTO_INCREMENT,
  `cart_id` bigint unsigned NOT NULL,
  `product_id` bigint unsigned NOT NULL,
  `quantity` int NOT NULL DEFAULT '1',
  `created_at` timestamp NULL DEFAULT NULL,
  `updated_at` timestamp NULL DEFAULT NULL,
  PRIMARY KEY (`id`),
  KEY `cart_items_cart_id_foreign` (`cart_id`),
  KEY `cart_items_product_id_foreign` (`product_id`),
  CONSTRAINT `cart_items_cart_id_foreign` FOREIGN KEY (`cart_id`) REFERENCES `carts` (`id`) ON DELETE CASCADE,
  CONSTRAINT `cart_items_product_id_foreign` FOREIGN KEY (`product_id`) REFERENCES `models` (`id`) ON DELETE CASCADE
) ENGINE=InnoDB DEFAULT CHARSET=latin1;
/*!40101 SET character_set_client = @saved_cs_client */;

--
-- Dumping data for table `cart_items`
--

LOCK TABLES `cart_items` WRITE;
/*!40000 ALTER TABLE `cart_items` DISABLE KEYS */;
/*!40000 ALTER TABLE `cart_items` ENABLE KEYS */;
UNLOCK TABLES;

--
-- Table structure for table `carts`
--

DROP TABLE IF EXISTS `carts`;
/*!40101 SET @saved_cs_client     = @@character_set_client */;
/*!50503 SET character_set_client = utf8mb4 */;
CREATE TABLE `carts` (
  `id` bigint unsigned NOT NULL AUTO_INCREMENT,
  `user_id` bigint unsigned NOT NULL,
  `created_at` timestamp NULL DEFAULT NULL,
  `updated_at` timestamp NULL DEFAULT NULL,
  PRIMARY KEY (`id`),
  KEY `carts_user_id_foreign` (`user_id`),
  CONSTRAINT `carts_user_id_foreign` FOREIGN KEY (`user_id`) REFERENCES `users` (`id`) ON DELETE CASCADE
) ENGINE=InnoDB DEFAULT CHARSET=latin1;
/*!40101 SET character_set_client = @saved_cs_client */;

--
-- Dumping data for table `carts`
--

LOCK TABLES `carts` WRITE;
/*!40000 ALTER TABLE `carts` DISABLE KEYS */;
/*!40000 ALTER TABLE `carts` ENABLE KEYS */;
UNLOCK TABLES;

--
-- Table structure for table `customer_needs`
--

DROP TABLE IF EXISTS `customer_needs`;
/*!40101 SET @saved_cs_client     = @@character_set_client */;
/*!50503 SET character_set_client = utf8mb4 */;
CREATE TABLE `customer_needs` (
  `id` bigint unsigned NOT NULL AUTO_INCREMENT,
  `agent_id` bigint unsigned NOT NULL,
  `category_id` bigint unsigned NOT NULL,
  `product_id` bigint unsigned NOT NULL,
  `customer_name` varchar(255) DEFAULT NULL,
  `customer_phone` varchar(64) DEFAULT NULL,
  `branch_id` bigint unsigned DEFAULT NULL,
  `created_at` timestamp NULL DEFAULT NULL,
  `updated_at` timestamp NULL DEFAULT NULL,
  PRIMARY KEY (`id`),
  KEY `customer_needs_agent_id_foreign` (`agent_id`),
  KEY `customer_needs_category_id_foreign` (`category_id`),
  KEY `customer_needs_product_id_foreign` (`product_id`),
  KEY `customer_needs_branch_id_foreign` (`branch_id`),
  CONSTRAINT `customer_needs_agent_id_foreign` FOREIGN KEY (`agent_id`) REFERENCES `users` (`id`) ON DELETE CASCADE,
  CONSTRAINT `customer_needs_branch_id_foreign` FOREIGN KEY (`branch_id`) REFERENCES `branches` (`id`) ON DELETE SET NULL,
  CONSTRAINT `customer_needs_category_id_foreign` FOREIGN KEY (`category_id`) REFERENCES `brands` (`id`) ON DELETE CASCADE,
  CONSTRAINT `customer_needs_product_id_foreign` FOREIGN KEY (`product_id`) REFERENCES `models` (`id`) ON DELETE CASCADE
) ENGINE=InnoDB AUTO_INCREMENT=7 DEFAULT CHARSET=latin1;
/*!40101 SET character_set_client = @saved_cs_client */;

--
-- Dumping data for table `customer_needs`
--

LOCK TABLES `customer_needs` WRITE;
/*!40000 ALTER TABLE `customer_needs` DISABLE KEYS */;
INSERT INTO `customer_needs` VALUES (3,15,1,12,'Kelvin','0753228505',2,'2026-05-01 10:24:18','2026-05-01 10:24:18'),(4,50,1,430,'Miraji Juma Matimbwi','0787172790',2,'2026-05-06 17:41:24','2026-05-06 17:41:24'),(5,50,1,430,'Rashid Ramadhani Omar','0693285305',2,'2026-05-08 09:04:46','2026-05-08 09:04:46'),(6,66,1,430,'Emanuel Ibrahim','0740967488',2,'2026-05-28 14:48:30','2026-05-28 14:48:30');
/*!40000 ALTER TABLE `customer_needs` ENABLE KEYS */;
UNLOCK TABLES;

--
-- Table structure for table `distribution_sale_payments`
--

DROP TABLE IF EXISTS `distribution_sale_payments`;
/*!40101 SET @saved_cs_client     = @@character_set_client */;
/*!50503 SET character_set_client = utf8mb4 */;
CREATE TABLE `distribution_sale_payments` (
  `id` bigint unsigned NOT NULL AUTO_INCREMENT,
  `distribution_sale_id` bigint unsigned NOT NULL,
  `payment_option_id` bigint unsigned DEFAULT NULL,
  `amount` decimal(15,2) NOT NULL,
  `paid_date` date DEFAULT NULL,
  `notes` text,
  `created_at` timestamp NULL DEFAULT NULL,
  `updated_at` timestamp NULL DEFAULT NULL,
  PRIMARY KEY (`id`),
  KEY `distribution_sale_payments_distribution_sale_id_foreign` (`distribution_sale_id`),
  KEY `distribution_sale_payments_payment_option_id_foreign` (`payment_option_id`),
  CONSTRAINT `distribution_sale_payments_distribution_sale_id_foreign` FOREIGN KEY (`distribution_sale_id`) REFERENCES `distribution_sales` (`id`) ON DELETE CASCADE,
  CONSTRAINT `distribution_sale_payments_payment_option_id_foreign` FOREIGN KEY (`payment_option_id`) REFERENCES `payment_options` (`id`) ON DELETE SET NULL
) ENGINE=InnoDB AUTO_INCREMENT=33 DEFAULT CHARSET=latin1;
/*!40101 SET character_set_client = @saved_cs_client */;

--
-- Dumping data for table `distribution_sale_payments`
--

LOCK TABLES `distribution_sale_payments` WRITE;
/*!40000 ALTER TABLE `distribution_sale_payments` DISABLE KEYS */;
INSERT INTO `distribution_sale_payments` VALUES (1,12,2,1400000.00,'2026-04-24',NULL,'2026-05-02 13:10:52','2026-05-02 13:10:52'),(4,11,2,10480000.00,'2026-03-25',NULL,'2026-05-02 13:36:43','2026-05-02 13:36:43'),(5,6,2,7000000.00,'2026-04-29',NULL,'2026-05-02 13:40:35','2026-05-02 13:40:35'),(6,20,2,3700000.00,'2026-02-11',NULL,'2026-05-02 13:52:26','2026-05-02 13:52:26'),(7,22,2,2750000.00,'2026-04-22',NULL,'2026-05-03 11:07:24','2026-05-03 11:07:24'),(8,3,2,20000000.00,'2026-05-12',NULL,'2026-05-12 07:44:46','2026-05-12 07:44:46'),(9,11,2,21770000.00,'2026-03-25',NULL,'2026-05-12 16:41:26','2026-05-12 16:41:26'),(10,29,6,13500000.00,'2026-05-12',NULL,'2026-05-12 16:55:24','2026-05-12 16:55:24'),(11,30,6,4500000.00,'2026-05-12',NULL,'2026-05-12 16:56:10','2026-05-12 16:56:10'),(12,7,2,23000000.00,'2026-05-13',NULL,'2026-05-13 08:42:14','2026-05-13 08:42:14'),(13,3,2,5000000.00,'2026-05-12',NULL,'2026-05-13 09:31:17','2026-05-13 09:31:17'),(14,27,2,12501592.00,'2026-05-13',NULL,'2026-05-13 19:47:55','2026-05-13 19:47:55'),(15,6,2,5000000.00,'2026-05-13',NULL,'2026-05-13 19:50:58','2026-05-13 19:50:58'),(16,6,7,5000000.00,'2026-05-13',NULL,'2026-05-13 19:53:15','2026-05-13 19:53:15'),(17,6,2,5000000.00,'2026-05-13',NULL,'2026-05-14 09:06:28','2026-05-14 09:06:28'),(18,6,2,2700000.00,'2026-05-13',NULL,'2026-05-15 10:48:09','2026-05-15 10:48:09'),(19,5,2,2300000.00,'2026-05-15',NULL,'2026-05-15 10:48:58','2026-05-15 10:48:58'),(20,5,6,5000000.00,'2026-05-15',NULL,'2026-05-15 11:10:27','2026-05-15 11:10:27'),(21,2,2,5000000.00,'2026-05-15',NULL,'2026-05-16 13:40:14','2026-05-16 13:40:14'),(22,5,6,5000000.00,'2026-05-15',NULL,'2026-05-17 06:21:31','2026-05-17 06:21:31'),(23,40,2,325000.00,'2026-05-19',NULL,'2026-05-19 15:40:51','2026-05-19 15:40:51'),(24,39,2,210000.00,'2026-05-19',NULL,'2026-05-19 15:41:26','2026-05-19 15:41:26'),(25,41,2,20599999.99,'2026-05-20',NULL,'2026-05-20 10:20:36','2026-05-20 10:20:36'),(26,41,2,0.01,'2026-05-20',NULL,'2026-05-20 10:21:17','2026-05-20 10:21:17'),(27,30,2,6550000.00,'2026-05-20',NULL,'2026-05-20 14:19:32','2026-05-20 14:19:32'),(28,2,2,7800000.00,'2026-05-15',NULL,'2026-05-21 11:49:43','2026-05-21 11:49:43'),(29,3,2,200000.00,'2026-05-21',NULL,'2026-05-21 11:50:48','2026-05-21 11:50:48'),(30,22,2,2625000.00,'2026-05-22',NULL,'2026-05-22 14:28:24','2026-05-22 14:28:24'),(31,23,2,375000.00,'2026-05-22',NULL,'2026-05-22 14:29:24','2026-05-22 14:29:24'),(32,3,2,2520000.00,'2026-05-25',NULL,'2026-05-25 11:29:54','2026-05-25 11:29:54');
/*!40000 ALTER TABLE `distribution_sale_payments` ENABLE KEYS */;
UNLOCK TABLES;

--
-- Table structure for table `distribution_sales`
--

DROP TABLE IF EXISTS `distribution_sales`;
/*!40101 SET @saved_cs_client     = @@character_set_client */;
/*!50503 SET character_set_client = utf8mb4 */;
CREATE TABLE `distribution_sales` (
  `id` bigint unsigned NOT NULL AUTO_INCREMENT,
  `dealer_id` bigint unsigned DEFAULT NULL,
  `order_id` bigint unsigned DEFAULT NULL,
  `dealer_name` varchar(255) DEFAULT NULL,
  `seller_name` varchar(255) DEFAULT NULL,
  `product_id` bigint unsigned NOT NULL,
  `quantity_sold` int NOT NULL,
  `purchase_price` decimal(15,2) DEFAULT NULL,
  `selling_price` decimal(15,2) DEFAULT NULL,
  `total_purchase_value` decimal(15,2) DEFAULT NULL,
  `total_selling_value` decimal(15,2) DEFAULT NULL,
  `profit` decimal(15,2) DEFAULT NULL,
  `commission` decimal(15,2) NOT NULL DEFAULT '0.00',
  `status` varchar(255) NOT NULL DEFAULT 'pending',
  `to_be_paid` decimal(15,2) DEFAULT NULL,
  `paid_amount` decimal(15,2) NOT NULL DEFAULT '0.00',
  `collection_date` date DEFAULT NULL,
  `collected_amount` decimal(15,2) DEFAULT NULL,
  `balance` decimal(15,2) NOT NULL DEFAULT '0.00',
  `payment_option_id` bigint unsigned DEFAULT NULL,
  `date` date NOT NULL,
  `created_at` timestamp NULL DEFAULT NULL,
  `updated_at` timestamp NULL DEFAULT NULL,
  PRIMARY KEY (`id`),
  KEY `distribution_sales_product_id_foreign` (`product_id`),
  KEY `distribution_sales_dealer_id_foreign` (`dealer_id`),
  KEY `distribution_sales_order_id_foreign` (`order_id`),
  KEY `distribution_sales_payment_option_id_foreign` (`payment_option_id`),
  CONSTRAINT `distribution_sales_dealer_id_foreign` FOREIGN KEY (`dealer_id`) REFERENCES `users` (`id`) ON DELETE SET NULL,
  CONSTRAINT `distribution_sales_order_id_foreign` FOREIGN KEY (`order_id`) REFERENCES `orders` (`id`) ON DELETE SET NULL,
  CONSTRAINT `distribution_sales_payment_option_id_foreign` FOREIGN KEY (`payment_option_id`) REFERENCES `payment_options` (`id`) ON DELETE SET NULL,
  CONSTRAINT `distribution_sales_product_id_foreign` FOREIGN KEY (`product_id`) REFERENCES `models` (`id`) ON DELETE CASCADE
) ENGINE=InnoDB AUTO_INCREMENT=44 DEFAULT CHARSET=latin1;
/*!40101 SET character_set_client = @saved_cs_client */;

--
-- Dumping data for table `distribution_sales`
--

LOCK TABLES `distribution_sales` WRITE;
/*!40000 ALTER TABLE `distribution_sales` DISABLE KEYS */;
INSERT INTO `distribution_sales` VALUES (2,7,NULL,'Ibuma',NULL,429,40,307000.00,320000.00,12280000.00,12800000.00,520000.00,0.00,'complete',NULL,12800000.00,'2026-05-15',NULL,0.00,2,'2026-04-30','2026-05-01 17:49:57','2026-05-21 11:49:43'),(3,7,NULL,'Ibuma',NULL,431,126,206000.00,220000.00,25956000.00,27720000.00,1764000.00,0.00,'complete',NULL,27720000.00,'2026-05-25',NULL,0.00,2,'2026-04-30','2026-05-01 17:51:05','2026-05-25 11:29:54'),(4,42,NULL,'Doreen',NULL,430,100,240000.00,255000.00,24000000.00,25500000.00,1500000.00,0.00,'pending',NULL,0.00,NULL,NULL,25500000.00,NULL,'2026-04-21','2026-05-01 19:19:31','2026-05-01 19:19:31'),(5,42,NULL,'Doreen',NULL,430,100,240000.00,255000.00,24000000.00,25500000.00,1500000.00,0.00,'pending',NULL,12300000.00,'2026-05-15',NULL,13200000.00,6,'2026-04-14','2026-05-01 19:20:46','2026-05-17 06:21:31'),(6,42,NULL,'Doreen',NULL,430,100,240000.00,247000.00,24000000.00,24700000.00,700000.00,0.00,'complete',NULL,24700000.00,'2026-05-13',NULL,0.00,2,'2026-03-26','2026-05-01 19:22:21','2026-05-15 10:48:09'),(7,38,NULL,'Dorice Kaindoa',NULL,95,200,215000.00,205000.00,43000000.00,41000000.00,-2000000.00,0.00,'pending',NULL,23000000.00,'2026-05-13',NULL,18000000.00,2,'2026-01-05','2026-05-01 19:28:54','2026-05-13 08:42:14'),(11,7,NULL,'Ibuma',NULL,95,150,215000.00,215000.00,32250000.00,32250000.00,0.00,0.00,'complete',NULL,32250000.00,'2026-03-25',NULL,0.00,2,'2026-02-05','2026-05-01 20:15:04','2026-05-12 16:41:26'),(12,41,NULL,'Emmanuel Prof',NULL,430,20,240000.00,252000.00,4800000.00,5040000.00,240000.00,0.00,'pending',NULL,1400000.00,'2026-04-24',NULL,3640000.00,2,'2026-04-04','2026-05-02 11:57:38','2026-05-02 13:11:03'),(13,41,NULL,'Emmanuel Prof',NULL,430,30,240000.00,255000.00,7200000.00,7650000.00,450000.00,0.00,'pending',NULL,0.00,NULL,NULL,7650000.00,NULL,'2026-04-24','2026-05-02 11:59:11','2026-05-02 11:59:11'),(16,38,NULL,'Dorice Kaindoa',NULL,432,7,200000.00,220000.00,1400000.00,1540000.00,140000.00,0.00,'pending',NULL,0.00,NULL,NULL,1540000.00,NULL,'2026-01-08','2026-05-02 12:35:35','2026-05-02 12:35:35'),(17,38,NULL,'Dorice Kaindoa',NULL,433,5,285000.00,305000.00,1425000.00,1525000.00,100000.00,0.00,'pending',NULL,0.00,NULL,NULL,1525000.00,NULL,'2026-01-08','2026-05-02 12:36:49','2026-05-02 12:36:49'),(18,38,NULL,'Dorice Kaindoa',NULL,396,3,193000.00,213000.00,579000.00,639000.00,60000.00,0.00,'pending',NULL,0.00,NULL,NULL,639000.00,NULL,'2026-01-08','2026-05-02 12:38:20','2026-05-02 12:38:20'),(19,38,NULL,'Dorice Kaindoa',NULL,394,3,210000.00,230000.00,630000.00,690000.00,60000.00,0.00,'pending',NULL,0.00,NULL,NULL,690000.00,NULL,'2026-01-08','2026-05-02 12:39:52','2026-05-02 12:39:52'),(20,46,NULL,'Evelyn Mwangalimi',NULL,95,40,215000.00,205000.00,8600000.00,8200000.00,-400000.00,0.00,'pending',NULL,3700000.00,'2026-02-11',NULL,4500000.00,2,'2026-01-07','2026-05-02 12:43:58','2026-05-02 13:52:38'),(21,46,NULL,'Evelyn Mwangalimi',NULL,95,25,215000.00,215000.00,5375000.00,5375000.00,0.00,0.00,'pending',NULL,0.00,NULL,NULL,5375000.00,NULL,'2026-02-13','2026-05-02 12:47:52','2026-05-02 12:47:52'),(22,36,NULL,'Rajabu Musa Maura',NULL,95,25,215000.00,215000.00,5375000.00,5375000.00,0.00,0.00,'complete',NULL,5375000.00,'2026-05-22',NULL,0.00,2,'2026-02-13','2026-05-03 11:03:16','2026-05-22 14:28:24'),(23,36,NULL,'Rajabu Musa Maura',NULL,430,20,240000.00,255000.00,4800000.00,5100000.00,300000.00,0.00,'pending',NULL,375000.00,'2026-05-22',NULL,4725000.00,2,'2026-04-25','2026-05-03 11:04:50','2026-05-22 14:29:24'),(24,47,NULL,'Asha Mnyaghata',NULL,430,8,240000.00,240000.00,1920000.00,1920000.00,0.00,0.00,'pending',NULL,0.00,NULL,NULL,1920000.00,NULL,'2026-03-11','2026-05-03 17:48:06','2026-05-03 17:48:06'),(25,47,NULL,'Asha Mnyaghata',NULL,95,85,215000.00,215000.00,18275000.00,18275000.00,0.00,0.00,'pending',NULL,15466174.00,NULL,NULL,2808826.00,NULL,'2026-03-16','2026-05-03 17:49:33','2026-05-03 17:49:33'),(26,71,NULL,'Mawinga',NULL,89,1,177000.00,240000.00,177000.00,240000.00,63000.00,0.00,'pending',NULL,0.00,NULL,NULL,240000.00,NULL,'2026-02-18','2026-05-03 17:58:45','2026-05-03 17:58:45'),(27,47,NULL,'Asha Mnyaghata',NULL,95,100,215000.00,210000.00,21500000.00,21000000.00,-500000.00,0.00,'pending',NULL,19532482.00,'2026-05-13',NULL,1467518.00,2,'2026-02-26','2026-05-03 18:05:13','2026-05-13 19:47:55'),(28,38,NULL,'Justry Solution',NULL,434,2,165000.00,185000.00,330000.00,370000.00,40000.00,0.00,'pending',NULL,0.00,NULL,NULL,370000.00,NULL,'2026-01-08','2026-05-03 18:15:20','2026-05-03 18:15:20'),(29,76,NULL,'Kingai Twalha',NULL,438,50,255000.00,270000.00,12750000.00,13500000.00,750000.00,0.00,'complete',NULL,13500000.00,'2026-05-12',NULL,0.00,6,'2026-05-04','2026-05-04 18:38:55','2026-05-12 16:55:24'),(30,76,NULL,'Kingai Twalha',NULL,431,50,206000.00,221000.00,10300000.00,11050000.00,750000.00,0.00,'complete',NULL,11050000.00,'2026-05-20',NULL,0.00,2,'2026-05-04','2026-05-04 18:45:01','2026-05-20 14:19:32'),(31,42,NULL,'Christina Kisonga',NULL,430,100,240000.00,255000.00,24000000.00,25500000.00,1500000.00,0.00,'pending',NULL,0.00,NULL,NULL,25500000.00,NULL,'2026-05-05','2026-05-05 13:14:45','2026-05-05 13:14:45'),(32,91,NULL,'Faudhia',NULL,95,50,204000.00,206000.00,10200000.00,10300000.00,100000.00,0.00,'complete',NULL,10300000.00,NULL,NULL,0.00,NULL,'2026-05-12','2026-05-12 17:27:07','2026-05-12 17:27:07'),(33,36,NULL,'Rajabu Musa Maura','Golden Mwangoka',430,10,315000.00,255000.00,3150000.00,2550000.00,-600000.00,0.00,'pending',NULL,0.00,NULL,NULL,2550000.00,NULL,'2026-05-15','2026-05-15 15:28:24','2026-05-15 15:28:24'),(34,76,NULL,'Kingai Twalha','Golden Mwangoka',95,400,205000.00,220000.00,82000000.00,88000000.00,6000000.00,0.00,'pending',NULL,0.00,NULL,NULL,88000000.00,NULL,'2026-05-15','2026-05-15 16:32:44','2026-05-15 16:32:44'),(35,42,NULL,'Christina Kisonga','Golden Mwangoka',430,100,315000.00,255000.00,31500000.00,25500000.00,-6000000.00,0.00,'pending',NULL,0.00,NULL,NULL,25500000.00,NULL,'2026-05-15','2026-05-15 16:47:06','2026-05-15 16:47:06'),(36,99,NULL,'Mwamlima Mbeya','Golden Mwangoka',430,55,238000.00,242000.00,13090000.00,13310000.00,220000.00,0.00,'complete',NULL,13310000.00,NULL,NULL,0.00,NULL,'2026-05-16','2026-05-16 12:54:45','2026-05-16 12:54:45'),(37,99,NULL,'Mwamlima Mbeya','Golden Mwangoka',95,5,205000.00,209000.00,1025000.00,1045000.00,20000.00,0.00,'complete',NULL,1045000.00,NULL,NULL,0.00,NULL,'2026-05-16','2026-05-16 12:54:45','2026-05-16 12:54:45'),(38,7,NULL,'Ibuma shop','Golden Mwangoka',430,200,315000.00,255000.00,63000000.00,51000000.00,-12000000.00,0.00,'pending',NULL,0.00,NULL,NULL,51000000.00,NULL,'2026-05-19','2026-05-19 08:36:15','2026-05-19 08:36:15'),(39,109,NULL,'Smartphone Solutions','Golden Mwangoka',95,1,200000.00,210000.00,200000.00,210000.00,10000.00,0.00,'complete',NULL,210000.00,'2026-05-19',NULL,0.00,2,'2026-05-19','2026-05-19 15:40:18','2026-05-19 15:41:26'),(40,109,NULL,'Smartphone Solutions','Golden Mwangoka',91,1,285000.00,325000.00,285000.00,325000.00,40000.00,0.00,'complete',NULL,325000.00,'2026-05-19',NULL,0.00,2,'2026-05-19','2026-05-19 15:40:18','2026-05-19 15:40:51'),(41,91,NULL,'Faudhia','Golden Mwangoka',95,100,204000.00,206000.00,20400000.00,20600000.00,200000.00,0.00,'complete',NULL,20600000.00,'2026-05-20',NULL,0.00,2,'2026-05-20','2026-05-20 10:20:11','2026-05-20 10:21:17'),(42,7,NULL,'Ibuma shop','Golden Mwangoka',429,100,309000.00,320000.00,30900000.00,32000000.00,1100000.00,0.00,'pending',32000000.00,0.00,NULL,NULL,32000000.00,NULL,'2026-05-25','2026-05-25 17:22:22','2026-05-25 17:22:22'),(43,91,NULL,'Faudhia','Golden Mwangoka',95,100,203000.00,220000.00,20300000.00,22000000.00,1700000.00,0.00,'pending',22000000.00,0.00,NULL,NULL,22000000.00,NULL,'2026-05-26','2026-05-26 17:10:37','2026-05-26 17:10:37');
/*!40000 ALTER TABLE `distribution_sales` ENABLE KEYS */;
UNLOCK TABLES;

--
-- Table structure for table `expenses`
--

DROP TABLE IF EXISTS `expenses`;
/*!40101 SET @saved_cs_client     = @@character_set_client */;
/*!50503 SET character_set_client = utf8mb4 */;
CREATE TABLE `expenses` (
  `id` bigint unsigned NOT NULL AUTO_INCREMENT,
  `activity` varchar(255) NOT NULL,
  `amount` decimal(15,2) NOT NULL,
  `payment_option_id` bigint unsigned DEFAULT NULL,
  `cash_used` varchar(255) DEFAULT NULL,
  `date` date NOT NULL,
  `created_at` timestamp NULL DEFAULT NULL,
  `updated_at` timestamp NULL DEFAULT NULL,
  PRIMARY KEY (`id`),
  KEY `expenses_payment_option_id_foreign` (`payment_option_id`),
  CONSTRAINT `expenses_payment_option_id_foreign` FOREIGN KEY (`payment_option_id`) REFERENCES `payment_options` (`id`) ON DELETE SET NULL
) ENGINE=InnoDB AUTO_INCREMENT=176 DEFAULT CHARSET=latin1;
/*!40101 SET character_set_client = @saved_cs_client */;

--
-- Dumping data for table `expenses`
--

LOCK TABLES `expenses` WRITE;
/*!40000 ALTER TABLE `expenses` DISABLE KEYS */;
INSERT INTO `expenses` VALUES (9,'Agents Commissions',260000.00,3,NULL,'2026-05-02','2026-05-03 08:55:12','2026-05-03 08:55:12'),(10,'Dp Financing',1590000.00,3,NULL,'2026-05-02','2026-05-03 08:58:04','2026-05-03 08:58:04'),(11,'Transportation',25000.00,3,NULL,'2026-05-02','2026-05-03 08:59:07','2026-05-03 08:59:07'),(12,'Bank Charges',1306.00,3,NULL,'2026-05-02','2026-05-03 08:59:58','2026-05-03 08:59:58'),(13,'Tax Filling for April',40000.00,3,NULL,'2026-05-02','2026-05-03 09:02:15','2026-05-03 09:02:15'),(14,'Dp Financing',1555000.00,3,NULL,'2026-05-03','2026-05-03 19:33:27','2026-05-03 19:33:27'),(15,'Agents Commissions',335000.00,3,NULL,'2026-05-03','2026-05-03 20:55:57','2026-05-03 20:55:57'),(16,'Point of sales Speakers and Table',285000.00,3,NULL,'2026-05-04','2026-05-04 08:37:23','2026-05-04 08:37:23'),(17,'Licence',2000000.00,3,NULL,'2026-05-04','2026-05-04 11:32:12','2026-05-04 11:32:12'),(18,'Transportation',60000.00,3,NULL,'2026-05-04','2026-05-04 11:32:59','2026-05-04 11:32:59'),(19,'Bundle Subscription',10500.00,3,NULL,'2026-05-04','2026-05-04 15:08:23','2026-05-04 15:08:23'),(20,'Licence',1000000.00,3,NULL,'2026-05-04','2026-05-04 20:42:06','2026-05-04 20:42:06'),(21,'Transportation',15000.00,3,NULL,'2026-05-04','2026-05-04 20:42:26','2026-05-04 20:42:26'),(22,'Lunch',5500.00,3,NULL,'2026-05-04','2026-05-04 20:43:36','2026-05-04 20:43:36'),(23,'Dp Financing',3050000.00,3,NULL,'2026-05-04','2026-05-05 04:52:55','2026-05-05 04:52:55'),(24,'Agents Commissions',545000.00,3,NULL,'2026-05-04','2026-05-05 05:11:25','2026-05-05 05:11:25'),(25,'Licence',2000000.00,3,NULL,'2026-05-05','2026-05-05 10:21:24','2026-05-05 10:21:24'),(26,'Lunch',3000.00,3,NULL,'2026-05-05','2026-05-05 21:37:48','2026-05-05 21:37:48'),(27,'Licence',2000000.00,3,NULL,'2026-05-04','2026-05-05 21:38:17','2026-05-05 21:38:17'),(28,'Dp Financing',4000000.00,3,NULL,'2026-05-05','2026-05-06 05:22:32','2026-05-06 05:22:32'),(29,'Licence',500000.00,3,NULL,'2026-05-06','2026-05-06 05:53:59','2026-05-06 05:53:59'),(30,'Agents Commissions',770000.00,3,NULL,'2026-05-05','2026-05-06 05:55:37','2026-05-06 05:55:37'),(31,'You and Me',630000.00,3,NULL,'2026-05-05','2026-05-06 06:00:56','2026-05-06 06:00:56'),(32,'Bank Charges',1700.00,2,NULL,'2026-05-06','2026-05-06 10:21:31','2026-05-06 10:21:31'),(33,'Bundle Subscription',11050.00,3,NULL,'2026-05-06','2026-05-06 13:03:10','2026-05-06 13:03:10'),(34,'Lunch',6000.00,3,NULL,'2026-05-06','2026-05-06 13:03:34','2026-05-06 13:03:34'),(35,'Licence',2000000.00,3,NULL,'2026-05-06','2026-05-06 19:27:58','2026-05-06 19:27:58'),(36,'Withdrawal Charges',13000.00,2,NULL,'2026-05-06','2026-05-06 19:29:04','2026-05-06 19:29:04'),(37,'Dp Financing',4549000.00,3,NULL,'2026-05-06','2026-05-07 05:08:21','2026-05-07 05:08:21'),(38,'Licence',3000000.00,3,NULL,'2026-05-06','2026-05-07 05:10:21','2026-05-07 05:10:21'),(39,'Bank Charges',1700.00,2,NULL,'2026-05-07','2026-05-07 05:16:15','2026-05-07 05:16:15'),(40,'Agents Commissions',815000.00,3,NULL,'2026-05-06','2026-05-07 05:20:00','2026-05-07 05:20:00'),(41,'Licence',500000.00,3,NULL,'2026-05-07','2026-05-07 08:44:30','2026-05-07 08:44:30'),(42,'Licence',1500000.00,3,NULL,'2026-05-07','2026-05-07 08:45:37','2026-05-07 08:45:37'),(43,'Licence',2000000.00,3,NULL,'2026-05-07','2026-05-07 11:48:12','2026-05-07 11:48:12'),(44,'Lunch',4500.00,3,NULL,'2026-05-07','2026-05-07 17:47:22','2026-05-07 17:47:22'),(45,'Licence',1000000.00,3,NULL,'2026-05-07','2026-05-07 17:48:06','2026-05-07 17:48:06'),(46,'Barcode Scanner',150000.00,3,NULL,'2026-05-07','2026-05-07 18:20:20','2026-05-07 18:20:20'),(47,'Credit Follow up Voucher',1500.00,3,NULL,'2026-05-07','2026-05-07 20:36:42','2026-05-07 20:42:13'),(48,'Dp Financing',4513000.00,3,NULL,'2026-05-07','2026-05-07 20:39:23','2026-05-07 20:39:23'),(49,'Agents Commissions',825000.00,3,NULL,'2026-05-07','2026-05-08 10:12:52','2026-05-08 10:12:52'),(50,'Licence',1000000.00,3,NULL,'2026-05-08','2026-05-08 10:13:16','2026-05-08 10:13:16'),(51,'Licence',5000000.00,3,NULL,'2026-05-08','2026-05-08 10:13:36','2026-05-08 10:13:36'),(52,'Office Internet',120000.00,3,NULL,'2026-05-08','2026-05-08 10:17:41','2026-05-08 10:17:41'),(53,'Withdrawal Charges',5500.00,3,NULL,'2026-05-08','2026-05-08 10:18:21','2026-05-08 10:18:21'),(54,'Bundle Subscription',10500.00,3,NULL,'2026-05-08','2026-05-08 11:27:25','2026-05-08 11:27:25'),(55,'Dp Financing',4565500.00,3,NULL,'2026-05-08','2026-05-09 04:30:42','2026-05-09 04:30:42'),(56,'Agents Commissions',905000.00,3,NULL,'2026-05-08','2026-05-09 05:20:50','2026-05-09 05:20:50'),(57,'Licence',5000000.00,3,NULL,'2026-05-09','2026-05-09 14:46:52','2026-05-09 14:46:52'),(58,'Mwanza Utilily bill',25000.00,3,NULL,'2026-05-09','2026-05-10 05:38:44','2026-05-10 05:38:44'),(59,'Dp Financing',2398000.00,3,NULL,'2026-05-09','2026-05-10 05:43:47','2026-05-10 05:43:47'),(60,'Agents Commissions',445000.00,3,NULL,'2026-05-09','2026-05-10 06:03:20','2026-05-10 06:03:20'),(61,'Bundle Subscription',10500.00,3,NULL,'2026-05-10','2026-05-10 12:51:15','2026-05-10 12:51:39'),(62,'Dp Financing',1252000.00,3,NULL,'2026-05-10','2026-05-11 04:48:27','2026-05-11 04:48:27'),(63,'Agents Commissions',235000.00,3,NULL,'2026-05-10','2026-05-11 04:52:40','2026-05-11 04:52:40'),(65,'Office Cleanness',10000.00,3,NULL,'2026-05-11','2026-05-11 09:04:06','2026-05-11 09:04:06'),(66,'Licence',5000000.00,3,NULL,'2026-05-11','2026-05-11 09:51:07','2026-05-11 09:51:07'),(67,'Transportation',10000.00,3,NULL,'2026-05-11','2026-05-11 09:51:32','2026-05-11 09:51:32'),(68,'Transportation',41000.00,3,NULL,'2026-05-11','2026-05-11 20:16:01','2026-05-11 20:16:01'),(69,'Dp Financing',3840000.00,3,NULL,'2026-05-11','2026-05-12 04:08:12','2026-05-12 04:08:12'),(70,'Agents Commissions',655000.00,3,NULL,'2026-05-11','2026-05-12 04:08:48','2026-05-12 04:08:48'),(71,'Licence',5000000.00,2,NULL,'2026-05-12','2026-05-12 13:37:37','2026-05-12 13:37:37'),(72,'Withdrwal fess & VAT Payable fee and comm',28575.00,2,NULL,'2026-05-12','2026-05-12 13:40:08','2026-05-12 13:40:08'),(73,'Withdrawal Charges',4482.00,3,NULL,'2026-05-12','2026-05-12 16:59:14','2026-05-13 04:29:02'),(74,'Bundle Subscription',10500.00,3,NULL,'2026-05-12','2026-05-12 17:11:46','2026-05-12 17:11:46'),(75,'Dp Financing',3085000.00,3,NULL,'2026-05-12','2026-05-13 04:32:05','2026-05-13 04:32:05'),(76,'Agents Commissions',505000.00,3,NULL,'2026-05-12','2026-05-13 07:49:57','2026-05-13 07:49:57'),(77,'Transfer Charges',1500.00,6,NULL,'2026-05-13','2026-05-13 14:54:52','2026-05-13 14:54:52'),(78,'Licence',3000000.00,6,NULL,'2026-05-13','2026-05-13 20:14:31','2026-05-13 20:14:31'),(79,'Withdrawal Charges',13375.00,6,NULL,'2026-05-13','2026-05-13 20:17:08','2026-05-13 20:17:08'),(80,'Dp Financing',3515000.00,3,NULL,'2026-05-13','2026-05-14 04:52:36','2026-05-14 04:52:36'),(81,'Agents Commissions',630000.00,3,NULL,'2026-05-13','2026-05-14 05:43:23','2026-05-14 05:43:23'),(82,'Transportation',100000.00,3,NULL,'2026-05-14','2026-05-14 09:10:46','2026-05-14 09:10:46'),(83,'Licence',5000000.00,6,NULL,'2026-05-14','2026-05-14 16:16:01','2026-05-14 16:16:01'),(84,'Withdrawal Charges',13084.00,6,NULL,'2026-05-14','2026-05-14 16:16:29','2026-05-14 16:16:29'),(85,'Bundle Subscription',10500.00,3,NULL,'2026-05-14','2026-05-14 20:22:47','2026-05-14 20:22:47'),(86,'Dp Financing',3230000.00,3,NULL,'2026-05-14','2026-05-15 04:13:51','2026-05-15 04:13:51'),(87,'Mwanza Government Levy',72500.00,3,NULL,'2026-05-14','2026-05-15 04:15:20','2026-05-15 04:15:20'),(88,'Agents Commissions',530000.00,3,NULL,'2026-05-14','2026-05-15 05:39:45','2026-05-15 05:39:45'),(89,'Transportation',75000.00,3,NULL,'2026-05-15','2026-05-15 15:40:41','2026-05-15 15:40:41'),(90,'Lunch',7000.00,3,NULL,'2026-05-15','2026-05-15 15:41:41','2026-05-15 15:41:41'),(91,'Bank Charges',15000.00,6,NULL,'2026-05-15','2026-05-15 17:22:19','2026-05-15 17:22:19'),(92,'Licence',5000000.00,6,NULL,'2026-05-15','2026-05-15 17:25:28','2026-05-15 17:25:28'),(93,'Transportation',100000.00,3,NULL,'2026-05-15','2026-05-16 04:55:56','2026-05-16 04:55:56'),(94,'Dp Financing',3220000.00,3,NULL,'2026-05-15','2026-05-16 04:59:24','2026-05-16 04:59:24'),(95,'Agents Commissions',470000.00,3,NULL,'2026-05-15','2026-05-16 05:28:31','2026-05-16 05:28:31'),(96,'Withdrawal Charges',16860.00,2,NULL,'2026-05-16','2026-05-16 13:42:19','2026-05-16 13:42:19'),(97,'Transfer Charges',1500.00,6,NULL,'2026-05-16','2026-05-16 14:07:14','2026-05-16 14:07:14'),(98,'Bundle Subscription',10500.00,3,NULL,'2026-05-16','2026-05-16 14:46:14','2026-05-16 14:46:14'),(99,'Transportation',10000.00,3,NULL,'2026-05-16','2026-05-17 05:54:36','2026-05-17 05:54:36'),(100,'Dp Financing',4415000.00,3,NULL,'2026-05-16','2026-05-17 06:00:21','2026-05-17 06:00:21'),(101,'Transfer Charges',1500.00,6,NULL,'2026-05-17','2026-05-17 06:39:09','2026-05-17 06:39:09'),(102,'Agents Commissions',845000.00,3,NULL,'2026-05-16','2026-05-17 07:11:39','2026-05-17 07:11:39'),(103,'Licence',5000000.00,2,NULL,'2026-05-17','2026-05-17 19:15:23','2026-05-17 19:15:23'),(104,'Withdrawal Charges',4000.00,2,NULL,'2026-05-17','2026-05-17 19:15:50','2026-05-17 19:15:50'),(105,'Dp Financing',980000.00,3,NULL,'2026-05-17','2026-05-17 19:16:09','2026-05-17 19:16:09'),(106,'Agents Commissions',125000.00,3,NULL,'2026-05-17','2026-05-18 04:57:14','2026-05-18 04:57:14'),(107,'Agent Contract Fee',50000.00,3,NULL,'2026-05-18','2026-05-18 14:54:03','2026-05-18 14:54:03'),(108,'Transfer Charges',1700.00,3,NULL,'2026-05-18','2026-05-18 15:07:52','2026-05-18 15:07:52'),(109,'Parasol spot in kibaha',40000.00,3,NULL,'2026-05-18','2026-05-18 16:00:56','2026-05-18 16:00:56'),(110,'Licence',5000000.00,2,NULL,'2026-05-18','2026-05-18 18:18:15','2026-05-18 18:18:15'),(111,'Withdrawal Charges',4000.00,2,NULL,'2026-05-18','2026-05-18 18:20:48','2026-05-18 18:20:48'),(112,'Bank Charges',15770.00,2,NULL,'2026-05-18','2026-05-18 18:22:31','2026-05-18 18:22:31'),(113,'Bank Charges',3300.00,3,NULL,'2026-05-18','2026-05-19 04:55:02','2026-05-19 04:55:02'),(114,'Dp Financing',3950000.00,3,NULL,'2026-05-18','2026-05-19 04:55:57','2026-05-19 04:55:57'),(115,'Agents Commissions',770000.00,3,NULL,'2026-05-18','2026-05-19 05:18:01','2026-05-19 05:18:01'),(116,'Bundle Subscription',10500.00,3,NULL,'2026-05-19','2026-05-19 05:41:02','2026-05-19 05:41:02'),(117,'Licence',2800000.00,7,NULL,'2026-05-01','2026-05-19 09:52:24','2026-05-19 09:52:24'),(118,'IT Dev',1500000.00,7,NULL,'2026-05-01','2026-05-19 09:53:20','2026-05-19 09:53:20'),(119,'Dp & Agent Comm',1957490.00,7,NULL,'2026-05-01','2026-05-19 09:54:21','2026-05-19 09:54:21'),(120,'Electricity Bill',50000.00,3,NULL,'2026-05-19','2026-05-19 14:55:21','2026-05-19 14:55:21'),(121,'Transportation',45000.00,3,NULL,'2026-05-19','2026-05-20 04:07:50','2026-05-20 04:07:50'),(122,'Dp Financing',2200000.00,3,NULL,'2026-05-19','2026-05-20 05:06:07','2026-05-20 05:06:07'),(123,'Agents Commissions',585600.00,3,NULL,'2026-05-19','2026-05-20 05:10:57','2026-05-20 08:23:02'),(124,'Transfer Charges',5770.00,2,NULL,'2026-05-20','2026-05-20 12:08:23','2026-05-20 12:08:23'),(125,'Licence',4000000.00,2,NULL,'2026-05-20','2026-05-20 12:52:08','2026-05-20 12:52:08'),(126,'Withdrawal Charges',13000.00,2,NULL,'2026-05-20','2026-05-20 12:52:31','2026-05-20 12:52:31'),(127,'Transfer Charges',1770.00,2,NULL,'2026-05-20','2026-05-20 12:57:43','2026-05-20 12:57:43'),(128,'Advance Salary',200000.00,3,NULL,'2026-05-20','2026-05-20 13:05:16','2026-05-20 13:05:16'),(129,'Dp Financing',2855000.00,3,NULL,'2026-05-20','2026-05-21 04:18:26','2026-05-21 04:18:26'),(130,'Agents Commissions',450000.00,3,NULL,'2026-05-20','2026-05-21 04:19:03','2026-05-21 04:19:03'),(131,'Bundle Subscription',10500.00,3,NULL,'2026-05-21','2026-05-21 12:03:59','2026-05-21 12:03:59'),(132,'Lunch',7000.00,3,NULL,'2026-05-21','2026-05-21 12:04:26','2026-05-21 12:04:26'),(133,'Office Cleanness',30000.00,3,NULL,'2026-05-21','2026-05-21 12:04:55','2026-05-21 12:04:55'),(134,'Licence',2000000.00,2,NULL,'2026-05-21','2026-05-21 16:35:29','2026-05-21 16:35:29'),(135,'Withdrawal Charges',11875.00,2,NULL,'2026-05-21','2026-05-21 16:37:10','2026-05-21 16:37:10'),(136,'Dp Financing',2320000.00,3,NULL,'2026-05-21','2026-05-22 04:39:41','2026-05-22 04:39:41'),(137,'Agents Commissions',530000.00,3,NULL,'2026-05-21','2026-05-22 04:40:15','2026-05-22 04:40:15'),(138,'Transfer Charges',1770.00,2,NULL,'2026-05-22','2026-05-22 14:23:29','2026-05-22 14:23:29'),(139,'Data Universal Numbering System D-U-N-S Certificate',2182500.00,2,NULL,'2026-05-22','2026-05-22 14:44:00','2026-05-22 14:44:00'),(140,'Licence',2000000.00,2,NULL,'2026-05-22','2026-05-23 05:26:51','2026-05-23 05:26:51'),(141,'Stationaries & Printing',5000.00,3,NULL,'2026-05-22','2026-05-23 05:38:53','2026-05-23 05:38:53'),(142,'Dp Financing',1820000.00,3,NULL,'2026-05-22','2026-05-23 05:42:04','2026-05-23 05:49:07'),(143,'Agents Commissions',340000.00,3,NULL,'2026-05-22','2026-05-23 06:34:32','2026-05-23 06:34:32'),(144,'Licence',3000000.00,2,NULL,'2026-05-23','2026-05-23 17:18:59','2026-05-23 17:18:59'),(145,'Bank Charges',24750.00,2,NULL,'2026-05-23','2026-05-23 17:20:46','2026-05-23 17:20:46'),(146,'Bad Debts',200000.00,3,NULL,'2026-05-23','2026-05-23 17:25:14','2026-05-23 17:25:14'),(147,'Lunch',4000.00,3,NULL,'2026-05-23','2026-05-23 17:25:38','2026-05-23 17:25:38'),(148,'Transportation',10000.00,3,NULL,'2026-05-23','2026-05-23 17:26:48','2026-05-23 17:26:48'),(149,'Transfer Charges',1770.00,2,NULL,'2026-05-23','2026-05-23 18:04:16','2026-05-23 18:04:16'),(150,'Withdrawal Charges',2621.00,3,NULL,'2026-05-23','2026-05-24 06:45:55','2026-05-24 06:45:55'),(151,'Dp Financing',1420000.00,3,NULL,'2026-05-23','2026-05-24 07:09:55','2026-05-24 07:09:55'),(152,'Agents Commissions',360000.00,3,NULL,'2026-05-23','2026-05-24 07:10:25','2026-05-24 07:10:25'),(153,'Bundle Subscription',10500.00,3,NULL,'2026-05-24','2026-05-25 04:16:21','2026-05-25 04:16:21'),(154,'Scanner',150000.00,3,NULL,'2026-05-24','2026-05-25 04:19:16','2026-05-25 04:19:16'),(155,'Dp Financing',675000.00,3,NULL,'2026-05-24','2026-05-25 07:23:33','2026-05-25 07:23:33'),(156,'Agents Commissions',135000.00,3,NULL,'2026-05-24','2026-05-25 07:23:58','2026-05-25 07:23:58'),(157,'Voucher',2000.00,3,NULL,'2026-05-25','2026-05-25 11:25:35','2026-05-25 11:25:35'),(158,'Transfer Charges',1770.00,2,NULL,'2026-05-25','2026-05-25 11:53:44','2026-05-25 11:53:44'),(159,'Licence',3000000.00,2,NULL,'2026-05-25','2026-05-25 12:22:43','2026-05-25 12:22:43'),(160,'Withdrawal Charges',12875.00,2,NULL,'2026-05-25','2026-05-25 12:26:00','2026-05-25 12:26:00'),(161,'Transportation',25000.00,3,NULL,'2026-05-25','2026-05-25 16:40:01','2026-05-25 16:40:01'),(162,'Bad Debts',140000.00,3,NULL,'2026-05-25','2026-05-26 04:05:21','2026-05-26 04:05:21'),(163,'Dp Financing',2590000.00,3,NULL,'2026-05-25','2026-05-26 04:42:38','2026-05-26 04:42:38'),(164,'Agents Commissions',425000.00,3,NULL,'2026-05-25','2026-05-26 04:59:22','2026-05-26 04:59:22'),(165,'Licence',4000000.00,2,NULL,'2026-05-26','2026-05-26 08:26:24','2026-05-26 08:26:24'),(166,'Withdrawal Charges',14770.00,2,NULL,'2026-05-26','2026-05-26 08:27:38','2026-05-26 08:27:38'),(167,'Transportation',30000.00,3,NULL,'2026-05-26','2026-05-26 16:53:38','2026-05-26 16:53:38'),(168,'Agent Contract Fee',30000.00,3,NULL,'2026-05-26','2026-05-26 16:55:16','2026-05-26 16:55:16'),(169,'Dp Financing',1355000.00,3,NULL,'2026-05-26','2026-05-27 06:17:21','2026-05-27 06:17:21'),(170,'Agents Commissions',375000.00,3,NULL,'2026-05-26','2026-05-27 06:18:26','2026-05-27 06:18:26'),(171,'Dp Financing',580000.00,3,NULL,'2026-05-27','2026-05-28 04:08:18','2026-05-28 04:08:18'),(172,'Agents Commissions',165000.00,3,NULL,'2026-05-27','2026-05-28 04:08:42','2026-05-28 04:08:42'),(173,'Bundle Subscription',10500.00,3,NULL,'2026-05-28','2026-05-28 09:10:43','2026-05-28 09:10:43'),(174,'Licence',1500000.00,3,NULL,'2026-05-28','2026-05-28 13:36:39','2026-05-28 13:36:39'),(175,'Withdrawal Charges',6000.00,3,NULL,'2026-05-28','2026-05-28 13:42:21','2026-05-28 13:42:21');
/*!40000 ALTER TABLE `expenses` ENABLE KEYS */;
UNLOCK TABLES;

--
-- Table structure for table `failed_jobs`
--

DROP TABLE IF EXISTS `failed_jobs`;
/*!40101 SET @saved_cs_client     = @@character_set_client */;
/*!50503 SET character_set_client = utf8mb4 */;
CREATE TABLE `failed_jobs` (
  `id` bigint unsigned NOT NULL AUTO_INCREMENT,
  `uuid` varchar(191) NOT NULL,
  `connection` text NOT NULL,
  `queue` text NOT NULL,
  `payload` longtext NOT NULL,
  `exception` longtext NOT NULL,
  `failed_at` timestamp NOT NULL DEFAULT CURRENT_TIMESTAMP,
  PRIMARY KEY (`id`),
  UNIQUE KEY `failed_jobs_uuid_unique` (`uuid`)
) ENGINE=InnoDB DEFAULT CHARSET=latin1;
/*!40101 SET character_set_client = @saved_cs_client */;

--
-- Dumping data for table `failed_jobs`
--

LOCK TABLES `failed_jobs` WRITE;
/*!40000 ALTER TABLE `failed_jobs` DISABLE KEYS */;
/*!40000 ALTER TABLE `failed_jobs` ENABLE KEYS */;
UNLOCK TABLES;

--
-- Table structure for table `job_batches`
--

DROP TABLE IF EXISTS `job_batches`;
/*!40101 SET @saved_cs_client     = @@character_set_client */;
/*!50503 SET character_set_client = utf8mb4 */;
CREATE TABLE `job_batches` (
  `id` varchar(191) NOT NULL,
  `name` varchar(191) NOT NULL,
  `total_jobs` int NOT NULL,
  `pending_jobs` int NOT NULL,
  `failed_jobs` int NOT NULL,
  `failed_job_ids` longtext NOT NULL,
  `options` mediumtext,
  `cancelled_at` int DEFAULT NULL,
  `created_at` int NOT NULL,
  `finished_at` int DEFAULT NULL,
  PRIMARY KEY (`id`)
) ENGINE=InnoDB DEFAULT CHARSET=latin1;
/*!40101 SET character_set_client = @saved_cs_client */;

--
-- Dumping data for table `job_batches`
--

LOCK TABLES `job_batches` WRITE;
/*!40000 ALTER TABLE `job_batches` DISABLE KEYS */;
/*!40000 ALTER TABLE `job_batches` ENABLE KEYS */;
UNLOCK TABLES;

--
-- Table structure for table `jobs`
--

DROP TABLE IF EXISTS `jobs`;
/*!40101 SET @saved_cs_client     = @@character_set_client */;
/*!50503 SET character_set_client = utf8mb4 */;
CREATE TABLE `jobs` (
  `id` bigint unsigned NOT NULL AUTO_INCREMENT,
  `queue` varchar(191) NOT NULL,
  `payload` longtext NOT NULL,
  `attempts` tinyint unsigned NOT NULL,
  `reserved_at` int unsigned DEFAULT NULL,
  `available_at` int unsigned NOT NULL,
  `created_at` int unsigned NOT NULL,
  PRIMARY KEY (`id`),
  KEY `jobs_queue_index` (`queue`)
) ENGINE=InnoDB DEFAULT CHARSET=latin1;
/*!40101 SET character_set_client = @saved_cs_client */;

--
-- Dumping data for table `jobs`
--

LOCK TABLES `jobs` WRITE;
/*!40000 ALTER TABLE `jobs` DISABLE KEYS */;
/*!40000 ALTER TABLE `jobs` ENABLE KEYS */;
UNLOCK TABLES;

--
-- Table structure for table `migrations`
--

DROP TABLE IF EXISTS `migrations`;
/*!40101 SET @saved_cs_client     = @@character_set_client */;
/*!50503 SET character_set_client = utf8mb4 */;
CREATE TABLE `migrations` (
  `id` int unsigned NOT NULL AUTO_INCREMENT,
  `migration` varchar(255) NOT NULL,
  `batch` int NOT NULL,
  PRIMARY KEY (`id`)
) ENGINE=InnoDB AUTO_INCREMENT=86 DEFAULT CHARSET=latin1;
/*!40101 SET character_set_client = @saved_cs_client */;

--
-- Dumping data for table `migrations`
--

LOCK TABLES `migrations` WRITE;
/*!40000 ALTER TABLE `migrations` DISABLE KEYS */;
INSERT INTO `migrations` VALUES (1,'0001_01_01_000000_create_users_table',1),(2,'0001_01_01_000001_create_cache_table',1),(3,'0001_01_01_000002_create_jobs_table',1),(4,'2019_12_14_000001_create_personal_access_tokens_table',1),(5,'2026_01_19_190141_add_role_to_users_table',1),(6,'2026_01_19_193406_create_products_table',1),(7,'2026_01_19_194238_change_image_path_to_images_in_products_table',1),(8,'2026_01_19_201008_add_rating_to_products_table',1),(9,'2026_01_19_202047_create_carts_table',1),(10,'2026_01_19_202048_create_cart_items_table',1),(11,'2026_01_19_202050_create_orders_table',1),(12,'2026_01_19_202052_create_order_items_table',1),(13,'2026_01_19_213034_create_addresses_table',1),(14,'2026_01_19_214006_add_status_to_users_table',1),(15,'2026_01_19_221029_add_lat_long_to_addresses_table',1),(16,'2026_01_19_223246_add_address_id_to_orders_table',1),(17,'2026_01_21_193721_create_settings_table',1),(18,'2026_01_21_201717_create_selcompays_table',1),(19,'2026_01_25_161236_create_categories_table',1),(20,'2026_01_25_161244_add_category_id_to_products_table',1),(21,'2026_01_26_234744_add_image_to_categories_table',1),(22,'2026_01_27_000353_add_dealer_fields_to_users_table',1),(23,'2026_02_06_185855_create_stock_tables',1),(24,'2026_02_06_201700_add_how_did_you_hear_to_users_table',1),(25,'2026_02_08_000001_add_distribution_and_referrer_fields',1),(26,'2026_02_08_100000_create_agent_assignments_and_agent_id_on_agent_sales',1),(27,'2026_02_15_025930_create_expenses_table',1),(28,'2026_02_22_100000_create_stocks_table',1),(29,'2026_02_22_100001_create_product_list_table',1),(30,'2026_02_22_120000_add_stock_to_purchases_and_defaults_to_stocks',1),(31,'2026_02_24_100000_add_limit_status_sell_price_to_purchases',1),(32,'2026_02_24_100001_add_purchase_id_to_product_list',1),(33,'2026_02_24_120000_add_name_to_purchases',1),(34,'2026_02_27_190651_add_payment_receipt_image_to_purchases_table',1),(35,'2026_02_28_000000_add_payment_option_id_to_purchases_table',1),(36,'2026_03_05_170829_create_payment_options_table',1),(37,'2026_03_05_170830_create_purchase_payments_table',1),(38,'2026_03_05_170832_create_pending_sales_table',1),(39,'2026_03_05_170913_update_expenses_table_add_payment_option_id',1),(40,'2026_03_05_174410_add_pending_sale_id_to_product_list_table',1),(41,'2026_03_05_204623_add_opening_balance_to_payment_options_table',1),(42,'2026_03_07_000000_add_is_hidden_to_payment_options_table',1),(43,'2026_03_07_120000_add_payment_option_id_to_distribution_sales_table',1),(44,'2026_03_07_150000_make_expenses_cash_used_nullable',1),(45,'2026_03_11_194543_add_payment_option_id_to_agent_sales_table',1),(46,'2026_03_14_000001_add_payment_option_id_to_orders_table',1),(47,'2026_03_27_173750_create_branches_table_and_add_branch_id_to_purchases',1),(48,'2026_03_28_120000_ensure_payment_option_id_on_agent_sales_table',1),(49,'2026_03_28_140000_create_agent_credits_tables',1),(50,'2026_03_28_140001_ensure_agent_credit_payments_table',1),(51,'2026_03_28_200000_add_installment_interval_days_to_agent_credits',1),(52,'2026_03_28_210000_add_customer_phone_to_agent_credits',1),(53,'2026_03_29_100000_create_agent_product_list_assignments_table',1),(54,'2026_03_29_120000_extend_product_list_imei_number_length',1),(55,'2026_03_31_180000_create_vendors_table',1),(56,'2026_04_02_100000_create_agent_product_transfers_tables',1),(57,'2026_04_02_100001_add_branch_id_to_product_list_table',1),(58,'2026_04_02_100002_create_branch_transfer_logs_table',1),(59,'2026_04_05_120000_add_seller_id_to_pending_sales_table',1),(60,'2026_04_12_000001_create_distribution_sale_payments_table',1),(61,'2026_04_12_000002_create_customer_needs_table',1),(62,'2026_04_14_000001_add_customer_and_branch_to_customer_needs_table',1),(63,'2026_04_14_120000_add_branch_id_to_users_table',1),(64,'2026_04_18_100000_make_product_list_stock_id_nullable',1),(65,'2026_04_20_000001_add_payment_status_to_orders_table',1),(66,'2026_04_21_000000_create_payment_transfers_table',1),(67,'2026_04_21_000001_add_ability_to_users_table',1),(68,'2026_04_22_000100_create_subadmin_roles_and_permissions_tables',1),(69,'2026_04_22_000200_add_kin_details_to_agent_credits_table',1),(70,'2026_04_26_190000_rename_categories_to_brands_and_products_to_models',1),(71,'2026_04_26_201000_add_commission_paid_to_agent_credits_table',1),(72,'2026_04_26_220000_add_commission_expense_id_to_agent_credits_table',1),(73,'2026_04_27_172100_create_agent_product_list_assignments_if_missing',1),(74,'2026_04_27_172500_create_agent_product_transfers_if_missing',1),(75,'2026_05_05_000000_add_assignment_type_to_agent_assignments_table',2),(76,'2026_05_05_191500_add_purchase_id_to_agent_assignments_table',3),(77,'2026_04_30_120000_add_commission_expense_id_to_agent_sales_table',4),(78,'2026_05_15_120000_create_regions_table',4),(79,'2026_05_15_140000_add_region_regional_manager_notes_to_users_table',4),(80,'2026_05_15_160000_extend_selcompays_for_commission_payouts',4),(81,'2026_05_16_100000_add_team_leader_id_to_users_table',4),(82,'2026_05_16_120000_create_purchase_lines_add_note_to_purchases',4),(83,'2026_05_17_120000_add_buy_sell_profit_to_agent_credits_table',4),(84,'2026_05_17_140000_add_distribution_sale_id_to_product_list_table',4),(85,'2026_05_17_160000_add_is_passthrough_to_purchases_table',4);
/*!40000 ALTER TABLE `migrations` ENABLE KEYS */;
UNLOCK TABLES;

--
-- Table structure for table `models`
--

DROP TABLE IF EXISTS `models`;
/*!40101 SET @saved_cs_client     = @@character_set_client */;
/*!50503 SET character_set_client = utf8mb4 */;
CREATE TABLE `models` (
  `id` bigint unsigned NOT NULL AUTO_INCREMENT,
  `category_id` bigint unsigned DEFAULT NULL,
  `name` varchar(255) NOT NULL,
  `brand` varchar(255) NOT NULL DEFAULT 'Samsung',
  `price` decimal(10,2) NOT NULL,
  `rating` decimal(2,1) NOT NULL DEFAULT '5.0',
  `stock_quantity` int NOT NULL DEFAULT '0',
  `description` text,
  `images` json DEFAULT NULL,
  `created_at` timestamp NULL DEFAULT NULL,
  `updated_at` timestamp NULL DEFAULT NULL,
  PRIMARY KEY (`id`),
  KEY `products_category_id_foreign` (`category_id`),
  CONSTRAINT `products_category_id_foreign` FOREIGN KEY (`category_id`) REFERENCES `brands` (`id`) ON DELETE SET NULL
) ENGINE=InnoDB AUTO_INCREMENT=439 DEFAULT CHARSET=latin1;
/*!40101 SET character_set_client = @saved_cs_client */;

--
-- Dumping data for table `models`
--

LOCK TABLES `models` WRITE;
/*!40000 ALTER TABLE `models` DISABLE KEYS */;
INSERT INTO `models` VALUES (1,1,'Galaxy S20','Samsung',0.00,5.0,0,NULL,'[]','2026-04-27 23:41:16','2026-04-27 23:41:16'),(2,1,'Galaxy S20+','Samsung',0.00,5.0,0,NULL,'[]','2026-04-27 23:41:16','2026-04-27 23:41:16'),(3,1,'Galaxy S20 Ultra','Samsung',0.00,5.0,0,NULL,'[]','2026-04-27 23:41:16','2026-04-27 23:41:16'),(4,1,'Galaxy S20 FE','Samsung',0.00,5.0,0,NULL,'[]','2026-04-27 23:41:16','2026-04-27 23:41:16'),(5,1,'Galaxy S21','Samsung',0.00,5.0,0,NULL,'[]','2026-04-27 23:41:16','2026-04-27 23:41:16'),(6,1,'Galaxy S21+','Samsung',0.00,5.0,0,NULL,'[]','2026-04-27 23:41:16','2026-04-27 23:41:16'),(7,1,'Galaxy S21 Ultra','Samsung',0.00,5.0,0,NULL,'[]','2026-04-27 23:41:16','2026-04-27 23:41:16'),(8,1,'Galaxy S21 FE','Samsung',0.00,5.0,0,NULL,'[]','2026-04-27 23:41:16','2026-04-27 23:41:16'),(9,1,'Galaxy S22','Samsung',0.00,5.0,0,NULL,'[]','2026-04-27 23:41:16','2026-04-27 23:41:16'),(10,1,'Galaxy S22+','Samsung',0.00,5.0,0,NULL,'[]','2026-04-27 23:41:16','2026-04-27 23:41:16'),(11,1,'Galaxy S22 Ultra','Samsung',0.00,5.0,0,NULL,'[]','2026-04-27 23:41:16','2026-04-27 23:41:16'),(12,1,'Galaxy S23','Samsung',0.00,5.0,0,NULL,'[]','2026-04-27 23:41:16','2026-04-27 23:41:16'),(13,1,'Galaxy S23+','Samsung',0.00,5.0,0,NULL,'[]','2026-04-27 23:41:16','2026-04-27 23:41:16'),(14,1,'Galaxy S23 Ultra','Samsung',0.00,5.0,0,NULL,'[]','2026-04-27 23:41:16','2026-04-27 23:41:16'),(15,1,'Galaxy S23 FE','Samsung',0.00,5.0,0,NULL,'[]','2026-04-27 23:41:17','2026-04-27 23:41:17'),(16,1,'Galaxy S24','Samsung',0.00,5.0,0,NULL,'[]','2026-04-27 23:41:17','2026-04-27 23:41:17'),(17,1,'Galaxy S24+','Samsung',0.00,5.0,0,NULL,'[]','2026-04-27 23:41:17','2026-04-27 23:41:17'),(18,1,'Galaxy S24 Ultra','Samsung',0.00,5.0,0,NULL,'[]','2026-04-27 23:41:17','2026-04-27 23:41:17'),(19,1,'Galaxy S24 FE','Samsung',0.00,5.0,0,NULL,'[]','2026-04-27 23:41:17','2026-04-27 23:41:17'),(20,1,'Galaxy S25','Samsung',0.00,5.0,0,NULL,'[]','2026-04-27 23:41:17','2026-04-27 23:41:17'),(21,1,'Galaxy S25+','Samsung',0.00,5.0,0,NULL,'[]','2026-04-27 23:41:17','2026-04-27 23:41:17'),(22,1,'Galaxy S25 Ultra','Samsung',0.00,5.0,0,NULL,'[]','2026-04-27 23:41:17','2026-04-27 23:41:17'),(23,1,'Galaxy S26','Samsung',0.00,5.0,0,NULL,'[]','2026-04-27 23:41:17','2026-04-27 23:41:17'),(24,1,'Galaxy S26+','Samsung',0.00,5.0,0,NULL,'[]','2026-04-27 23:41:17','2026-04-27 23:41:17'),(25,1,'Galaxy S26 Ultra','Samsung',0.00,5.0,0,NULL,'[]','2026-04-27 23:41:17','2026-04-27 23:41:17'),(26,1,'Galaxy Note 20','Samsung',0.00,5.0,0,NULL,'[]','2026-04-27 23:41:17','2026-04-27 23:41:17'),(27,1,'Galaxy Note 20 Ultra','Samsung',0.00,5.0,0,NULL,'[]','2026-04-27 23:41:17','2026-04-27 23:41:17'),(28,1,'Galaxy Z Flip','Samsung',0.00,5.0,0,NULL,'[]','2026-04-27 23:41:17','2026-04-27 23:41:17'),(29,1,'Galaxy Z Flip 5G','Samsung',0.00,5.0,0,NULL,'[]','2026-04-27 23:41:17','2026-04-27 23:41:17'),(30,1,'Galaxy Z Fold 2','Samsung',0.00,5.0,0,NULL,'[]','2026-04-27 23:41:17','2026-04-27 23:41:17'),(31,1,'Galaxy Z Fold 3','Samsung',0.00,5.0,0,NULL,'[]','2026-04-27 23:41:17','2026-04-27 23:41:17'),(32,1,'Galaxy Z Flip 3','Samsung',0.00,5.0,0,NULL,'[]','2026-04-27 23:41:17','2026-04-27 23:41:17'),(33,1,'Galaxy Z Fold 4','Samsung',0.00,5.0,0,NULL,'[]','2026-04-27 23:41:17','2026-04-27 23:41:17'),(34,1,'Galaxy Z Flip 4','Samsung',0.00,5.0,0,NULL,'[]','2026-04-27 23:41:17','2026-04-27 23:41:17'),(35,1,'Galaxy Z Fold 5','Samsung',0.00,5.0,0,NULL,'[]','2026-04-27 23:41:17','2026-04-27 23:41:17'),(36,1,'Galaxy Z Flip 5','Samsung',0.00,5.0,0,NULL,'[]','2026-04-27 23:41:17','2026-04-27 23:41:17'),(37,1,'Galaxy Z Fold 6','Samsung',0.00,5.0,0,NULL,'[]','2026-04-27 23:41:17','2026-04-27 23:41:17'),(38,1,'Galaxy Z Flip 6','Samsung',0.00,5.0,0,NULL,'[]','2026-04-27 23:41:17','2026-04-27 23:41:17'),(39,1,'Galaxy Z Fold 7','Samsung',0.00,5.0,0,NULL,'[]','2026-04-27 23:41:17','2026-04-27 23:41:17'),(40,1,'Galaxy Z Flip 7','Samsung',0.00,5.0,0,NULL,'[]','2026-04-27 23:41:17','2026-04-27 23:41:17'),(41,1,'Galaxy Z Flip 7 FE','Samsung',0.00,5.0,0,NULL,'[]','2026-04-27 23:41:17','2026-04-27 23:41:17'),(42,1,'Galaxy Z TriFold','Samsung',0.00,5.0,0,NULL,'[]','2026-04-27 23:41:17','2026-04-27 23:41:17'),(43,1,'Galaxy A01','Samsung',0.00,5.0,0,NULL,'[]','2026-04-27 23:41:17','2026-04-27 23:41:17'),(44,1,'Galaxy A01 Core','Samsung',0.00,5.0,0,NULL,'[]','2026-04-27 23:41:17','2026-04-27 23:41:17'),(45,1,'Galaxy A11','Samsung',0.00,5.0,0,NULL,'[]','2026-04-27 23:41:17','2026-04-27 23:41:17'),(46,1,'Galaxy A21','Samsung',0.00,5.0,0,NULL,'[]','2026-04-27 23:41:17','2026-04-27 23:41:17'),(47,1,'Galaxy A21s','Samsung',0.00,5.0,0,NULL,'[]','2026-04-27 23:41:17','2026-04-27 23:41:17'),(48,1,'Galaxy A31','Samsung',0.00,5.0,0,NULL,'[]','2026-04-27 23:41:17','2026-04-27 23:41:17'),(49,1,'Galaxy A41','Samsung',0.00,5.0,0,NULL,'[]','2026-04-27 23:41:17','2026-04-27 23:41:17'),(50,1,'Galaxy A51 5G','Samsung',0.00,5.0,0,NULL,'[]','2026-04-27 23:41:17','2026-04-27 23:41:17'),(51,1,'Galaxy A51 5G UW','Samsung',0.00,5.0,0,NULL,'[]','2026-04-27 23:41:17','2026-04-27 23:41:17'),(52,1,'Galaxy A71','Samsung',0.00,5.0,0,NULL,'[]','2026-04-27 23:41:17','2026-04-27 23:41:17'),(53,1,'Galaxy A71 5G','Samsung',0.00,5.0,0,NULL,'[]','2026-04-27 23:41:17','2026-04-27 23:41:17'),(54,1,'Galaxy A71 5G UW','Samsung',0.00,5.0,0,NULL,'[]','2026-04-27 23:41:17','2026-04-27 23:41:17'),(55,1,'Galaxy A42 5G','Samsung',0.00,5.0,0,NULL,'[]','2026-04-27 23:41:17','2026-04-27 23:41:17'),(56,1,'Galaxy A12','Samsung',0.00,5.0,0,NULL,'[]','2026-04-27 23:41:17','2026-04-27 23:41:17'),(57,1,'Galaxy A Quantum','Samsung',0.00,5.0,0,NULL,'[]','2026-04-27 23:41:17','2026-04-27 23:41:17'),(58,1,'Galaxy A02','Samsung',0.00,5.0,0,NULL,'[]','2026-04-27 23:41:17','2026-04-27 23:41:17'),(59,1,'Galaxy A02s','Samsung',0.00,5.0,0,NULL,'[]','2026-04-27 23:41:17','2026-04-27 23:41:17'),(60,1,'Galaxy A03','Samsung',0.00,5.0,0,NULL,'[]','2026-04-27 23:41:17','2026-04-27 23:41:17'),(61,1,'Galaxy A03s','Samsung',0.00,5.0,0,NULL,'[]','2026-04-27 23:41:17','2026-04-27 23:41:17'),(62,1,'Galaxy A03 Core','Samsung',0.00,5.0,0,NULL,'[]','2026-04-27 23:41:17','2026-04-27 23:41:17'),(63,1,'Galaxy A12 Nacho','Samsung',0.00,5.0,0,NULL,'[]','2026-04-27 23:41:17','2026-04-27 23:41:17'),(64,1,'Galaxy A13 5G','Samsung',0.00,5.0,0,NULL,'[]','2026-04-27 23:41:17','2026-04-27 23:41:17'),(65,1,'Galaxy A22 4G','Samsung',0.00,5.0,0,NULL,'[]','2026-04-27 23:41:17','2026-04-27 23:41:17'),(66,1,'Galaxy A22 5G','Samsung',0.00,5.0,0,NULL,'[]','2026-04-27 23:41:17','2026-04-27 23:41:17'),(67,1,'Galaxy A32 4G','Samsung',0.00,5.0,0,NULL,'[]','2026-04-27 23:41:17','2026-04-27 23:41:17'),(68,1,'Galaxy A32 5G','Samsung',0.00,5.0,0,NULL,'[]','2026-04-27 23:41:17','2026-04-27 23:41:17'),(69,1,'Galaxy A52 4G','Samsung',0.00,5.0,0,NULL,'[]','2026-04-27 23:41:17','2026-04-27 23:41:17'),(70,1,'Galaxy A52 5G','Samsung',0.00,5.0,0,NULL,'[]','2026-04-27 23:41:17','2026-04-27 23:41:17'),(71,1,'Galaxy A52s 5G','Samsung',0.00,5.0,0,NULL,'[]','2026-04-27 23:41:17','2026-04-27 23:41:17'),(72,1,'Galaxy A72','Samsung',0.00,5.0,0,NULL,'[]','2026-04-27 23:41:17','2026-04-27 23:41:17'),(73,1,'Galaxy A04','Samsung',0.00,5.0,0,NULL,'[]','2026-04-27 23:41:17','2026-04-27 23:41:17'),(74,1,'Galaxy A04e','Samsung',0.00,5.0,0,NULL,'[]','2026-04-27 23:41:17','2026-04-27 23:41:17'),(75,1,'Galaxy A04s','Samsung',0.00,5.0,0,NULL,'[]','2026-04-27 23:41:17','2026-04-27 23:41:17'),(76,1,'Galaxy A13 4G','Samsung',0.00,5.0,0,NULL,'[]','2026-04-27 23:41:17','2026-04-27 23:41:17'),(77,1,'Galaxy A23','Samsung',0.00,5.0,0,NULL,'[]','2026-04-27 23:41:17','2026-04-27 23:41:17'),(78,1,'Galaxy A23 5G','Samsung',0.00,5.0,0,NULL,'[]','2026-04-27 23:41:17','2026-04-27 23:41:17'),(79,1,'Galaxy A33 5G','Samsung',0.00,5.0,0,NULL,'[]','2026-04-27 23:41:17','2026-04-27 23:41:17'),(80,1,'Galaxy A53 5G','Samsung',0.00,5.0,0,NULL,'[]','2026-04-27 23:41:17','2026-04-27 23:41:17'),(81,1,'Galaxy A73 5G','Samsung',0.00,5.0,0,NULL,'[]','2026-04-27 23:41:17','2026-04-27 23:41:17'),(82,1,'Galaxy A14 4G','Samsung',0.00,5.0,0,NULL,'[]','2026-04-27 23:41:17','2026-04-27 23:41:17'),(83,1,'Galaxy A14 5G','Samsung',0.00,5.0,0,NULL,'[]','2026-04-27 23:41:17','2026-04-27 23:41:17'),(84,1,'Galaxy A24 4G','Samsung',0.00,5.0,0,NULL,'[]','2026-04-27 23:41:17','2026-04-27 23:41:17'),(85,1,'Galaxy A24 5G','Samsung',0.00,5.0,0,NULL,'[]','2026-04-27 23:41:17','2026-04-27 23:41:17'),(86,1,'Galaxy A34 5G','Samsung',0.00,5.0,0,NULL,'[]','2026-04-27 23:41:17','2026-04-27 23:41:17'),(87,1,'Galaxy A54 5G','Samsung',0.00,5.0,0,NULL,'[]','2026-04-27 23:41:17','2026-04-27 23:41:17'),(88,1,'Galaxy A05','Samsung',330000.00,5.0,31,NULL,'[]','2026-04-27 23:41:17','2026-05-04 09:53:56'),(89,1,'Galaxy A05s','Samsung',270000.00,5.0,2,NULL,'[]','2026-04-27 23:41:17','2026-05-28 11:09:26'),(90,1,'Galaxy A15','Samsung',0.00,5.0,0,NULL,'[]','2026-04-27 23:41:17','2026-04-27 23:41:17'),(91,1,'Galaxy A16','Samsung',0.00,5.0,0,NULL,'[]','2026-04-27 23:41:17','2026-05-19 15:40:18'),(92,1,'Galaxy A25 5G','Samsung',0.00,5.0,0,NULL,'[]','2026-04-27 23:41:17','2026-04-27 23:41:17'),(93,1,'Galaxy A35 5G','Samsung',0.00,5.0,0,NULL,'[]','2026-04-27 23:41:17','2026-04-27 23:41:17'),(94,1,'Galaxy A55 5G','Samsung',0.00,5.0,0,NULL,'[]','2026-04-27 23:41:17','2026-04-27 23:41:17'),(95,1,'Galaxy A06 64GB/4GB','Samsung',220000.00,5.0,0,NULL,'[]','2026-04-27 23:41:17','2026-05-26 17:10:37'),(96,1,'Galaxy A26 5G','Samsung',0.00,5.0,0,NULL,'[]','2026-04-27 23:41:17','2026-04-27 23:41:17'),(97,1,'Galaxy A36 5G','Samsung',0.00,5.0,0,NULL,'[]','2026-04-27 23:41:17','2026-04-27 23:41:17'),(98,1,'Galaxy A56 5G','Samsung',0.00,5.0,0,NULL,'[]','2026-04-27 23:41:17','2026-04-27 23:41:17'),(99,1,'Galaxy M01','Samsung',0.00,5.0,0,NULL,'[]','2026-04-27 23:41:17','2026-04-27 23:41:17'),(100,1,'Galaxy M11','Samsung',0.00,5.0,0,NULL,'[]','2026-04-27 23:41:17','2026-04-27 23:41:17'),(101,1,'Galaxy M21','Samsung',0.00,5.0,0,NULL,'[]','2026-04-27 23:41:17','2026-04-27 23:41:17'),(102,1,'Galaxy M31','Samsung',0.00,5.0,0,NULL,'[]','2026-04-27 23:41:17','2026-04-27 23:41:17'),(103,1,'Galaxy M51','Samsung',0.00,5.0,0,NULL,'[]','2026-04-27 23:41:17','2026-04-27 23:41:17'),(104,1,'Galaxy M02','Samsung',0.00,5.0,0,NULL,'[]','2026-04-27 23:41:17','2026-04-27 23:41:17'),(105,1,'Galaxy M12','Samsung',0.00,5.0,0,NULL,'[]','2026-04-27 23:41:18','2026-04-27 23:41:18'),(106,1,'Galaxy M22','Samsung',0.00,5.0,0,NULL,'[]','2026-04-27 23:41:18','2026-04-27 23:41:18'),(107,1,'Galaxy M32','Samsung',0.00,5.0,0,NULL,'[]','2026-04-27 23:41:18','2026-04-27 23:41:18'),(108,1,'Galaxy M52 5G','Samsung',0.00,5.0,0,NULL,'[]','2026-04-27 23:41:18','2026-04-27 23:41:18'),(109,1,'Galaxy M13','Samsung',0.00,5.0,0,NULL,'[]','2026-04-27 23:41:18','2026-04-27 23:41:18'),(110,1,'Galaxy M23 5G','Samsung',0.00,5.0,0,NULL,'[]','2026-04-27 23:41:18','2026-04-27 23:41:18'),(111,1,'Galaxy M33 5G','Samsung',0.00,5.0,0,NULL,'[]','2026-04-27 23:41:18','2026-04-27 23:41:18'),(112,1,'Galaxy M53 5G','Samsung',0.00,5.0,0,NULL,'[]','2026-04-27 23:41:18','2026-04-27 23:41:18'),(113,1,'Galaxy M14 5G','Samsung',0.00,5.0,0,NULL,'[]','2026-04-27 23:41:18','2026-04-27 23:41:18'),(114,1,'Galaxy M34 5G','Samsung',0.00,5.0,0,NULL,'[]','2026-04-27 23:41:18','2026-04-27 23:41:18'),(115,1,'Galaxy M54 5G','Samsung',0.00,5.0,0,NULL,'[]','2026-04-27 23:41:18','2026-04-27 23:41:18'),(116,1,'Galaxy M15 5G','Samsung',0.00,5.0,0,NULL,'[]','2026-04-27 23:41:18','2026-04-27 23:41:18'),(117,1,'Galaxy M35 5G','Samsung',0.00,5.0,0,NULL,'[]','2026-04-27 23:41:18','2026-04-27 23:41:18'),(118,1,'Galaxy M55 5G','Samsung',0.00,5.0,0,NULL,'[]','2026-04-27 23:41:18','2026-04-27 23:41:18'),(119,1,'Galaxy F41','Samsung',0.00,5.0,0,NULL,'[]','2026-04-27 23:41:18','2026-04-27 23:41:18'),(120,1,'Galaxy F62','Samsung',0.00,5.0,0,NULL,'[]','2026-04-27 23:41:18','2026-04-27 23:41:18'),(121,1,'Galaxy F23 5G','Samsung',0.00,5.0,0,NULL,'[]','2026-04-27 23:41:18','2026-04-27 23:41:18'),(122,1,'Galaxy F54 5G','Samsung',0.00,5.0,0,NULL,'[]','2026-04-27 23:41:18','2026-04-27 23:41:18'),(123,1,'Galaxy F55 5G','Samsung',0.00,5.0,0,NULL,'[]','2026-04-27 23:41:18','2026-04-27 23:41:18'),(124,1,'Galaxy Tab S6 Lite','Samsung',0.00,5.0,0,NULL,'[]','2026-04-27 23:41:18','2026-04-27 23:41:18'),(125,1,'Galaxy Tab S7','Samsung',0.00,5.0,0,NULL,'[]','2026-04-27 23:41:18','2026-04-27 23:41:18'),(126,1,'Galaxy Tab S7+','Samsung',0.00,5.0,0,NULL,'[]','2026-04-27 23:41:18','2026-04-27 23:41:18'),(127,1,'Galaxy Tab S7 FE','Samsung',0.00,5.0,0,NULL,'[]','2026-04-27 23:41:18','2026-04-27 23:41:18'),(128,1,'Galaxy Tab A7','Samsung',0.00,5.0,0,NULL,'[]','2026-04-27 23:41:18','2026-04-27 23:41:18'),(129,1,'Galaxy Tab A7 Lite','Samsung',0.00,5.0,0,NULL,'[]','2026-04-27 23:41:18','2026-04-27 23:41:18'),(130,1,'Galaxy Tab S8','Samsung',0.00,5.0,0,NULL,'[]','2026-04-27 23:41:18','2026-04-27 23:41:18'),(131,1,'Galaxy Tab S8+','Samsung',0.00,5.0,0,NULL,'[]','2026-04-27 23:41:18','2026-04-27 23:41:18'),(132,1,'Galaxy Tab S8 Ultra','Samsung',0.00,5.0,0,NULL,'[]','2026-04-27 23:41:18','2026-04-27 23:41:18'),(133,1,'Galaxy Tab S9','Samsung',0.00,5.0,0,NULL,'[]','2026-04-27 23:41:18','2026-04-27 23:41:18'),(134,1,'Galaxy Tab S9+','Samsung',0.00,5.0,0,NULL,'[]','2026-04-27 23:41:18','2026-04-27 23:41:18'),(135,1,'Galaxy Tab S9 Ultra','Samsung',0.00,5.0,0,NULL,'[]','2026-04-27 23:41:18','2026-04-27 23:41:18'),(136,1,'Galaxy Tab S9 FE','Samsung',0.00,5.0,0,NULL,'[]','2026-04-27 23:41:18','2026-04-27 23:41:18'),(137,1,'Galaxy Tab S10','Samsung',0.00,5.0,0,NULL,'[]','2026-04-27 23:41:18','2026-04-27 23:41:18'),(138,1,'Galaxy Tab S10+','Samsung',0.00,5.0,0,NULL,'[]','2026-04-27 23:41:18','2026-04-27 23:41:18'),(139,1,'Galaxy Tab S10 Ultra','Samsung',0.00,5.0,0,NULL,'[]','2026-04-27 23:41:18','2026-04-27 23:41:18'),(140,1,'Galaxy Tab S10 FE','Samsung',0.00,5.0,0,NULL,'[]','2026-04-27 23:41:18','2026-04-27 23:41:18'),(141,1,'Galaxy Tab S10 Edge','Samsung',0.00,5.0,0,NULL,'[]','2026-04-27 23:41:18','2026-04-27 23:41:18'),(142,1,'Galaxy Watch 3','Samsung',0.00,5.0,0,NULL,'[]','2026-04-27 23:41:18','2026-04-27 23:41:18'),(143,1,'Galaxy Watch Active2','Samsung',0.00,5.0,0,NULL,'[]','2026-04-27 23:41:18','2026-04-27 23:41:18'),(144,1,'Galaxy Watch 4','Samsung',0.00,5.0,0,NULL,'[]','2026-04-27 23:41:18','2026-04-27 23:41:18'),(145,1,'Galaxy Watch 4 Classic','Samsung',0.00,5.0,0,NULL,'[]','2026-04-27 23:41:18','2026-04-27 23:41:18'),(146,1,'Galaxy Watch 5','Samsung',0.00,5.0,0,NULL,'[]','2026-04-27 23:41:18','2026-04-27 23:41:18'),(147,1,'Galaxy Watch 5 Pro','Samsung',0.00,5.0,0,NULL,'[]','2026-04-27 23:41:18','2026-04-27 23:41:18'),(148,1,'Galaxy Watch 6','Samsung',0.00,5.0,0,NULL,'[]','2026-04-27 23:41:18','2026-04-27 23:41:18'),(149,1,'Galaxy Watch 6 Classic','Samsung',0.00,5.0,0,NULL,'[]','2026-04-27 23:41:18','2026-04-27 23:41:18'),(150,1,'Galaxy Watch 7','Samsung',0.00,5.0,0,NULL,'[]','2026-04-27 23:41:18','2026-04-27 23:41:18'),(151,1,'Galaxy Watch Ultra','Samsung',0.00,5.0,0,NULL,'[]','2026-04-27 23:41:18','2026-04-27 23:41:18'),(152,1,'Galaxy Watch 8','Samsung',0.00,5.0,0,NULL,'[]','2026-04-27 23:41:18','2026-04-27 23:41:18'),(153,1,'Galaxy Watch 8 Classic','Samsung',0.00,5.0,0,NULL,'[]','2026-04-27 23:41:18','2026-04-27 23:41:18'),(154,1,'Galaxy Watch 8 Ultra','Samsung',0.00,5.0,0,NULL,'[]','2026-04-27 23:41:18','2026-04-27 23:41:18'),(155,2,'iPhone 12 mini','iPhone',0.00,5.0,0,NULL,'[]','2026-04-27 23:41:18','2026-04-27 23:41:18'),(156,2,'iPhone 12','iPhone',0.00,5.0,0,NULL,'[]','2026-04-27 23:41:18','2026-04-27 23:41:18'),(157,2,'iPhone 12 Pro','iPhone',0.00,5.0,0,NULL,'[]','2026-04-27 23:41:18','2026-04-27 23:41:18'),(158,2,'iPhone 12 Pro Max','iPhone',0.00,5.0,0,NULL,'[]','2026-04-27 23:41:18','2026-04-27 23:41:18'),(159,2,'iPhone 13 mini','iPhone',0.00,5.0,0,NULL,'[]','2026-04-27 23:41:18','2026-04-27 23:41:18'),(160,2,'iPhone 13','iPhone',0.00,5.0,0,NULL,'[]','2026-04-27 23:41:18','2026-04-27 23:41:18'),(161,2,'iPhone 13 Pro','iPhone',0.00,5.0,0,NULL,'[]','2026-04-27 23:41:18','2026-04-27 23:41:18'),(162,2,'iPhone 13 Pro Max','iPhone',0.00,5.0,0,NULL,'[]','2026-04-27 23:41:18','2026-04-27 23:41:18'),(163,2,'iPhone SE (3rd generation)','iPhone',0.00,5.0,0,NULL,'[]','2026-04-27 23:41:18','2026-04-27 23:41:18'),(164,2,'iPhone 14','iPhone',0.00,5.0,0,NULL,'[]','2026-04-27 23:41:18','2026-04-27 23:41:18'),(165,2,'iPhone 14 Plus','iPhone',0.00,5.0,0,NULL,'[]','2026-04-27 23:41:18','2026-04-27 23:41:18'),(166,2,'iPhone 14 Pro','iPhone',0.00,5.0,0,NULL,'[]','2026-04-27 23:41:18','2026-04-27 23:41:18'),(167,2,'iPhone 14 Pro Max','iPhone',0.00,5.0,0,NULL,'[]','2026-04-27 23:41:18','2026-04-27 23:41:18'),(168,2,'iPhone 15','iPhone',0.00,5.0,0,NULL,'[]','2026-04-27 23:41:18','2026-04-27 23:41:18'),(169,2,'iPhone 15 Plus','iPhone',0.00,5.0,0,NULL,'[]','2026-04-27 23:41:18','2026-04-27 23:41:18'),(170,2,'iPhone 15 Pro','iPhone',0.00,5.0,0,NULL,'[]','2026-04-27 23:41:18','2026-04-27 23:41:18'),(171,2,'iPhone 15 Pro Max','iPhone',0.00,5.0,0,NULL,'[]','2026-04-27 23:41:18','2026-04-27 23:41:18'),(172,2,'iPhone 16','iPhone',0.00,5.0,0,NULL,'[]','2026-04-27 23:41:18','2026-04-27 23:41:18'),(173,2,'iPhone 16 Plus','iPhone',0.00,5.0,0,NULL,'[]','2026-04-27 23:41:18','2026-04-27 23:41:18'),(174,2,'iPhone 16 Pro','iPhone',0.00,5.0,0,NULL,'[]','2026-04-27 23:41:18','2026-04-27 23:41:18'),(175,2,'iPhone 16 Pro Max','iPhone',0.00,5.0,0,NULL,'[]','2026-04-27 23:41:18','2026-04-27 23:41:18'),(176,2,'iPhone 17','iPhone',0.00,5.0,0,NULL,'[]','2026-04-27 23:41:18','2026-04-27 23:41:18'),(177,2,'iPhone 17 Air','iPhone',0.00,5.0,0,NULL,'[]','2026-04-27 23:41:18','2026-04-27 23:41:18'),(178,2,'iPhone 17 Pro','iPhone',0.00,5.0,0,NULL,'[]','2026-04-27 23:41:18','2026-04-27 23:41:18'),(179,2,'iPhone 17 Pro Max','iPhone',0.00,5.0,0,NULL,'[]','2026-04-27 23:41:18','2026-04-27 23:41:18'),(180,2,'iPhone 17e','iPhone',0.00,5.0,0,NULL,'[]','2026-04-27 23:41:18','2026-04-27 23:41:18'),(181,3,'Camon 15','Tecno',0.00,5.0,0,NULL,'[]','2026-04-27 23:41:18','2026-04-27 23:41:18'),(182,3,'Camon 15 Premier','Tecno',0.00,5.0,0,NULL,'[]','2026-04-27 23:41:18','2026-04-27 23:41:18'),(183,3,'Spark 5','Tecno',0.00,5.0,0,NULL,'[]','2026-04-27 23:41:18','2026-04-27 23:41:18'),(184,3,'Spark 5 Pro','Tecno',0.00,5.0,0,NULL,'[]','2026-04-27 23:41:18','2026-04-27 23:41:18'),(185,3,'Spark 5 Air','Tecno',0.00,5.0,0,NULL,'[]','2026-04-27 23:41:18','2026-04-27 23:41:18'),(186,3,'Spark Go 2020','Tecno',0.00,5.0,0,NULL,'[]','2026-04-27 23:41:18','2026-04-27 23:41:18'),(187,3,'Pova','Tecno',0.00,5.0,0,NULL,'[]','2026-04-27 23:41:18','2026-04-27 23:41:18'),(188,3,'Pop 4','Tecno',0.00,5.0,0,NULL,'[]','2026-04-27 23:41:18','2026-04-27 23:41:18'),(189,3,'Pop 4 Pro','Tecno',0.00,5.0,0,NULL,'[]','2026-04-27 23:41:18','2026-04-27 23:41:18'),(190,3,'Pop 4 LTE','Tecno',0.00,5.0,0,NULL,'[]','2026-04-27 23:41:18','2026-04-27 23:41:18'),(191,3,'Spark 6','Tecno',0.00,5.0,0,NULL,'[]','2026-04-27 23:41:18','2026-04-27 23:41:18'),(192,3,'Spark 6 Go','Tecno',0.00,5.0,0,NULL,'[]','2026-04-27 23:41:18','2026-04-27 23:41:18'),(193,3,'Spark 6 Air','Tecno',0.00,5.0,0,NULL,'[]','2026-04-27 23:41:19','2026-04-27 23:41:19'),(194,3,'Camon 16','Tecno',0.00,5.0,0,NULL,'[]','2026-04-27 23:41:19','2026-04-27 23:41:19'),(195,3,'Camon 16 Premier','Tecno',0.00,5.0,0,NULL,'[]','2026-04-27 23:41:19','2026-04-27 23:41:19'),(196,3,'Camon 16 SE','Tecno',0.00,5.0,0,NULL,'[]','2026-04-27 23:41:19','2026-04-27 23:41:19'),(197,3,'Spark 7','Tecno',0.00,5.0,0,NULL,'[]','2026-04-27 23:41:19','2026-04-27 23:41:19'),(198,3,'Spark 7 Pro','Tecno',0.00,5.0,0,NULL,'[]','2026-04-27 23:41:19','2026-04-27 23:41:19'),(199,3,'Spark 7T','Tecno',0.00,5.0,0,NULL,'[]','2026-04-27 23:41:19','2026-04-27 23:41:19'),(200,3,'Spark 7P','Tecno',0.00,5.0,0,NULL,'[]','2026-04-27 23:41:19','2026-04-27 23:41:19'),(201,3,'Pova 2','Tecno',0.00,5.0,0,NULL,'[]','2026-04-27 23:41:19','2026-04-27 23:41:19'),(202,3,'Pop 5','Tecno',0.00,5.0,0,NULL,'[]','2026-04-27 23:41:19','2026-04-27 23:41:19'),(203,3,'Pop 5 Go','Tecno',0.00,5.0,0,NULL,'[]','2026-04-27 23:41:19','2026-04-27 23:41:19'),(204,3,'Pop 5 LTE','Tecno',0.00,5.0,0,NULL,'[]','2026-04-27 23:41:19','2026-04-27 23:41:19'),(205,3,'Pop 5 Pro','Tecno',0.00,5.0,0,NULL,'[]','2026-04-27 23:41:19','2026-04-27 23:41:19'),(206,3,'Phantom X','Tecno',0.00,5.0,0,NULL,'[]','2026-04-27 23:41:19','2026-04-27 23:41:19'),(207,3,'Camon 17','Tecno',0.00,5.0,0,NULL,'[]','2026-04-27 23:41:19','2026-04-27 23:41:19'),(208,3,'Camon 17 Pro','Tecno',0.00,5.0,0,NULL,'[]','2026-04-27 23:41:19','2026-04-27 23:41:19'),(209,3,'Camon 17P','Tecno',0.00,5.0,0,NULL,'[]','2026-04-27 23:41:19','2026-04-27 23:41:19'),(210,3,'Spark 8','Tecno',0.00,5.0,0,NULL,'[]','2026-04-27 23:41:19','2026-04-27 23:41:19'),(211,3,'Spark 8 Pro','Tecno',0.00,5.0,0,NULL,'[]','2026-04-27 23:41:19','2026-04-27 23:41:19'),(212,3,'Spark 8C','Tecno',0.00,5.0,0,NULL,'[]','2026-04-27 23:41:19','2026-04-27 23:41:19'),(213,3,'Spark 8T','Tecno',0.00,5.0,0,NULL,'[]','2026-04-27 23:41:19','2026-04-27 23:41:19'),(214,3,'Spark 8P','Tecno',0.00,5.0,0,NULL,'[]','2026-04-27 23:41:19','2026-04-27 23:41:19'),(215,3,'Pova 3','Tecno',0.00,5.0,0,NULL,'[]','2026-04-27 23:41:19','2026-04-27 23:41:19'),(216,3,'Pop 6','Tecno',0.00,5.0,0,NULL,'[]','2026-04-27 23:41:19','2026-04-27 23:41:19'),(217,3,'Pop 6 Go','Tecno',0.00,5.0,0,NULL,'[]','2026-04-27 23:41:19','2026-04-27 23:41:19'),(218,3,'Pop 6 Pro','Tecno',0.00,5.0,0,NULL,'[]','2026-04-27 23:41:19','2026-04-27 23:41:19'),(219,3,'Phantom X2','Tecno',0.00,5.0,0,NULL,'[]','2026-04-27 23:41:19','2026-04-27 23:41:19'),(220,3,'Phantom X2 Pro','Tecno',0.00,5.0,0,NULL,'[]','2026-04-27 23:41:19','2026-04-27 23:41:19'),(221,3,'Camon 19','Tecno',0.00,5.0,0,NULL,'[]','2026-04-27 23:41:19','2026-04-27 23:41:19'),(222,3,'Camon 19 Pro','Tecno',0.00,5.0,0,NULL,'[]','2026-04-27 23:41:19','2026-04-27 23:41:19'),(223,3,'Camon 19 Neo','Tecno',0.00,5.0,0,NULL,'[]','2026-04-27 23:41:19','2026-04-27 23:41:19'),(224,3,'Camon 19 Pro 5G','Tecno',0.00,5.0,0,NULL,'[]','2026-04-27 23:41:19','2026-04-27 23:41:19'),(225,3,'Spark 9','Tecno',0.00,5.0,0,NULL,'[]','2026-04-27 23:41:19','2026-04-27 23:41:19'),(226,3,'Spark 9 Pro','Tecno',0.00,5.0,0,NULL,'[]','2026-04-27 23:41:19','2026-04-27 23:41:19'),(227,3,'Spark 9T','Tecno',0.00,5.0,0,NULL,'[]','2026-04-27 23:41:19','2026-04-27 23:41:19'),(228,3,'Spark 9 Star','Tecno',0.00,5.0,0,NULL,'[]','2026-04-27 23:41:19','2026-04-27 23:41:19'),(229,3,'Pova 4','Tecno',0.00,5.0,0,NULL,'[]','2026-04-27 23:41:19','2026-04-27 23:41:19'),(230,3,'Pova 4 Pro','Tecno',0.00,5.0,0,NULL,'[]','2026-04-27 23:41:19','2026-04-27 23:41:19'),(231,3,'Pop 7','Tecno',0.00,5.0,0,NULL,'[]','2026-04-27 23:41:19','2026-04-27 23:41:19'),(232,3,'Pop 7 Pro','Tecno',0.00,5.0,0,NULL,'[]','2026-04-27 23:41:19','2026-04-27 23:41:19'),(233,3,'Phantom V Fold','Tecno',0.00,5.0,0,NULL,'[]','2026-04-27 23:41:19','2026-04-27 23:41:19'),(234,3,'Phantom V Flip','Tecno',0.00,5.0,0,NULL,'[]','2026-04-27 23:41:19','2026-04-27 23:41:19'),(235,3,'Camon 20','Tecno',0.00,5.0,0,NULL,'[]','2026-04-27 23:41:19','2026-04-27 23:41:19'),(236,3,'Camon 20 Pro','Tecno',0.00,5.0,0,NULL,'[]','2026-04-27 23:41:19','2026-04-27 23:41:19'),(237,3,'Camon 20 Pro 5G','Tecno',0.00,5.0,0,NULL,'[]','2026-04-27 23:41:19','2026-04-27 23:41:19'),(238,3,'Camon 20 Premier 5G','Tecno',0.00,5.0,0,NULL,'[]','2026-04-27 23:41:19','2026-04-27 23:41:19'),(239,3,'Spark 10','Tecno',0.00,5.0,0,NULL,'[]','2026-04-27 23:41:19','2026-04-27 23:41:19'),(240,3,'Spark 10 Pro','Tecno',0.00,5.0,0,NULL,'[]','2026-04-27 23:41:19','2026-04-27 23:41:19'),(241,3,'Spark 10C','Tecno',0.00,5.0,0,NULL,'[]','2026-04-27 23:41:19','2026-04-27 23:41:19'),(242,3,'Spark 10 5G','Tecno',0.00,5.0,0,NULL,'[]','2026-04-27 23:41:19','2026-04-27 23:41:19'),(243,3,'Pova 5','Tecno',0.00,5.0,0,NULL,'[]','2026-04-27 23:41:19','2026-04-27 23:41:19'),(244,3,'Pova 5 Pro','Tecno',0.00,5.0,0,NULL,'[]','2026-04-27 23:41:19','2026-04-27 23:41:19'),(245,3,'Pop 8','Tecno',0.00,5.0,0,NULL,'[]','2026-04-27 23:41:19','2026-04-27 23:41:19'),(246,3,'Pop 8 Pro','Tecno',0.00,5.0,0,NULL,'[]','2026-04-27 23:41:19','2026-04-27 23:41:19'),(247,3,'Phantom V Fold2','Tecno',0.00,5.0,0,NULL,'[]','2026-04-27 23:41:19','2026-04-27 23:41:19'),(248,3,'Phantom V Flip2','Tecno',0.00,5.0,0,NULL,'[]','2026-04-27 23:41:19','2026-04-27 23:41:19'),(249,3,'Camon 30','Tecno',0.00,5.0,0,NULL,'[]','2026-04-27 23:41:19','2026-04-27 23:41:19'),(250,3,'Camon 30 Pro','Tecno',0.00,5.0,0,NULL,'[]','2026-04-27 23:41:19','2026-04-27 23:41:19'),(251,3,'Camon 30 Pro 5G','Tecno',0.00,5.0,0,NULL,'[]','2026-04-27 23:41:19','2026-04-27 23:41:19'),(252,3,'Camon 30 Premier 5G','Tecno',0.00,5.0,0,NULL,'[]','2026-04-27 23:41:19','2026-04-27 23:41:19'),(253,3,'Camon 30S','Tecno',0.00,5.0,0,NULL,'[]','2026-04-27 23:41:19','2026-04-27 23:41:19'),(254,3,'Spark 30','Tecno',0.00,5.0,0,NULL,'[]','2026-04-27 23:41:19','2026-04-27 23:41:19'),(255,3,'Spark 30 Pro','Tecno',0.00,5.0,0,NULL,'[]','2026-04-27 23:41:19','2026-04-27 23:41:19'),(256,3,'Spark 30 5G','Tecno',0.00,5.0,0,NULL,'[]','2026-04-27 23:41:19','2026-04-27 23:41:19'),(257,3,'Spark 30C','Tecno',0.00,5.0,0,NULL,'[]','2026-04-27 23:41:19','2026-04-27 23:41:19'),(258,3,'Spark 30C 5G','Tecno',0.00,5.0,0,NULL,'[]','2026-04-27 23:41:19','2026-04-27 23:41:19'),(259,3,'Spark Go 1','Tecno',0.00,5.0,0,NULL,'[]','2026-04-27 23:41:19','2026-04-27 23:41:19'),(260,3,'Spark Go 1S','Tecno',0.00,5.0,0,NULL,'[]','2026-04-27 23:41:19','2026-04-27 23:41:19'),(261,3,'Pova 6','Tecno',0.00,5.0,0,NULL,'[]','2026-04-27 23:41:19','2026-04-27 23:41:19'),(262,3,'Pova 6 Neo 5G','Tecno',0.00,5.0,0,NULL,'[]','2026-04-27 23:41:19','2026-04-27 23:41:19'),(263,3,'Pop 9','Tecno',0.00,5.0,0,NULL,'[]','2026-04-27 23:41:19','2026-04-27 23:41:19'),(264,3,'Pop 9 4G','Tecno',0.00,5.0,0,NULL,'[]','2026-04-27 23:41:19','2026-04-27 23:41:19'),(265,3,'Megapad','Tecno',0.00,5.0,0,NULL,'[]','2026-04-27 23:41:19','2026-04-27 23:41:19'),(266,3,'Megapad 11','Tecno',0.00,5.0,0,NULL,'[]','2026-04-27 23:41:19','2026-04-27 23:41:19'),(267,3,'Camon 40','Tecno',0.00,5.0,0,NULL,'[]','2026-04-27 23:41:19','2026-04-27 23:41:19'),(268,3,'Camon 40 Pro 4G','Tecno',0.00,5.0,0,NULL,'[]','2026-04-27 23:41:19','2026-04-27 23:41:19'),(269,3,'Camon 40 Pro 5G','Tecno',0.00,5.0,0,NULL,'[]','2026-04-27 23:41:19','2026-04-27 23:41:19'),(270,3,'Camon 40 Premier','Tecno',0.00,5.0,0,NULL,'[]','2026-04-27 23:41:19','2026-04-27 23:41:19'),(271,3,'Camon 50 4G','Tecno',0.00,5.0,0,NULL,'[]','2026-04-27 23:41:19','2026-04-27 23:41:19'),(272,3,'Camon 50 Pro 4G','Tecno',0.00,5.0,0,NULL,'[]','2026-04-27 23:41:19','2026-04-27 23:41:19'),(273,3,'Camon 50 Pro 5G','Tecno',0.00,5.0,0,NULL,'[]','2026-04-27 23:41:19','2026-04-27 23:41:19'),(274,3,'Camon 50 Ultra 5G','Tecno',0.00,5.0,0,NULL,'[]','2026-04-27 23:41:19','2026-04-27 23:41:19'),(275,3,'Spark 40','Tecno',0.00,5.0,0,NULL,'[]','2026-04-27 23:41:19','2026-04-27 23:41:19'),(276,3,'Spark 40 Pro','Tecno',0.00,5.0,0,NULL,'[]','2026-04-27 23:41:19','2026-04-27 23:41:19'),(277,3,'Spark 40 Pro+','Tecno',0.00,5.0,0,NULL,'[]','2026-04-27 23:41:19','2026-04-27 23:41:19'),(278,3,'Spark 40C','Tecno',0.00,5.0,0,NULL,'[]','2026-04-27 23:41:19','2026-04-27 23:41:19'),(279,3,'Spark Go 2','Tecno',0.00,5.0,0,NULL,'[]','2026-04-27 23:41:19','2026-04-27 23:41:19'),(280,3,'Spark Go 3','Tecno',0.00,5.0,0,NULL,'[]','2026-04-27 23:41:19','2026-04-27 23:41:19'),(281,3,'Spark Go 5G','Tecno',0.00,5.0,0,NULL,'[]','2026-04-27 23:41:19','2026-04-27 23:41:19'),(282,3,'Spark Slim','Tecno',0.00,5.0,0,NULL,'[]','2026-04-27 23:41:19','2026-04-27 23:41:19'),(283,3,'Pova 7 4G','Tecno',0.00,5.0,0,NULL,'[]','2026-04-27 23:41:20','2026-04-27 23:41:20'),(284,3,'Pova 7 5G','Tecno',0.00,5.0,0,NULL,'[]','2026-04-27 23:41:20','2026-04-27 23:41:20'),(285,3,'Pova 7 Pro 5G','Tecno',0.00,5.0,0,NULL,'[]','2026-04-27 23:41:20','2026-04-27 23:41:20'),(286,3,'Pova 7 Ultra 5G','Tecno',0.00,5.0,0,NULL,'[]','2026-04-27 23:41:20','2026-04-27 23:41:20'),(287,3,'Pova Curve','Tecno',0.00,5.0,0,NULL,'[]','2026-04-27 23:41:20','2026-04-27 23:41:20'),(288,3,'Pova Curve 2','Tecno',0.00,5.0,0,NULL,'[]','2026-04-27 23:41:20','2026-04-27 23:41:20'),(289,3,'Pova Slim','Tecno',0.00,5.0,0,NULL,'[]','2026-04-27 23:41:20','2026-04-27 23:41:20'),(290,3,'Megapad Pro','Tecno',0.00,5.0,0,NULL,'[]','2026-04-27 23:41:20','2026-04-27 23:41:20'),(291,3,'Megapad SE','Tecno',0.00,5.0,0,NULL,'[]','2026-04-27 23:41:20','2026-04-27 23:41:20'),(292,4,'Hot 9','Infinix',0.00,5.0,0,NULL,'[]','2026-04-27 23:41:20','2026-04-27 23:41:20'),(293,4,'Hot 9 Play','Infinix',0.00,5.0,0,NULL,'[]','2026-04-27 23:41:20','2026-04-27 23:41:20'),(294,4,'Hot 9 Pro','Infinix',0.00,5.0,0,NULL,'[]','2026-04-27 23:41:20','2026-04-27 23:41:20'),(295,4,'Hot 10','Infinix',0.00,5.0,0,NULL,'[]','2026-04-27 23:41:20','2026-04-27 23:41:20'),(296,4,'Hot 10 Play','Infinix',0.00,5.0,0,NULL,'[]','2026-04-27 23:41:20','2026-04-27 23:41:20'),(297,4,'Hot 10 Lite','Infinix',0.00,5.0,0,NULL,'[]','2026-04-27 23:41:20','2026-04-27 23:41:20'),(298,4,'Hot 10S','Infinix',0.00,5.0,0,NULL,'[]','2026-04-27 23:41:20','2026-04-27 23:41:20'),(299,4,'Hot 10T','Infinix',0.00,5.0,0,NULL,'[]','2026-04-27 23:41:20','2026-04-27 23:41:20'),(300,4,'Note 7','Infinix',0.00,5.0,0,NULL,'[]','2026-04-27 23:41:20','2026-04-27 23:41:20'),(301,4,'Note 7 Lite','Infinix',0.00,5.0,0,NULL,'[]','2026-04-27 23:41:20','2026-04-27 23:41:20'),(302,4,'Note 8','Infinix',0.00,5.0,0,NULL,'[]','2026-04-27 23:41:20','2026-04-27 23:41:20'),(303,4,'Note 8i','Infinix',0.00,5.0,0,NULL,'[]','2026-04-27 23:41:20','2026-04-27 23:41:20'),(304,4,'Zero 8','Infinix',0.00,5.0,0,NULL,'[]','2026-04-27 23:41:20','2026-04-27 23:41:20'),(305,4,'Smart 5','Infinix',0.00,5.0,0,NULL,'[]','2026-04-27 23:41:20','2026-04-27 23:41:20'),(306,4,'Smart 5 Pro','Infinix',0.00,5.0,0,NULL,'[]','2026-04-27 23:41:20','2026-04-27 23:41:20'),(307,4,'S5 Pro','Infinix',0.00,5.0,0,NULL,'[]','2026-04-27 23:41:20','2026-04-27 23:41:20'),(308,4,'Hot 11','Infinix',0.00,5.0,0,NULL,'[]','2026-04-27 23:41:20','2026-04-27 23:41:20'),(309,4,'Hot 11S','Infinix',0.00,5.0,0,NULL,'[]','2026-04-27 23:41:20','2026-04-27 23:41:20'),(310,4,'Hot 11S NFC','Infinix',0.00,5.0,0,NULL,'[]','2026-04-27 23:41:20','2026-04-27 23:41:20'),(311,4,'Hot 11 Play','Infinix',0.00,5.0,0,NULL,'[]','2026-04-27 23:41:20','2026-04-27 23:41:20'),(312,4,'Hot 11 2022','Infinix',0.00,5.0,0,NULL,'[]','2026-04-27 23:41:20','2026-04-27 23:41:20'),(313,4,'Note 11','Infinix',0.00,5.0,0,NULL,'[]','2026-04-27 23:41:20','2026-04-27 23:41:20'),(314,4,'Note 11 Pro','Infinix',0.00,5.0,0,NULL,'[]','2026-04-27 23:41:20','2026-04-27 23:41:20'),(315,4,'Note 11S','Infinix',0.00,5.0,0,NULL,'[]','2026-04-27 23:41:20','2026-04-27 23:41:20'),(316,4,'Note 11S NFC','Infinix',0.00,5.0,0,NULL,'[]','2026-04-27 23:41:20','2026-04-27 23:41:20'),(317,4,'Zero X','Infinix',0.00,5.0,0,NULL,'[]','2026-04-27 23:41:20','2026-04-27 23:41:20'),(318,4,'Zero X Pro','Infinix',0.00,5.0,0,NULL,'[]','2026-04-27 23:41:20','2026-04-27 23:41:20'),(319,4,'Zero X Neo','Infinix',0.00,5.0,0,NULL,'[]','2026-04-27 23:41:20','2026-04-27 23:41:20'),(320,4,'Smart 6','Infinix',0.00,5.0,0,NULL,'[]','2026-04-27 23:41:20','2026-04-27 23:41:20'),(321,4,'Smart 6 Plus','Infinix',0.00,5.0,0,NULL,'[]','2026-04-27 23:41:20','2026-04-27 23:41:20'),(322,4,'Smart 6 HD','Infinix',0.00,5.0,0,NULL,'[]','2026-04-27 23:41:20','2026-04-27 23:41:20'),(323,4,'Hot 12','Infinix',0.00,5.0,0,NULL,'[]','2026-04-27 23:41:20','2026-04-27 23:41:20'),(324,4,'Hot 12 Play','Infinix',0.00,5.0,0,NULL,'[]','2026-04-27 23:41:20','2026-04-27 23:41:20'),(325,4,'Hot 12 Play NFC','Infinix',0.00,5.0,0,NULL,'[]','2026-04-27 23:41:20','2026-04-27 23:41:20'),(326,4,'Hot 12i','Infinix',0.00,5.0,0,NULL,'[]','2026-04-27 23:41:20','2026-04-27 23:41:20'),(328,4,'Hot 20','Infinix',0.00,5.0,0,NULL,'[]','2026-04-27 23:41:20','2026-04-27 23:41:20'),(329,4,'Hot 20 5G','Infinix',0.00,5.0,0,NULL,'[]','2026-04-27 23:41:20','2026-04-27 23:41:20'),(330,4,'Hot 20i','Infinix',0.00,5.0,0,NULL,'[]','2026-04-27 23:41:20','2026-04-27 23:41:20'),(331,4,'Hot 20 Play','Infinix',0.00,5.0,0,NULL,'[]','2026-04-27 23:41:20','2026-04-27 23:41:20'),(332,4,'Hot 20S','Infinix',0.00,5.0,0,NULL,'[]','2026-04-27 23:41:20','2026-04-27 23:41:20'),(333,4,'Note 12','Infinix',0.00,5.0,0,NULL,'[]','2026-04-27 23:41:20','2026-04-27 23:41:20'),(334,4,'Note 12 Pro','Infinix',0.00,5.0,0,NULL,'[]','2026-04-27 23:41:20','2026-04-27 23:41:20'),(335,4,'Note 12 Pro 5G','Infinix',0.00,5.0,0,NULL,'[]','2026-04-27 23:41:20','2026-04-27 23:41:20'),(336,4,'Note 12 VIP','Infinix',0.00,5.0,0,NULL,'[]','2026-04-27 23:41:20','2026-04-27 23:41:20'),(337,4,'Note 12 G96','Infinix',0.00,5.0,0,NULL,'[]','2026-04-27 23:41:20','2026-04-27 23:41:20'),(338,4,'Note 12 2023','Infinix',0.00,5.0,0,NULL,'[]','2026-04-27 23:41:20','2026-04-27 23:41:20'),(339,4,'Zero 20','Infinix',0.00,5.0,0,NULL,'[]','2026-04-27 23:41:20','2026-04-27 23:41:20'),(340,4,'Smart 7','Infinix',0.00,5.0,0,NULL,'[]','2026-04-27 23:41:20','2026-04-27 23:41:20'),(341,4,'Smart 7 HD','Infinix',0.00,5.0,0,NULL,'[]','2026-04-27 23:41:20','2026-04-27 23:41:20'),(342,4,'Smart 7 Plus','Infinix',0.00,5.0,0,NULL,'[]','2026-04-27 23:41:20','2026-04-27 23:41:20'),(343,4,'Hot 30','Infinix',0.00,5.0,0,NULL,'[]','2026-04-27 23:41:20','2026-04-27 23:41:20'),(344,4,'Hot 30 Play','Infinix',0.00,5.0,0,NULL,'[]','2026-04-27 23:41:20','2026-04-27 23:41:20'),(345,4,'Hot 30 5G','Infinix',0.00,5.0,0,NULL,'[]','2026-04-27 23:41:20','2026-04-27 23:41:20'),(346,4,'Hot 30i','Infinix',0.00,5.0,0,NULL,'[]','2026-04-27 23:41:20','2026-04-27 23:41:20'),(347,4,'Hot 40','Infinix',0.00,5.0,0,NULL,'[]','2026-04-27 23:41:20','2026-04-27 23:41:20'),(348,4,'Hot 40 Pro','Infinix',0.00,5.0,0,NULL,'[]','2026-04-27 23:41:20','2026-04-27 23:41:20'),(349,4,'Hot 40i','Infinix',0.00,5.0,0,NULL,'[]','2026-04-27 23:41:20','2026-04-27 23:41:20'),(350,4,'Note 30','Infinix',0.00,5.0,0,NULL,'[]','2026-04-27 23:41:20','2026-04-27 23:41:20'),(351,4,'Note 30 Pro','Infinix',0.00,5.0,0,NULL,'[]','2026-04-27 23:41:20','2026-04-27 23:41:20'),(352,4,'Note 30 VIP','Infinix',0.00,5.0,0,NULL,'[]','2026-04-27 23:41:20','2026-04-27 23:41:20'),(353,4,'Note 30 5G','Infinix',0.00,5.0,0,NULL,'[]','2026-04-27 23:41:20','2026-04-27 23:41:20'),(354,4,'Zero 30','Infinix',0.00,5.0,0,NULL,'[]','2026-04-27 23:41:20','2026-04-27 23:41:20'),(355,4,'Zero 30 4G','Infinix',0.00,5.0,0,NULL,'[]','2026-04-27 23:41:20','2026-04-27 23:41:20'),(356,4,'GT 10 Pro','Infinix',0.00,5.0,0,NULL,'[]','2026-04-27 23:41:20','2026-04-27 23:41:20'),(357,4,'Smart 8','Infinix',0.00,5.0,0,NULL,'[]','2026-04-27 23:41:20','2026-04-27 23:41:20'),(358,4,'Smart 8 HD','Infinix',0.00,5.0,0,NULL,'[]','2026-04-27 23:41:20','2026-04-27 23:41:20'),(359,4,'Smart 8 Plus','Infinix',0.00,5.0,0,NULL,'[]','2026-04-27 23:41:20','2026-04-27 23:41:20'),(360,4,'Smart 8 Pro','Infinix',0.00,5.0,0,NULL,'[]','2026-04-27 23:41:20','2026-04-27 23:41:20'),(361,4,'Smart 8 (India)','Infinix',0.00,5.0,0,NULL,'[]','2026-04-27 23:41:20','2026-04-27 23:41:20'),(362,4,'Note 40','Infinix',0.00,5.0,0,NULL,'[]','2026-04-27 23:41:20','2026-04-27 23:41:20'),(363,4,'Note 40 Pro 4G','Infinix',0.00,5.0,0,NULL,'[]','2026-04-27 23:41:20','2026-04-27 23:41:20'),(364,4,'Note 40 Pro','Infinix',0.00,5.0,0,NULL,'[]','2026-04-27 23:41:20','2026-04-27 23:41:20'),(365,4,'Note 40 Pro+','Infinix',0.00,5.0,0,NULL,'[]','2026-04-27 23:41:20','2026-04-27 23:41:20'),(366,4,'Note 40 5G','Infinix',0.00,5.0,0,NULL,'[]','2026-04-27 23:41:20','2026-04-27 23:41:20'),(367,4,'Note 40S','Infinix',0.00,5.0,0,NULL,'[]','2026-04-27 23:41:20','2026-04-27 23:41:20'),(368,4,'Note 40X 5G','Infinix',0.00,5.0,0,NULL,'[]','2026-04-27 23:41:20','2026-04-27 23:41:20'),(369,4,'Hot 50','Infinix',0.00,5.0,0,NULL,'[]','2026-04-27 23:41:20','2026-04-27 23:41:20'),(370,4,'Hot 50 4G','Infinix',0.00,5.0,0,NULL,'[]','2026-04-27 23:41:20','2026-04-27 23:41:20'),(371,4,'Hot 50 Pro 4G','Infinix',0.00,5.0,0,NULL,'[]','2026-04-27 23:41:20','2026-04-27 23:41:20'),(372,4,'Hot 50 Pro+ 4G','Infinix',0.00,5.0,0,NULL,'[]','2026-04-27 23:41:20','2026-04-27 23:41:20'),(373,4,'Hot 50i','Infinix',0.00,5.0,0,NULL,'[]','2026-04-27 23:41:21','2026-04-27 23:41:21'),(374,4,'Zero 40','Infinix',0.00,5.0,0,NULL,'[]','2026-04-27 23:41:21','2026-04-27 23:41:21'),(375,4,'Zero 40 4G','Infinix',0.00,5.0,0,NULL,'[]','2026-04-27 23:41:21','2026-04-27 23:41:21'),(376,4,'Zero Flip','Infinix',0.00,5.0,0,NULL,'[]','2026-04-27 23:41:21','2026-04-27 23:41:21'),(377,4,'GT 20 Pro','Infinix',0.00,5.0,0,NULL,'[]','2026-04-27 23:41:21','2026-04-27 23:41:21'),(378,4,'Smart 9','Infinix',0.00,5.0,0,NULL,'[]','2026-04-27 23:41:21','2026-04-27 23:41:21'),(379,4,'Smart 9 HD','Infinix',0.00,5.0,0,NULL,'[]','2026-04-27 23:41:21','2026-04-27 23:41:21'),(381,4,'Note 50 4G','Infinix',0.00,5.0,0,NULL,'[]','2026-04-27 23:41:21','2026-04-27 23:41:21'),(382,4,'Note 50 Pro 4G','Infinix',0.00,5.0,0,NULL,'[]','2026-04-27 23:41:21','2026-04-27 23:41:21'),(383,4,'Note 50 Pro+','Infinix',0.00,5.0,0,NULL,'[]','2026-04-27 23:41:21','2026-04-27 23:41:21'),(384,4,'Note 50x','Infinix',0.00,5.0,0,NULL,'[]','2026-04-27 23:41:21','2026-04-27 23:41:21'),(385,4,'Note 50s 5G','Infinix',0.00,5.0,0,NULL,'[]','2026-04-27 23:41:21','2026-04-27 23:41:21'),(386,4,'Hot 60','Infinix',0.00,5.0,0,NULL,'[]','2026-04-27 23:41:21','2026-04-27 23:41:21'),(387,4,'Hot 60 5G','Infinix',0.00,5.0,0,NULL,'[]','2026-04-27 23:41:21','2026-04-27 23:41:21'),(388,4,'Hot 60 Pro','Infinix',0.00,5.0,0,NULL,'[]','2026-04-27 23:41:21','2026-04-27 23:41:21'),(389,4,'Hot 60 Pro+','Infinix',0.00,5.0,0,NULL,'[]','2026-04-27 23:41:21','2026-04-27 23:41:21'),(390,4,'Hot 60i 4G','Infinix',0.00,5.0,41,NULL,'[]','2026-04-27 23:41:21','2026-05-01 06:06:17'),(391,4,'Hot 60i 5G','Infinix',0.00,5.0,0,NULL,'[]','2026-04-27 23:41:21','2026-04-27 23:41:21'),(392,4,'GT 30','Infinix',0.00,5.0,0,NULL,'[]','2026-04-27 23:41:21','2026-04-27 23:41:21'),(393,4,'GT 30 Pro','Infinix',0.00,5.0,0,NULL,'[]','2026-04-27 23:41:21','2026-04-27 23:41:21'),(394,4,'Smart 10','Infinix',230000.00,5.0,0,NULL,'[]','2026-04-27 23:41:21','2026-05-02 12:39:52'),(395,4,'Smart 10 Plus','Infinix',270000.00,5.0,2,NULL,'[]','2026-04-27 23:41:21','2026-05-22 08:58:28'),(396,4,'Smart 10 HD','Infinix',213000.00,5.0,0,NULL,'[]','2026-04-27 23:41:21','2026-05-02 12:38:20'),(397,4,'Xpad 20','Infinix',0.00,5.0,0,NULL,'[]','2026-04-27 23:41:21','2026-04-27 23:41:21'),(398,4,'Xpad 20 Pro','Infinix',0.00,5.0,0,NULL,'[]','2026-04-27 23:41:21','2026-04-27 23:41:21'),(399,4,'Xpad GT','Infinix',0.00,5.0,0,NULL,'[]','2026-04-27 23:41:21','2026-04-27 23:41:21'),(400,4,'Note Edge','Infinix',0.00,5.0,0,NULL,'[]','2026-04-27 23:41:21','2026-04-27 23:41:21'),(401,4,'Smart 20','Infinix',0.00,5.0,0,NULL,'[]','2026-04-27 23:41:21','2026-04-27 23:41:21'),(402,5,'Pixel 4a','Google Pixel',0.00,5.0,0,NULL,'[]','2026-04-27 23:41:21','2026-04-27 23:41:21'),(403,5,'Pixel 5','Google Pixel',0.00,5.0,0,NULL,'[]','2026-04-27 23:41:21','2026-04-27 23:41:21'),(404,5,'Pixel 5a','Google Pixel',0.00,5.0,0,NULL,'[]','2026-04-27 23:41:21','2026-04-27 23:41:21'),(405,5,'Pixel 4a 5G','Google Pixel',0.00,5.0,0,NULL,'[]','2026-04-27 23:41:21','2026-04-27 23:41:21'),(406,5,'Pixel 6','Google Pixel',0.00,5.0,0,NULL,'[]','2026-04-27 23:41:21','2026-04-27 23:41:21'),(407,5,'Pixel 6 Pro','Google Pixel',0.00,5.0,0,NULL,'[]','2026-04-27 23:41:21','2026-04-27 23:41:21'),(408,5,'Pixel 6a','Google Pixel',0.00,5.0,0,NULL,'[]','2026-04-27 23:41:21','2026-04-27 23:41:21'),(409,5,'Pixel 7','Google Pixel',0.00,5.0,0,NULL,'[]','2026-04-27 23:41:21','2026-04-27 23:41:21'),(410,5,'Pixel 7 Pro','Google Pixel',0.00,5.0,0,NULL,'[]','2026-04-27 23:41:21','2026-04-27 23:41:21'),(411,5,'Pixel 7a','Google Pixel',0.00,5.0,0,NULL,'[]','2026-04-27 23:41:21','2026-04-27 23:41:21'),(412,5,'Pixel 7 Pro Fold','Google Pixel',0.00,5.0,0,NULL,'[]','2026-04-27 23:41:21','2026-04-27 23:41:21'),(413,5,'Pixel 8','Google Pixel',0.00,5.0,0,NULL,'[]','2026-04-27 23:41:21','2026-04-27 23:41:21'),(414,5,'Pixel 8 Pro','Google Pixel',0.00,5.0,0,NULL,'[]','2026-04-27 23:41:21','2026-04-27 23:41:21'),(415,5,'Pixel 8a','Google Pixel',0.00,5.0,0,NULL,'[]','2026-04-27 23:41:21','2026-04-27 23:41:21'),(416,5,'Pixel 8 Pro Fold','Google Pixel',0.00,5.0,0,NULL,'[]','2026-04-27 23:41:21','2026-04-27 23:41:21'),(417,5,'Pixel 9','Google Pixel',0.00,5.0,0,NULL,'[]','2026-04-27 23:41:21','2026-04-27 23:41:21'),(418,5,'Pixel 9 Pro','Google Pixel',0.00,5.0,0,NULL,'[]','2026-04-27 23:41:21','2026-04-27 23:41:21'),(419,5,'Pixel 9 Pro XL','Google Pixel',0.00,5.0,0,NULL,'[]','2026-04-27 23:41:21','2026-04-27 23:41:21'),(420,5,'Pixel 9 Pro Fold','Google Pixel',0.00,5.0,0,NULL,'[]','2026-04-27 23:41:21','2026-04-27 23:41:21'),(421,5,'Pixel 9a','Google Pixel',0.00,5.0,0,NULL,'[]','2026-04-27 23:41:21','2026-04-27 23:41:21'),(422,5,'Pixel 10','Google Pixel',0.00,5.0,0,NULL,'[]','2026-04-27 23:41:21','2026-04-27 23:41:21'),(423,5,'Pixel 10 Pro','Google Pixel',0.00,5.0,0,NULL,'[]','2026-04-27 23:41:21','2026-04-27 23:41:21'),(424,5,'Pixel 10 Pro XL','Google Pixel',0.00,5.0,0,NULL,'[]','2026-04-27 23:41:21','2026-04-27 23:41:21'),(425,5,'Pixel 10 Pro Fold','Google Pixel',0.00,5.0,0,NULL,'[]','2026-04-27 23:41:21','2026-04-27 23:41:21'),(426,5,'Pixel 10a','Google Pixel',0.00,5.0,0,NULL,'[]','2026-04-27 23:41:21','2026-04-27 23:41:21'),(427,5,'Pixel Tablet','Google Pixel',0.00,5.0,0,NULL,'[]','2026-04-27 23:41:21','2026-04-27 23:41:21'),(428,1,'Galaxy A06 128GB/4GB','Samsung',200000.00,5.0,0,NULL,'[]','2026-04-29 06:38:32','2026-05-01 13:42:00'),(429,4,'Hot60i 128GB','Samsung',320000.00,5.0,0,'128GB Storage + Huge RAM | 50MP Clear Camera | 5160mAh Battery + 45W Fast Charge | 120Hz IPS Display | IP64 Rated','[]','2026-04-30 19:34:57','2026-05-25 17:22:22'),(430,1,'A07 64GB','Samsung',440000.00,5.0,387,NULL,'[]','2026-05-01 17:31:56','2026-05-28 17:19:42'),(431,6,'A200 64GB','Samsung',221000.00,5.0,0,'Storage: 64GB internal (expandable via MicroSD up to 512GB)\r\nMemory (RAM): 3GB (often expandable up to 8GB through virtual RAM)\r\nDisplay: 6.75-inch HD+ IPS with a 120Hz refresh rate for smooth scrolling\r\nProcessor: Unisoc T7250 Octa-core\r\nBattery: 5000mAh with 15W or 18W Type-C fast charging\r\nOperating System: Android 15 (Go Edition)\r\nCameras: 13MP Rear Dual Camera / 5MP Front Camera','[]','2026-05-01 17:36:38','2026-05-04 18:45:01'),(432,3,'Pop 10','Samsung',0.00,5.0,1,'Storage: 64GB ROM (expandable via microSD)\r\nMemory (RAM): 3GB (often expandable up to 7GB or 8GB via virtual RAM)\r\nDisplay: 6.67-inch HD+ Hole Screen with a 120Hz refresh rate\r\nProcessor: Unisoc T7250 Octa-core chipset\r\nBattery: 5000mAh with 15W Type-C fast charging\r\nCameras: 13MP Rear Dual Camera / 8MP Front Camera (both with dual flash)\r\nOperating System: Android 15 (Go Edition) with HiOS 15','[]','2026-05-01 19:34:28','2026-05-02 12:35:35'),(433,3,'Spark40','Samsung',305000.00,5.0,0,'Processor: MediaTek Helio G81 Octa-core\r\nMemory (RAM): 4GB or 8GB (expandable up to 16GB via virtual RAM)\r\nStorage: 128GB or 256GB internal (expandable via microSD)\r\nDisplay: 6.67-inch HD+ IPS LCD with a 120Hz refresh rate\r\nBattery: 5200mAh with 45W Super Charging (charges to 100% in ~55 mins)\r\nCameras: 50MP Main Rear Camera / 8MP Front Camera\r\nDurability: IP64 dust and water resistance; 1.5m drop resistance','[]','2026-05-01 19:35:58','2026-05-02 12:36:49'),(434,6,'90 64GB','Samsung',185000.00,5.0,0,NULL,'[]','2026-05-03 18:11:03','2026-05-03 18:15:20'),(435,1,'Galaxy A05s 64GB','Samsung',200000.00,5.0,0,NULL,'[]','2026-05-04 09:36:17','2026-05-04 09:36:50'),(436,1,'Galaxy A05 64GB','Samsung',0.00,5.0,0,NULL,'[]','2026-05-04 09:39:44','2026-05-04 09:39:44'),(437,1,'Galaxy A17 128 GB','Samsung',630000.00,5.0,0,NULL,'[]','2026-05-04 16:44:54','2026-05-04 16:51:45'),(438,6,'itelCity 128/8GB','Samsung',0.00,5.0,0,NULL,'[]','2026-05-04 18:23:37','2026-05-04 18:38:55');
/*!40000 ALTER TABLE `models` ENABLE KEYS */;
UNLOCK TABLES;

--
-- Table structure for table `order_items`
--

DROP TABLE IF EXISTS `order_items`;
/*!40101 SET @saved_cs_client     = @@character_set_client */;
/*!50503 SET character_set_client = utf8mb4 */;
CREATE TABLE `order_items` (
  `id` bigint unsigned NOT NULL AUTO_INCREMENT,
  `order_id` bigint unsigned NOT NULL,
  `product_id` bigint unsigned NOT NULL,
  `quantity` int NOT NULL,
  `price` decimal(10,2) NOT NULL,
  `created_at` timestamp NULL DEFAULT NULL,
  `updated_at` timestamp NULL DEFAULT NULL,
  PRIMARY KEY (`id`),
  KEY `order_items_order_id_foreign` (`order_id`),
  KEY `order_items_product_id_foreign` (`product_id`),
  CONSTRAINT `order_items_order_id_foreign` FOREIGN KEY (`order_id`) REFERENCES `orders` (`id`) ON DELETE CASCADE,
  CONSTRAINT `order_items_product_id_foreign` FOREIGN KEY (`product_id`) REFERENCES `models` (`id`) ON DELETE CASCADE
) ENGINE=InnoDB DEFAULT CHARSET=latin1;
/*!40101 SET character_set_client = @saved_cs_client */;

--
-- Dumping data for table `order_items`
--

LOCK TABLES `order_items` WRITE;
/*!40000 ALTER TABLE `order_items` DISABLE KEYS */;
/*!40000 ALTER TABLE `order_items` ENABLE KEYS */;
UNLOCK TABLES;

--
-- Table structure for table `orders`
--

DROP TABLE IF EXISTS `orders`;
/*!40101 SET @saved_cs_client     = @@character_set_client */;
/*!50503 SET character_set_client = utf8mb4 */;
CREATE TABLE `orders` (
  `id` bigint unsigned NOT NULL AUTO_INCREMENT,
  `user_id` bigint unsigned NOT NULL,
  `status` varchar(255) NOT NULL DEFAULT 'pending',
  `payment_status` varchar(32) NOT NULL DEFAULT 'pending',
  `total_price` decimal(10,2) NOT NULL,
  `shipping_address` text,
  `payment_method` varchar(255) DEFAULT NULL,
  `payment_option_id` bigint unsigned DEFAULT NULL,
  `created_at` timestamp NULL DEFAULT NULL,
  `updated_at` timestamp NULL DEFAULT NULL,
  `address_id` bigint unsigned DEFAULT NULL,
  PRIMARY KEY (`id`),
  KEY `orders_user_id_foreign` (`user_id`),
  KEY `orders_address_id_foreign` (`address_id`),
  KEY `orders_payment_option_id_foreign` (`payment_option_id`),
  CONSTRAINT `orders_address_id_foreign` FOREIGN KEY (`address_id`) REFERENCES `addresses` (`id`) ON DELETE SET NULL,
  CONSTRAINT `orders_payment_option_id_foreign` FOREIGN KEY (`payment_option_id`) REFERENCES `payment_options` (`id`) ON DELETE SET NULL,
  CONSTRAINT `orders_user_id_foreign` FOREIGN KEY (`user_id`) REFERENCES `users` (`id`) ON DELETE CASCADE
) ENGINE=InnoDB DEFAULT CHARSET=latin1;
/*!40101 SET character_set_client = @saved_cs_client */;

--
-- Dumping data for table `orders`
--

LOCK TABLES `orders` WRITE;
/*!40000 ALTER TABLE `orders` DISABLE KEYS */;
/*!40000 ALTER TABLE `orders` ENABLE KEYS */;
UNLOCK TABLES;

--
-- Table structure for table `password_reset_tokens`
--

DROP TABLE IF EXISTS `password_reset_tokens`;
/*!40101 SET @saved_cs_client     = @@character_set_client */;
/*!50503 SET character_set_client = utf8mb4 */;
CREATE TABLE `password_reset_tokens` (
  `email` varchar(191) NOT NULL,
  `token` varchar(191) NOT NULL,
  `created_at` timestamp NULL DEFAULT NULL,
  PRIMARY KEY (`email`)
) ENGINE=InnoDB DEFAULT CHARSET=latin1;
/*!40101 SET character_set_client = @saved_cs_client */;

--
-- Dumping data for table `password_reset_tokens`
--

LOCK TABLES `password_reset_tokens` WRITE;
/*!40000 ALTER TABLE `password_reset_tokens` DISABLE KEYS */;
/*!40000 ALTER TABLE `password_reset_tokens` ENABLE KEYS */;
UNLOCK TABLES;

--
-- Table structure for table `payables`
--

DROP TABLE IF EXISTS `payables`;
/*!40101 SET @saved_cs_client     = @@character_set_client */;
/*!50503 SET character_set_client = utf8mb4 */;
CREATE TABLE `payables` (
  `id` bigint unsigned NOT NULL AUTO_INCREMENT,
  `item_name` varchar(255) NOT NULL,
  `amount` decimal(15,2) NOT NULL,
  `date` date NOT NULL,
  `created_at` timestamp NULL DEFAULT NULL,
  `updated_at` timestamp NULL DEFAULT NULL,
  PRIMARY KEY (`id`)
) ENGINE=InnoDB DEFAULT CHARSET=latin1;
/*!40101 SET character_set_client = @saved_cs_client */;

--
-- Dumping data for table `payables`
--

LOCK TABLES `payables` WRITE;
/*!40000 ALTER TABLE `payables` DISABLE KEYS */;
/*!40000 ALTER TABLE `payables` ENABLE KEYS */;
UNLOCK TABLES;

--
-- Table structure for table `payment_options`
--

DROP TABLE IF EXISTS `payment_options`;
/*!40101 SET @saved_cs_client     = @@character_set_client */;
/*!50503 SET character_set_client = utf8mb4 */;
CREATE TABLE `payment_options` (
  `id` bigint unsigned NOT NULL AUTO_INCREMENT,
  `type` varchar(255) NOT NULL,
  `name` varchar(255) NOT NULL,
  `balance` decimal(15,2) NOT NULL DEFAULT '0.00',
  `opening_balance` decimal(15,2) NOT NULL DEFAULT '0.00',
  `is_hidden` tinyint(1) NOT NULL DEFAULT '0',
  `created_at` timestamp NULL DEFAULT NULL,
  `updated_at` timestamp NULL DEFAULT NULL,
  PRIMARY KEY (`id`)
) ENGINE=InnoDB AUTO_INCREMENT=8 DEFAULT CHARSET=latin1;
/*!40101 SET character_set_client = @saved_cs_client */;

--
-- Dumping data for table `payment_options`
--

LOCK TABLES `payment_options` WRITE;
/*!40000 ALTER TABLE `payment_options` DISABLE KEYS */;
INSERT INTO `payment_options` VALUES (1,'bank','I&M',0.00,0.00,0,'2026-04-27 23:41:16','2026-05-20 14:26:52'),(2,'bank','CRDB',63366.99,0.00,0,'2026-05-01 09:38:01','2026-05-27 06:20:33'),(3,'bank','Selcom',2709518.00,0.00,0,'2026-05-02 19:52:02','2026-05-28 13:42:21'),(4,'cash','Cash',100000.00,0.00,0,'2026-05-03 08:46:05','2026-05-28 12:14:39'),(5,'bank','Samwel Wallet',6903221.18,0.00,0,'2026-05-04 20:10:57','2026-05-28 13:26:36'),(6,'bank','NMB Bank',4041.00,0.00,0,'2026-05-12 16:54:05','2026-05-17 06:39:09'),(7,'mobile','Mpesa',0.00,0.00,0,'2026-05-13 19:52:06','2026-05-22 09:43:21');
/*!40000 ALTER TABLE `payment_options` ENABLE KEYS */;
UNLOCK TABLES;

--
-- Table structure for table `payment_transfers`
--

DROP TABLE IF EXISTS `payment_transfers`;
/*!40101 SET @saved_cs_client     = @@character_set_client */;
/*!50503 SET character_set_client = utf8mb4 */;
CREATE TABLE `payment_transfers` (
  `id` bigint unsigned NOT NULL AUTO_INCREMENT,
  `from_channel_id` bigint unsigned NOT NULL,
  `to_channel_id` bigint unsigned NOT NULL,
  `amount` decimal(15,2) NOT NULL,
  `description` text,
  `user_id` bigint unsigned NOT NULL,
  `created_at` timestamp NULL DEFAULT NULL,
  `updated_at` timestamp NULL DEFAULT NULL,
  PRIMARY KEY (`id`),
  KEY `payment_transfers_from_channel_id_index` (`from_channel_id`),
  KEY `payment_transfers_to_channel_id_index` (`to_channel_id`),
  KEY `payment_transfers_user_id_index` (`user_id`),
  KEY `payment_transfers_created_at_index` (`created_at`),
  CONSTRAINT `payment_transfers_from_channel_id_foreign` FOREIGN KEY (`from_channel_id`) REFERENCES `payment_options` (`id`) ON DELETE CASCADE,
  CONSTRAINT `payment_transfers_to_channel_id_foreign` FOREIGN KEY (`to_channel_id`) REFERENCES `payment_options` (`id`) ON DELETE CASCADE,
  CONSTRAINT `payment_transfers_user_id_foreign` FOREIGN KEY (`user_id`) REFERENCES `users` (`id`) ON DELETE CASCADE
) ENGINE=InnoDB AUTO_INCREMENT=40 DEFAULT CHARSET=latin1;
/*!40101 SET character_set_client = @saved_cs_client */;

--
-- Dumping data for table `payment_transfers`
--

LOCK TABLES `payment_transfers` WRITE;
/*!40000 ALTER TABLE `payment_transfers` DISABLE KEYS */;
INSERT INTO `payment_transfers` VALUES (1,1,2,10000000.00,'new purchase',1,'2026-05-01 09:43:25','2026-05-01 09:43:25'),(2,2,3,6000000.00,NULL,1,'2026-05-03 19:32:48','2026-05-03 19:32:48'),(3,3,1,5000000.00,NULL,1,'2026-05-03 20:59:05','2026-05-03 20:59:05'),(4,2,3,4910778.00,'Financing Actitivities',1,'2026-05-04 04:18:12','2026-05-04 04:18:12'),(5,5,3,3000000.00,NULL,1,'2026-05-04 20:12:17','2026-05-04 20:12:17'),(6,5,3,1500000.00,'For lisence',1,'2026-05-05 10:02:28','2026-05-05 10:02:28'),(7,5,2,8000000.00,NULL,1,'2026-05-05 12:48:41','2026-05-05 12:48:41'),(8,2,3,7800000.00,NULL,1,'2026-05-05 12:58:13','2026-05-05 12:58:13'),(9,5,2,23050000.00,NULL,1,'2026-05-06 04:58:20','2026-05-06 04:58:20'),(10,5,2,9700000.00,NULL,1,'2026-05-06 08:18:49','2026-05-06 08:18:49'),(11,2,3,5000000.00,'Dp Financing, Licence and Other Operations',1,'2026-05-06 10:22:35','2026-05-06 10:22:35'),(12,2,3,4000000.00,NULL,1,'2026-05-06 19:30:11','2026-05-06 19:30:11'),(13,2,3,1690000.00,'Commissions',1,'2026-05-07 05:14:53','2026-05-07 05:14:53'),(14,5,3,4000000.00,NULL,1,'2026-05-07 11:40:12','2026-05-07 11:40:12'),(15,5,3,1900000.00,NULL,1,'2026-05-07 15:38:16','2026-05-07 15:38:16'),(16,5,3,10000000.00,NULL,1,'2026-05-08 09:53:52','2026-05-08 09:53:52'),(17,5,3,2000000.00,NULL,1,'2026-05-08 10:13:07','2026-05-08 10:13:07'),(18,5,3,10200000.00,NULL,1,'2026-05-09 08:26:21','2026-05-09 08:26:21'),(19,5,3,10000000.00,NULL,1,'2026-05-11 09:29:33','2026-05-11 09:29:33'),(20,2,3,5000000.00,NULL,1,'2026-05-12 16:54:41','2026-05-12 16:54:41'),(21,6,3,5000000.00,'Financing act',97,'2026-05-13 14:54:00','2026-05-13 14:54:00'),(22,7,3,5000000.00,NULL,97,'2026-05-14 09:29:06','2026-05-14 09:29:06'),(23,6,3,4000000.00,NULL,97,'2026-05-15 17:23:05','2026-05-15 17:23:05'),(24,4,2,240000.00,NULL,97,'2026-05-16 13:07:21','2026-05-16 13:07:21'),(25,6,3,950000.00,NULL,97,'2026-05-16 13:59:38','2026-05-16 13:59:38'),(26,5,3,1000000.00,NULL,97,'2026-05-17 05:55:29','2026-05-17 05:55:29'),(27,6,3,5000000.00,NULL,97,'2026-05-17 06:38:33','2026-05-17 06:38:33'),(28,2,3,5000000.00,NULL,97,'2026-05-18 15:05:36','2026-05-18 15:05:36'),(29,2,3,4000000.00,NULL,97,'2026-05-19 14:56:01','2026-05-19 14:56:01'),(30,2,3,5000000.00,NULL,97,'2026-05-20 12:56:02','2026-05-20 12:56:02'),(31,7,3,255000.00,NULL,97,'2026-05-21 16:51:03','2026-05-21 16:51:03'),(32,7,3,260000.00,NULL,97,'2026-05-22 09:42:56','2026-05-22 09:42:56'),(33,2,3,3000000.00,NULL,97,'2026-05-22 14:20:18','2026-05-22 14:20:18'),(34,2,3,2000000.00,NULL,97,'2026-05-23 18:00:05','2026-05-23 18:00:05'),(35,2,3,3000000.00,NULL,97,'2026-05-25 11:24:11','2026-05-25 11:24:11'),(36,2,3,4000000.00,NULL,97,'2026-05-26 08:25:44','2026-05-26 08:25:44'),(37,5,2,4000000.00,NULL,97,'2026-05-26 14:08:41','2026-05-26 14:08:41'),(38,4,3,270000.00,NULL,97,'2026-05-28 12:14:39','2026-05-28 12:14:39'),(39,5,3,3000000.00,NULL,97,'2026-05-28 13:26:36','2026-05-28 13:26:36');
/*!40000 ALTER TABLE `payment_transfers` ENABLE KEYS */;
UNLOCK TABLES;

--
-- Table structure for table `pending_sales`
--

DROP TABLE IF EXISTS `pending_sales`;
/*!40101 SET @saved_cs_client     = @@character_set_client */;
/*!50503 SET character_set_client = utf8mb4 */;
CREATE TABLE `pending_sales` (
  `id` bigint unsigned NOT NULL AUTO_INCREMENT,
  `customer_name` varchar(255) DEFAULT NULL,
  `seller_name` varchar(255) DEFAULT NULL,
  `seller_id` bigint unsigned DEFAULT NULL,
  `product_id` bigint unsigned NOT NULL,
  `quantity_sold` int NOT NULL,
  `purchase_price` decimal(15,2) DEFAULT NULL,
  `selling_price` decimal(15,2) DEFAULT NULL,
  `total_purchase_value` decimal(15,2) DEFAULT NULL,
  `total_selling_value` decimal(15,2) DEFAULT NULL,
  `profit` decimal(15,2) DEFAULT NULL,
  `payment_option_id` bigint unsigned DEFAULT NULL,
  `date` date NOT NULL,
  `created_at` timestamp NULL DEFAULT NULL,
  `updated_at` timestamp NULL DEFAULT NULL,
  PRIMARY KEY (`id`),
  KEY `pending_sales_product_id_foreign` (`product_id`),
  KEY `pending_sales_payment_option_id_foreign` (`payment_option_id`),
  KEY `pending_sales_seller_id_foreign` (`seller_id`),
  CONSTRAINT `pending_sales_payment_option_id_foreign` FOREIGN KEY (`payment_option_id`) REFERENCES `payment_options` (`id`) ON DELETE SET NULL,
  CONSTRAINT `pending_sales_product_id_foreign` FOREIGN KEY (`product_id`) REFERENCES `models` (`id`) ON DELETE CASCADE,
  CONSTRAINT `pending_sales_seller_id_foreign` FOREIGN KEY (`seller_id`) REFERENCES `users` (`id`) ON DELETE SET NULL
) ENGINE=InnoDB AUTO_INCREMENT=2 DEFAULT CHARSET=latin1;
/*!40101 SET character_set_client = @saved_cs_client */;

--
-- Dumping data for table `pending_sales`
--

LOCK TABLES `pending_sales` WRITE;
/*!40000 ALTER TABLE `pending_sales` DISABLE KEYS */;
INSERT INTO `pending_sales` VALUES (1,'Leon Muyeti','Golden Mwangoka',NULL,430,1,315000.00,255000.00,315000.00,255000.00,-60000.00,NULL,'2026-05-18','2026-05-18 10:46:06','2026-05-18 10:46:06');
/*!40000 ALTER TABLE `pending_sales` ENABLE KEYS */;
UNLOCK TABLES;

--
-- Table structure for table `personal_access_tokens`
--

DROP TABLE IF EXISTS `personal_access_tokens`;
/*!40101 SET @saved_cs_client     = @@character_set_client */;
/*!50503 SET character_set_client = utf8mb4 */;
CREATE TABLE `personal_access_tokens` (
  `id` bigint unsigned NOT NULL AUTO_INCREMENT,
  `tokenable_type` varchar(255) NOT NULL,
  `tokenable_id` bigint unsigned NOT NULL,
  `name` varchar(255) NOT NULL,
  `token` varchar(64) NOT NULL,
  `abilities` text,
  `last_used_at` timestamp NULL DEFAULT NULL,
  `expires_at` timestamp NULL DEFAULT NULL,
  `created_at` timestamp NULL DEFAULT NULL,
  `updated_at` timestamp NULL DEFAULT NULL,
  PRIMARY KEY (`id`),
  UNIQUE KEY `personal_access_tokens_token_unique` (`token`),
  KEY `personal_access_tokens_tokenable_type_tokenable_id_index` (`tokenable_type`,`tokenable_id`),
  KEY `personal_access_tokens_expires_at_index` (`expires_at`)
) ENGINE=InnoDB AUTO_INCREMENT=585 DEFAULT CHARSET=latin1;
/*!40101 SET character_set_client = @saved_cs_client */;

--
-- Dumping data for table `personal_access_tokens`
--

LOCK TABLES `personal_access_tokens` WRITE;
/*!40000 ALTER TABLE `personal_access_tokens` DISABLE KEYS */;
INSERT INTO `personal_access_tokens` VALUES (5,'App\\Models\\User',3,'optic-app','465ef613d7b59dd46b64a183fb226aa60c123269d35c777716ce0df5738e7dd6','[\"*\"]','2026-04-29 04:07:08',NULL,'2026-04-28 10:45:49','2026-04-29 04:07:08'),(7,'App\\Models\\User',2,'optic-app','59947c6519bacc2c7b500d77f803616026d80dbb9c9d53851325a63818758174','[\"*\"]','2026-04-29 11:26:43',NULL,'2026-04-29 11:26:31','2026-04-29 11:26:43'),(11,'App\\Models\\User',5,'optic-app','221210c6c6deba1cd215c5e84f06b92c16c2d4f1e31284d805429e5a35bfaa63','[\"*\"]','2026-04-30 16:10:17',NULL,'2026-04-30 09:41:12','2026-04-30 16:10:17'),(12,'App\\Models\\User',8,'optic-app','ab538e48f6e27427b7be9f01c881ee6f3de23c53f94acd0e8f110decaf7dd0a1','[\"*\"]','2026-05-01 05:33:49',NULL,'2026-05-01 00:34:45','2026-05-01 05:33:49'),(14,'App\\Models\\User',13,'optic-app','97add9a836ed72ce4f63ca109696d4a445a2d53f2f02cac503afa966e85f0376','[\"*\"]','2026-05-19 14:27:23',NULL,'2026-05-01 09:03:50','2026-05-19 14:27:23'),(15,'App\\Models\\User',14,'optic-app','9215cf95b12e80ea2712ad3ecc8f083e4e45d82055da4b4c55270241977479c0','[\"*\"]','2026-05-02 07:08:22',NULL,'2026-05-01 09:04:16','2026-05-02 07:08:22'),(31,'App\\Models\\User',48,'optic-app','08d4b66ace9f2badecca1f016d44d3a0edf712a6542281240af1f9decb494fc8','[\"*\"]','2026-05-14 14:24:56',NULL,'2026-05-02 09:27:43','2026-05-14 14:24:56'),(39,'App\\Models\\User',62,'optic-app','a4548c4f70df77a375022629f865ea48059e7c4bf7eb9f8350bed6239805af5a','[\"*\"]','2026-05-02 10:45:59',NULL,'2026-05-02 09:47:09','2026-05-02 10:45:59'),(45,'App\\Models\\User',52,'optic-app','571dc8a6cd16497b48a9cf606e13a8718faced71591a25e36971a9627eccb51f','[\"*\"]','2026-05-21 10:21:40',NULL,'2026-05-02 11:09:19','2026-05-21 10:21:40'),(53,'App\\Models\\User',64,'optic-app','9a929f6fd5ec9a1acbeb602ea80388b9966aed675cecc2f83fc5b1e58618351d','[\"*\"]','2026-05-02 14:21:40',NULL,'2026-05-02 13:48:36','2026-05-02 14:21:40'),(88,'App\\Models\\User',31,'optic-app','c14e57f57af17af622d1ad8a4b4f3233738efafb44322f70e5a46f711d0b4648','[\"*\"]','2026-05-28 17:09:53',NULL,'2026-05-03 07:19:28','2026-05-28 17:09:53'),(134,'App\\Models\\User',72,'optic-app','32c23401d39c0d3f93e786953b639e0e5adf2acff6f5ef220b65379b57208b35','[\"*\"]','2026-05-22 17:17:22',NULL,'2026-05-04 12:41:37','2026-05-22 17:17:22'),(156,'App\\Models\\User',9,'optic-app','b69ae0c9923437dd418d45073672fa05bfcbb736991664190d0f6cf1fa9ac23e','[\"*\"]',NULL,NULL,'2026-05-05 05:15:11','2026-05-05 05:15:11'),(157,'App\\Models\\User',15,'optic-app','b11e092fe88f1cfcdffa51a6ce617492edb1b45a4face06d37476f780462bdff','[\"*\"]','2026-05-05 07:16:38',NULL,'2026-05-05 05:15:27','2026-05-05 07:16:38'),(159,'App\\Models\\User',77,'optic-app','016011e75f8b3c9d7a1e79b9653b257f94e0c74d53b5abd76551709a6cddc28e','[\"*\"]','2026-05-05 07:19:11',NULL,'2026-05-05 07:19:10','2026-05-05 07:19:11'),(173,'App\\Models\\User',50,'optic-app','46680f2b75a78fc62a73d53b7fad05327c0254f0d20d39cd553e9b28fb6efd22','[\"*\"]','2026-05-10 06:09:09',NULL,'2026-05-05 12:45:41','2026-05-10 06:09:09'),(174,'App\\Models\\User',60,'optic-app','677d500c487793fc7c739f6bdcfdd1a79d6e9edb5a21042e5edab0239d4f46bf','[\"*\"]','2026-05-17 09:03:11',NULL,'2026-05-05 12:48:18','2026-05-17 09:03:11'),(210,'App\\Models\\User',73,'optic-app','a9c4922276a02edfa3328913a27fdf10ce3aff08f43bf0d843cf1d7bb4c6fc59','[\"*\"]','2026-05-27 21:13:02',NULL,'2026-05-06 16:06:35','2026-05-27 21:13:02'),(230,'App\\Models\\User',61,'optic-app','3059819e495aeee6497d8227b6a49f001ee63f2bc7cfc78963724ed629d4dfbe','[\"*\"]','2026-05-12 11:37:55',NULL,'2026-05-07 12:17:52','2026-05-12 11:37:55'),(234,'App\\Models\\User',58,'optic-app','b262b0bd45db5c4d3512a934f64b8ed03a2dd20694d00691a9b7963aaa8dc328','[\"*\"]','2026-05-28 13:01:53',NULL,'2026-05-07 13:31:47','2026-05-28 13:01:53'),(243,'App\\Models\\User',80,'optic-app','9cfd71ae52a3d8a0f0907b96d8982ad48006039dc123a72da15376d03122235e','[\"*\"]','2026-05-17 06:23:20',NULL,'2026-05-08 07:02:25','2026-05-17 06:23:20'),(281,'App\\Models\\User',82,'optic-app','e95d041c7e8035ee161a69f905fb047237f16e54c8000883ed472c9ea0042da1','[\"*\"]','2026-05-11 08:01:52',NULL,'2026-05-11 07:55:05','2026-05-11 08:01:52'),(286,'App\\Models\\User',18,'optic-app','6fdc73de2bb5abe1a0b05f177d15f197379bd823215ff6cd7b1f45c3d2ed90e8','[\"*\"]','2026-05-20 09:02:13',NULL,'2026-05-11 09:35:28','2026-05-20 09:02:13'),(292,'App\\Models\\User',66,'optic-app','1a769a40258395b75fceb53632bf975bf44b146c4b32f9595d0a8e877319e506','[\"*\"]','2026-05-28 16:15:57',NULL,'2026-05-11 13:30:22','2026-05-28 16:15:57'),(294,'App\\Models\\User',65,'optic-app','974d66e6055342cd2b15a5a82b7fa552771851703338368be3b691b06bb136f5','[\"*\"]','2026-05-28 17:19:52',NULL,'2026-05-11 15:39:28','2026-05-28 17:19:52'),(317,'App\\Models\\User',88,'optic-app','6aefc4a0c3dea8cbc8901504bc0efb77b44aecbb92e2801a560f180fcf7ae521','[\"*\"]','2026-05-13 08:41:44',NULL,'2026-05-13 07:01:48','2026-05-13 08:41:44'),(329,'App\\Models\\User',75,'optic-app','b51f98259d2461cbcacc5eaaa0b9a275ac6f312d3bef107a1f7dbde9c8de34b4','[\"*\"]','2026-05-28 11:45:27',NULL,'2026-05-13 12:54:28','2026-05-28 11:45:27'),(339,'App\\Models\\User',97,'optic-app','2ec9d2ea7f3025762cea96116269bf3f84a2e4af9141ac683307ab588bb081db','[\"*\"]',NULL,NULL,'2026-05-14 09:36:46','2026-05-14 09:36:46'),(346,'App\\Models\\User',83,'optic-app','f3af468ddab188ae36001b751831b4d8bbd6a6cb365726040cc81f034fbec0d6','[\"*\"]','2026-05-16 09:04:35',NULL,'2026-05-15 06:03:49','2026-05-16 09:04:35'),(350,'App\\Models\\User',98,'optic-app','d0746768ab9d533936cb9179e77a137d1e28d48728a38372655b10da57aab283','[\"*\"]',NULL,NULL,'2026-05-15 08:00:14','2026-05-15 08:00:14'),(356,'App\\Models\\User',92,'optic-app','3adc235832de9ab3c05fda4041e3b632e9e415e1ffc1ddb6b9a9e028868f061d','[\"*\"]','2026-05-22 15:36:59',NULL,'2026-05-15 12:48:16','2026-05-22 15:36:59'),(378,'App\\Models\\User',39,'optic-app','4d546cd8f15c6c6d9577d1ed9365dbdec5e2397e4f1ca1df92555940d5846da7','[\"*\"]','2026-05-27 14:30:10',NULL,'2026-05-16 10:28:41','2026-05-27 14:30:10'),(399,'App\\Models\\User',100,'optic-app','1ce8d1509d0dc71c0ac138cf87909d2144d8edff206ed428bb8d83716704dad4','[\"*\"]','2026-05-22 07:57:59',NULL,'2026-05-17 09:10:04','2026-05-22 07:57:59'),(402,'App\\Models\\User',93,'optic-app','22c1cf55e238afea681ee12b380ba2d5ec1a3d1558472e5d862887fb1e34a269','[\"*\"]','2026-05-21 12:57:04',NULL,'2026-05-18 05:52:54','2026-05-21 12:57:04'),(415,'App\\Models\\User',44,'optic-app','2e3288b6558aaed24587f66e41ff23aeec28f10c413060ad0bb88d55fcd73985','[\"*\"]','2026-05-18 09:53:16',NULL,'2026-05-18 09:53:04','2026-05-18 09:53:16'),(434,'App\\Models\\User',19,'optic-app','5717bb2fdfeccdcf3154551305c1db1d88b110d40297d08bad20e4f5a8001fee','[\"*\"]','2026-05-27 08:01:20',NULL,'2026-05-18 12:05:39','2026-05-27 08:01:20'),(435,'App\\Models\\User',103,'optic-app','76e08d912719ff64ec89d8cf159e94ebb91352fa9f8e286094317ed2648d0676','[\"*\"]','2026-05-19 17:29:01',NULL,'2026-05-18 12:46:19','2026-05-19 17:29:01'),(437,'App\\Models\\User',40,'optic-app','f1aca4a6bf3568b1abd0e47f3ef5d2bc7c22d09bc1157b9b7b20fcab6e7c9075','[\"*\"]','2026-05-28 16:48:14',NULL,'2026-05-18 12:53:38','2026-05-28 16:48:14'),(440,'App\\Models\\User',23,'optic-app','859aac90c73d15b8f7a5b645936938c10d12fb63fb97e0f84929fe5f02336a84','[\"*\"]','2026-05-23 18:03:07',NULL,'2026-05-18 13:38:06','2026-05-23 18:03:07'),(443,'App\\Models\\User',16,'optic-app','3e7feb5fb7c937af5070e0407a9737df0e8ae9efc40118f6013fe77b415f2ed6','[\"*\"]','2026-05-19 09:43:24',NULL,'2026-05-18 15:28:55','2026-05-19 09:43:24'),(451,'App\\Models\\User',55,'optic-app','d030d7f0ef3a9c1a07bc9af6c6515ce1f33d20f6e83c6f2e1fe12be122a0128a','[\"*\"]','2026-05-28 11:16:13',NULL,'2026-05-19 06:24:19','2026-05-28 11:16:13'),(455,'App\\Models\\User',79,'optic-app','9767738cfff563f97e34f3e0c20a289c9665857d7147faf8b26efa39c00df6e0','[\"*\"]','2026-05-19 08:08:09',NULL,'2026-05-19 08:07:44','2026-05-19 08:08:09'),(462,'App\\Models\\User',106,'optic-app','2851d207dd70512d86b296f0aea7880c6611a3d8714c6f39274ecfe20b8ca60d','[\"*\"]','2026-05-25 19:31:11',NULL,'2026-05-19 09:40:37','2026-05-25 19:31:11'),(465,'App\\Models\\User',53,'optic-app','b48845d938618d0c34bedc766affa1df90a437281501592a455041642cb53ba8','[\"*\"]','2026-05-27 10:25:57',NULL,'2026-05-19 12:07:10','2026-05-27 10:25:57'),(467,'App\\Models\\User',30,'optic-app','875f19a854193be12d18ddf98bf3aafbb21dce8a52a4173d19d8618caad57899','[\"*\"]','2026-05-28 06:01:28',NULL,'2026-05-19 12:30:12','2026-05-28 06:01:28'),(476,'App\\Models\\User',108,'optic-app','9fd9f13a4cc975f03e770d2f32f7febbe8cba12a236ae557ecc70cee650404d4','[\"*\"]','2026-05-19 14:28:17',NULL,'2026-05-19 14:22:31','2026-05-19 14:28:17'),(479,'App\\Models\\User',102,'optic-app','e121a398199d683ed25cf2b3e3c6d25ec481d9ca68e29095184a72e10fba1d21','[\"*\"]','2026-05-26 16:32:20',NULL,'2026-05-19 17:29:16','2026-05-26 16:32:20'),(485,'App\\Models\\User',26,'optic-app','9a3a4c076422fcb5d0a0a9ecbaa162f85886c9a5c8d2df3aaab6f62c1e58e2ba','[\"*\"]','2026-05-26 10:10:03',NULL,'2026-05-20 11:44:07','2026-05-26 10:10:03'),(486,'App\\Models\\User',104,'optic-app','5cb2e2b2d79f459b5b10cb89e8cf8162b795525892cb346f6c2e7c0d80ff7fc6','[\"*\"]','2026-05-20 13:34:02',NULL,'2026-05-20 13:33:31','2026-05-20 13:34:02'),(487,'App\\Models\\User',74,'optic-app','f739ab128f0f09a495957ca66c16d67918f592ab43495350240806459541c545','[\"*\"]','2026-05-21 08:56:48',NULL,'2026-05-20 13:46:03','2026-05-21 08:56:48'),(493,'App\\Models\\User',34,'optic-app','959945616623037ad0cad807054f3efd7ccb3dd0fffdd9b3c9e06a4249791418','[\"*\"]','2026-05-28 16:44:57',NULL,'2026-05-21 08:57:43','2026-05-28 16:44:57'),(498,'App\\Models\\User',25,'optic-app','675f79d8fb1e0720be5069e4628fc0b1a5cd10a3060af338640b1097e3ae579a','[\"*\"]','2026-05-26 16:46:48',NULL,'2026-05-21 14:04:30','2026-05-26 16:46:48'),(499,'App\\Models\\User',107,'optic-app','ffce88beb6608a21f0906e9930f3e3e778df16af742fb2bd0fba3ba9867a2d3b','[\"*\"]','2026-05-21 14:35:59',NULL,'2026-05-21 14:35:50','2026-05-21 14:35:59'),(500,'App\\Models\\User',70,'optic-app','08b3f60f6fcff1b332ed223acc00a726f45a1060918953e0aa79edfa9f9106b1','[\"*\"]','2026-05-21 14:42:27',NULL,'2026-05-21 14:42:21','2026-05-21 14:42:27'),(504,'App\\Models\\User',110,'optic-app','2d70fa797c37c0e5467d0f2e206e5c44da634c9c7b487876c7094d62cc40708e','[\"*\"]','2026-05-22 19:22:00',NULL,'2026-05-21 16:16:55','2026-05-22 19:22:00'),(505,'App\\Models\\User',28,'optic-app','ac8082c99a9df4779061f2e2de653351102ffebb2a64b3edf1e21a8197d919f8','[\"*\"]','2026-05-27 06:54:23',NULL,'2026-05-21 16:18:29','2026-05-27 06:54:23'),(517,'App\\Models\\User',56,'optic-app','84ac60423bb9448f00c0dbe2e27ea5a40ce4ca9cc06ab9e6f01fe822121cf881','[\"*\"]','2026-05-22 13:34:05',NULL,'2026-05-22 13:34:03','2026-05-22 13:34:05'),(524,'App\\Models\\User',89,'optic-app','ffb91d67d05f4c5e061486ad89abb4ca8f983bda674268f144512c0789c6b877','[\"*\"]','2026-05-23 08:31:52',NULL,'2026-05-22 15:54:53','2026-05-23 08:31:52'),(525,'App\\Models\\User',85,'optic-app','a2835c616a606710b4f63caac72ccbb93571488ad00998404a474bd3f986eedf','[\"*\"]','2026-05-23 04:16:40',NULL,'2026-05-22 15:58:09','2026-05-23 04:16:40'),(526,'App\\Models\\User',86,'optic-app','05f954ae70234de3c7b9a4304132f6ee42e2441ad9868c92fc8fd294dfaeaa74','[\"*\"]','2026-05-23 04:18:09',NULL,'2026-05-23 04:17:23','2026-05-23 04:18:09'),(527,'App\\Models\\User',17,'optic-app','3cf0c18e154a76ed970d7e39544a44c91f2063af0bbd4e4ac9788bc8d44f9fca','[\"*\"]','2026-05-26 13:16:28',NULL,'2026-05-23 06:10:47','2026-05-26 13:16:28'),(535,'App\\Models\\User',81,'optic-app','55185109d751d5090bc4e47c9660d196aa1071a0017258d5ed4ab3455936d0dd','[\"*\"]','2026-05-23 09:39:04',NULL,'2026-05-23 09:30:44','2026-05-23 09:39:04'),(538,'App\\Models\\User',35,'optic-app','95a7c75c76c53cacb02cd59c12d6760c04217df5aa5dce1a60ee8097eaed91c9','[\"*\"]','2026-05-23 12:40:49',NULL,'2026-05-23 12:40:41','2026-05-23 12:40:49'),(539,'App\\Models\\User',51,'optic-app','8f698dcc71f0ce87f6dbb812954f34ab91e674f6380d3aaccc9d75db8f33cd8e','[\"*\"]','2026-05-23 13:45:35',NULL,'2026-05-23 13:44:45','2026-05-23 13:45:35'),(547,'App\\Models\\User',105,'optic-app','cdf24613c168c07151dbdb69204b91b3ae5d31786006ad01800dd99c773abde2','[\"*\"]','2026-05-25 07:40:00',NULL,'2026-05-25 07:36:49','2026-05-25 07:40:00'),(548,'App\\Models\\User',111,'optic-app','80f6657037ef58112836d41b1ff177e4afe95f1eb1f02a0fa7977fb07f3a8609','[\"*\"]','2026-05-28 09:53:47',NULL,'2026-05-25 09:26:02','2026-05-28 09:53:47'),(549,'App\\Models\\User',84,'optic-app','332a333b84246272e66d1d99cc1d56e53a2806d6eb7347655bb5b6eaeb93eb14','[\"*\"]','2026-05-28 16:24:01',NULL,'2026-05-25 09:28:38','2026-05-28 16:24:01'),(550,'App\\Models\\User',27,'optic-app','9b29b27463533773f47923503ba543b8d05f2bb45525be119b5799c7d127b935','[\"*\"]','2026-05-28 07:32:57',NULL,'2026-05-25 09:53:30','2026-05-28 07:32:57'),(551,'App\\Models\\User',49,'optic-app','dc772593a560c8911db597a82de041ae93fbdd23021c12bd880e3c1615760ed9','[\"*\"]','2026-05-28 08:55:23',NULL,'2026-05-25 09:56:15','2026-05-28 08:55:23'),(553,'App\\Models\\User',57,'optic-app','e03a33ff6edaca3ea11510adc7076f28e7fe99c03bf9d25371f0e33dbb63412c','[\"*\"]','2026-05-28 15:03:37',NULL,'2026-05-25 12:19:37','2026-05-28 15:03:37'),(558,'App\\Models\\User',1,'optic-app','2766bc0ea7ab72cd19fbe9519e64a3d2c24d3d1ac9abdf8248f79002254ec25a','[\"*\"]','2026-05-28 08:44:45',NULL,'2026-05-25 17:33:55','2026-05-28 08:44:45'),(563,'App\\Models\\User',45,'optic-app','676b2abcd05b2e33b905d7ec47138ae6584951a5122dac89024ea94a0ca6ee86','[\"*\"]','2026-05-28 14:50:42',NULL,'2026-05-26 08:24:12','2026-05-28 14:50:42'),(567,'App\\Models\\User',22,'optic-app','408146214e1df815d16f9b269b8da42244269f256f50b2da203e8d230167cc55','[\"*\"]','2026-05-27 12:10:29',NULL,'2026-05-26 11:54:24','2026-05-27 12:10:29'),(568,'App\\Models\\User',112,'optic-app','4a3b6ea77e18b6f7c68aa4ebfbed6c13203810ac77b6e063ef926725d9babcfe','[\"*\"]','2026-05-28 13:34:45',NULL,'2026-05-26 12:04:36','2026-05-28 13:34:45'),(569,'App\\Models\\User',94,'optic-app','09da8900ac187d3c7400d5bd4dbf39ca806c61724741b4ca62f68a2cffdd9ec6','[\"*\"]','2026-05-26 12:29:48',NULL,'2026-05-26 12:16:10','2026-05-26 12:29:48'),(571,'App\\Models\\User',37,'optic-app','1de361d21eb8626710271286e9116c374a6d6c40ea2246337b7aaf79760d5f45','[\"*\"]','2026-05-26 13:18:07',NULL,'2026-05-26 13:17:06','2026-05-26 13:18:07'),(572,'App\\Models\\User',101,'optic-app','b18a60d39cea60572a3953891a13cdab0818471d19291b7b25b7d5abc2036fd9','[\"*\"]','2026-05-28 08:45:40',NULL,'2026-05-26 16:33:36','2026-05-28 08:45:40'),(578,'App\\Models\\User',24,'optic-app','77ab8c9cd903923a54cda376578ee908c85c7df7bacd113e20ae319ba159c569','[\"*\"]','2026-05-27 08:44:06',NULL,'2026-05-27 08:29:42','2026-05-27 08:44:06'),(579,'App\\Models\\User',95,'optic-app','b9a9ec631e63fd2fdfcfaf90a68e99412b1bc030c27a737fe1bd00c9491fbc07','[\"*\"]','2026-05-27 11:34:19',NULL,'2026-05-27 11:30:44','2026-05-27 11:34:19'),(580,'App\\Models\\User',69,'optic-app','f2effaa472c454091f4e5ce3b7b7f7adb043245f5d170b67e3e6e052b6a46b6b','[\"*\"]','2026-05-27 14:36:09',NULL,'2026-05-27 14:31:06','2026-05-27 14:36:09'),(581,'App\\Models\\User',54,'optic-app','10644df2369e3c34e5fae17e038aeb318716b3cd2f6d02294b2a1d8bceeccc0c','[\"*\"]','2026-05-28 10:02:55',NULL,'2026-05-27 17:58:51','2026-05-28 10:02:55'),(582,'App\\Models\\User',20,'optic-app','afad0b7b032bf5bee41c9c95642a6a65e8e0387a4c43a8110769476b73d1ec16','[\"*\"]','2026-05-28 13:16:17',NULL,'2026-05-28 08:56:10','2026-05-28 13:16:17'),(583,'App\\Models\\User',63,'optic-app','88e017ae164081832564c91d22455b4af031cb58cb378aa78540cb6c8e6f60a8','[\"*\"]','2026-05-28 12:41:06',NULL,'2026-05-28 09:49:52','2026-05-28 12:41:06'),(584,'App\\Models\\User',10,'optic-app','1d3d1ce553368cf58a0de29eb7cc4ccee30ebdf8fc562749692a4ec7385545c2','[\"*\"]','2026-05-28 11:09:55',NULL,'2026-05-28 11:08:58','2026-05-28 11:09:55');
/*!40000 ALTER TABLE `personal_access_tokens` ENABLE KEYS */;
UNLOCK TABLES;

--
-- Table structure for table `product_list`
--

DROP TABLE IF EXISTS `product_list`;
/*!40101 SET @saved_cs_client     = @@character_set_client */;
/*!50503 SET character_set_client = utf8mb4 */;
CREATE TABLE `product_list` (
  `id` bigint unsigned NOT NULL AUTO_INCREMENT,
  `stock_id` bigint unsigned DEFAULT NULL,
  `purchase_id` bigint unsigned DEFAULT NULL,
  `branch_id` bigint unsigned DEFAULT NULL,
  `category_id` bigint unsigned NOT NULL,
  `model` varchar(255) NOT NULL,
  `imei_number` varchar(512) NOT NULL,
  `product_id` bigint unsigned DEFAULT NULL,
  `sold_at` timestamp NULL DEFAULT NULL,
  `agent_sale_id` bigint unsigned DEFAULT NULL,
  `distribution_sale_id` bigint unsigned DEFAULT NULL,
  `pending_sale_id` bigint unsigned DEFAULT NULL,
  `created_at` timestamp NULL DEFAULT NULL,
  `updated_at` timestamp NULL DEFAULT NULL,
  `agent_credit_id` bigint unsigned DEFAULT NULL,
  PRIMARY KEY (`id`),
  UNIQUE KEY `product_list_imei_number_unique` (`imei_number`),
  KEY `product_list_category_id_foreign` (`category_id`),
  KEY `product_list_product_id_foreign` (`product_id`),
  KEY `product_list_agent_sale_id_foreign` (`agent_sale_id`),
  KEY `product_list_purchase_id_foreign` (`purchase_id`),
  KEY `product_list_pending_sale_id_foreign` (`pending_sale_id`),
  KEY `product_list_agent_credit_id_foreign` (`agent_credit_id`),
  KEY `product_list_branch_id_foreign` (`branch_id`),
  KEY `product_list_stock_id_foreign` (`stock_id`),
  KEY `product_list_distribution_sale_id_foreign` (`distribution_sale_id`),
  CONSTRAINT `product_list_agent_credit_id_foreign` FOREIGN KEY (`agent_credit_id`) REFERENCES `agent_credits` (`id`) ON DELETE SET NULL,
  CONSTRAINT `product_list_agent_sale_id_foreign` FOREIGN KEY (`agent_sale_id`) REFERENCES `agent_sales` (`id`) ON DELETE SET NULL,
  CONSTRAINT `product_list_branch_id_foreign` FOREIGN KEY (`branch_id`) REFERENCES `branches` (`id`) ON DELETE SET NULL,
  CONSTRAINT `product_list_category_id_foreign` FOREIGN KEY (`category_id`) REFERENCES `brands` (`id`) ON DELETE CASCADE,
  CONSTRAINT `product_list_distribution_sale_id_foreign` FOREIGN KEY (`distribution_sale_id`) REFERENCES `distribution_sales` (`id`) ON DELETE SET NULL,
  CONSTRAINT `product_list_pending_sale_id_foreign` FOREIGN KEY (`pending_sale_id`) REFERENCES `pending_sales` (`id`) ON DELETE SET NULL,
  CONSTRAINT `product_list_product_id_foreign` FOREIGN KEY (`product_id`) REFERENCES `models` (`id`) ON DELETE SET NULL,
  CONSTRAINT `product_list_purchase_id_foreign` FOREIGN KEY (`purchase_id`) REFERENCES `purchases` (`id`) ON DELETE SET NULL,
  CONSTRAINT `product_list_stock_id_foreign` FOREIGN KEY (`stock_id`) REFERENCES `stocks` (`id`) ON DELETE SET NULL
) ENGINE=InnoDB AUTO_INCREMENT=2040 DEFAULT CHARSET=latin1;
/*!40101 SET character_set_client = @saved_cs_client */;

--
-- Dumping data for table `product_list`
--

LOCK TABLES `product_list` WRITE;
/*!40000 ALTER TABLE `product_list` DISABLE KEYS */;
INSERT INTO `product_list` VALUES (23,NULL,7,NULL,1,'A07 64GB','351929930682559',430,'2026-05-04 06:14:27',NULL,NULL,NULL,'2026-05-02 07:18:52','2026-05-04 06:14:27',71),(24,NULL,7,NULL,1,'A07 64GB','351929930682617',430,'2026-05-04 11:32:36',NULL,NULL,NULL,'2026-05-02 07:18:52','2026-05-04 11:32:36',93),(25,NULL,7,NULL,1,'A07 64GB','351929930681973',430,'2026-05-04 16:01:28',NULL,NULL,NULL,'2026-05-02 07:18:52','2026-05-04 16:01:28',114),(26,NULL,7,NULL,1,'A07 64GB','350151140421865',430,'2026-05-02 15:42:20',NULL,NULL,NULL,'2026-05-02 08:06:04','2026-05-02 15:42:20',27),(27,NULL,7,NULL,1,'A07 64GB','350151140365641',430,'2026-05-02 15:09:34',NULL,NULL,NULL,'2026-05-02 08:06:04','2026-05-02 15:09:34',24),(28,NULL,7,NULL,1,'A07 64GB','350151140365948',430,'2026-05-04 10:06:26',NULL,NULL,NULL,'2026-05-02 08:14:24','2026-05-04 10:06:26',87),(29,NULL,7,NULL,1,'A07 64GB','350151140371326',430,'2026-05-03 08:40:06',NULL,NULL,NULL,'2026-05-02 08:14:24','2026-05-03 08:40:06',50),(30,NULL,7,NULL,1,'A07 64GB','350151140393478',430,'2026-05-08 06:45:10',NULL,NULL,NULL,'2026-05-02 08:14:24','2026-05-08 06:45:10',352),(31,NULL,7,NULL,1,'A07 64GB','350151140394690',430,'2026-05-02 13:37:00',NULL,NULL,NULL,'2026-05-02 08:14:24','2026-05-02 13:37:00',12),(32,NULL,7,NULL,1,'A07 64GB','350151140393262',430,'2026-05-04 08:37:50',NULL,NULL,NULL,'2026-05-02 08:14:24','2026-05-04 08:37:50',81),(33,NULL,7,NULL,1,'A07 64GB','350151140394435',430,'2026-05-03 14:08:42',NULL,NULL,NULL,'2026-05-02 08:14:24','2026-05-03 14:08:42',67),(34,NULL,7,NULL,1,'A07 64GB','354201382388383',430,'2026-05-04 12:23:41',NULL,NULL,NULL,'2026-05-02 08:21:59','2026-05-04 12:23:41',97),(35,NULL,7,NULL,1,'A07 64GB','350151140393585',430,'2026-05-02 16:43:48',NULL,NULL,NULL,'2026-05-02 08:21:59','2026-05-02 16:43:48',32),(36,NULL,7,NULL,1,'A07 64GB','350151140387116',430,'2026-05-05 10:46:57',NULL,NULL,NULL,'2026-05-02 08:54:48','2026-05-05 10:46:57',135),(37,NULL,7,NULL,1,'A07 64GB','350151140394153',430,'2026-05-06 06:44:58',NULL,NULL,NULL,'2026-05-02 08:54:48','2026-05-06 06:44:58',198),(38,NULL,7,NULL,1,'A07 64GB','350151140394302',430,'2026-05-06 09:26:40',NULL,NULL,NULL,'2026-05-02 08:54:48','2026-05-06 09:26:40',205),(39,NULL,7,NULL,1,'A07 64GB','350151140394468',430,'2026-05-05 07:42:46',NULL,NULL,NULL,'2026-05-02 08:54:48','2026-05-05 07:42:46',126),(40,NULL,7,NULL,1,'A07 64GB','350151140418432',430,'2026-05-05 15:34:46',NULL,NULL,NULL,'2026-05-02 08:54:48','2026-05-05 15:34:46',166),(41,NULL,7,NULL,1,'A07 64GB','354201382385611',430,'2026-05-02 12:03:31',NULL,NULL,NULL,'2026-05-02 08:54:48','2026-05-02 12:03:31',11),(42,NULL,7,NULL,1,'A07 64GB','354201382386403',430,'2026-05-04 13:43:21',NULL,NULL,NULL,'2026-05-02 08:54:48','2026-05-04 13:43:21',105),(43,NULL,7,NULL,1,'A07 64GB','354201382386668',430,'2026-05-02 14:54:47',NULL,NULL,NULL,'2026-05-02 08:54:48','2026-05-02 14:54:47',21),(44,NULL,7,NULL,1,'A07 64GB','354201382390595',430,'2026-05-03 12:26:41',NULL,NULL,NULL,'2026-05-02 08:54:48','2026-05-03 12:26:41',60),(45,NULL,7,NULL,1,'A07 64GB','354201382411409',430,'2026-05-04 18:31:11',NULL,NULL,NULL,'2026-05-02 08:54:48','2026-05-04 18:31:11',121),(46,NULL,7,NULL,1,'A07 64GB','350151140371524',430,'2026-05-04 18:51:10',NULL,NULL,NULL,'2026-05-02 08:54:48','2026-05-04 18:51:10',124),(47,NULL,7,NULL,1,'A07 64GB','350151140394674',430,'2026-05-04 11:56:13',NULL,NULL,NULL,'2026-05-02 08:54:48','2026-05-04 11:56:13',95),(48,NULL,7,NULL,1,'A07 64GB','350151140394823',430,'2026-05-09 14:20:19',NULL,NULL,NULL,'2026-05-02 08:54:48','2026-05-09 14:20:19',446),(49,NULL,7,NULL,1,'A07 64GB','350151140368538',430,'2026-05-09 10:56:42',NULL,NULL,NULL,'2026-05-02 09:04:10','2026-05-09 10:56:42',437),(50,NULL,7,NULL,1,'A07 64GB','350151140393353',430,'2026-05-06 18:20:35',NULL,NULL,NULL,'2026-05-02 09:04:10','2026-05-06 18:20:35',270),(51,NULL,7,NULL,1,'A07 64GB','350151140393361',430,'2026-05-20 14:35:10',NULL,NULL,NULL,'2026-05-02 09:04:10','2026-05-20 14:35:10',1014),(52,NULL,7,NULL,1,'A07 64GB','354201382324735',430,'2026-05-04 10:41:49',NULL,NULL,NULL,'2026-05-02 09:04:10','2026-05-04 10:41:49',88),(53,NULL,7,NULL,1,'A07 64GB','354201382386619',430,'2026-05-04 15:49:39',NULL,NULL,NULL,'2026-05-02 09:04:10','2026-05-04 15:49:39',112),(54,NULL,7,NULL,1,'A07 64GB','354201382394209',430,'2026-05-27 14:33:10',NULL,NULL,NULL,'2026-05-02 09:04:10','2026-05-27 14:33:10',1232),(55,NULL,7,NULL,1,'A07 64GB','354201382322135',430,'2026-05-04 18:47:57',NULL,NULL,NULL,'2026-05-02 09:04:10','2026-05-04 18:47:57',123),(56,NULL,7,NULL,1,'A07 64GB','350151140368850',430,'2026-05-07 10:02:19',NULL,NULL,NULL,'2026-05-02 09:04:10','2026-05-07 10:02:19',290),(57,NULL,7,NULL,1,'A07 64GB','350151140417475',430,'2026-05-02 17:29:30',NULL,NULL,NULL,'2026-05-02 09:04:10','2026-05-02 17:29:30',37),(58,NULL,7,NULL,1,'A07 64GB','354201382398218',430,'2026-05-16 09:42:40',NULL,NULL,NULL,'2026-05-02 09:04:10','2026-05-16 09:42:40',779),(59,NULL,7,NULL,1,'A07 64GB','350151140394732',430,'2026-05-02 14:52:34',NULL,NULL,NULL,'2026-05-02 09:10:44','2026-05-02 14:52:34',20),(60,NULL,7,NULL,1,'A07 64GB','351929930718601',430,'2026-05-03 08:03:44',NULL,NULL,NULL,'2026-05-02 09:10:44','2026-05-03 08:03:44',46),(61,NULL,7,NULL,1,'A07 64GB','350151140365617',430,'2026-05-02 16:28:04',NULL,NULL,NULL,'2026-05-02 09:10:44','2026-05-02 16:28:04',30),(62,NULL,7,NULL,1,'A07 64GB','351929930118619',430,'2026-05-03 12:24:22',NULL,NULL,NULL,'2026-05-02 09:10:44','2026-05-03 12:24:22',59),(63,NULL,7,NULL,1,'A07 64GB','351929930665349',430,'2026-05-05 15:26:53',NULL,NULL,NULL,'2026-05-02 09:25:32','2026-05-05 15:26:53',163),(64,NULL,7,NULL,1,'A07 64GB','354201382321970',430,'2026-05-03 15:04:12',NULL,NULL,NULL,'2026-05-02 09:25:32','2026-05-03 15:04:12',70),(65,NULL,7,NULL,1,'A07 64GB','351929930718635',430,'2026-05-05 16:53:02',NULL,NULL,NULL,'2026-05-02 09:25:32','2026-05-05 16:53:02',171),(66,NULL,7,NULL,1,'A07 64GB','354201382321913',430,'2026-05-04 07:37:38',NULL,NULL,NULL,'2026-05-02 09:25:32','2026-05-04 07:37:38',76),(67,NULL,7,NULL,1,'A07 64GB','350151140394757',430,'2026-05-04 17:26:30',NULL,NULL,NULL,'2026-05-02 09:25:32','2026-05-04 17:26:30',117),(68,NULL,7,NULL,1,'A07 64GB','350151146264178',430,'2026-05-25 16:44:27',NULL,NULL,NULL,'2026-05-02 09:30:47','2026-05-25 16:44:27',1175),(69,NULL,7,NULL,1,'A07 64GB','351738748277241',430,'2026-05-02 14:46:06',NULL,NULL,NULL,'2026-05-02 09:30:47','2026-05-02 14:46:06',17),(70,NULL,13,NULL,1,'Galaxy A05s','351830441977381',89,'2026-05-02 10:35:43',NULL,NULL,NULL,'2026-05-02 10:11:16','2026-05-02 10:35:43',NULL),(71,NULL,7,NULL,1,'A07 64GB','350151140375541',430,'2026-05-04 13:32:00',NULL,NULL,NULL,'2026-05-02 11:04:14','2026-05-04 13:32:00',101),(72,NULL,7,NULL,1,'A07 64GB','350151140375673',430,'2026-05-07 14:45:02',NULL,NULL,NULL,'2026-05-02 11:04:14','2026-05-07 14:45:02',327),(73,NULL,7,NULL,1,'A07 64GB','350151140375699',430,'2026-05-03 12:16:33',NULL,NULL,NULL,'2026-05-02 11:04:14','2026-05-03 12:16:33',58),(74,NULL,7,NULL,1,'A07 64GB','350151140375822',430,'2026-05-08 13:40:03',NULL,NULL,NULL,'2026-05-02 11:04:14','2026-05-08 13:40:03',394),(75,NULL,7,NULL,1,'A07 64GB','350151140394294',430,'2026-05-07 10:13:20',NULL,NULL,NULL,'2026-05-02 11:04:14','2026-05-07 10:13:20',292),(76,NULL,7,NULL,1,'A07 64GB','350151140394591',430,'2026-05-07 11:40:46',NULL,NULL,NULL,'2026-05-02 11:04:14','2026-05-07 11:40:46',301),(77,NULL,7,NULL,1,'A07 64GB','354201382385710',430,'2026-05-03 07:21:15',NULL,NULL,NULL,'2026-05-02 11:04:14','2026-05-03 07:21:15',44),(78,NULL,7,NULL,1,'A07 64GB','354201382402838',430,'2026-05-02 14:37:30',NULL,NULL,NULL,'2026-05-02 11:04:14','2026-05-02 14:37:30',16),(79,NULL,7,NULL,1,'A07 64GB','354201382386635',430,'2026-05-06 10:34:11',NULL,NULL,NULL,'2026-05-02 11:04:14','2026-05-06 10:34:11',208),(80,NULL,7,NULL,1,'A07 64GB','354201382388235',430,'2026-05-04 09:58:42',NULL,NULL,NULL,'2026-05-02 11:04:14','2026-05-04 09:58:42',85),(81,NULL,7,NULL,1,'A07 64GB','350151140365773',430,'2026-05-02 14:14:04',NULL,NULL,NULL,'2026-05-02 11:21:35','2026-05-02 14:14:04',15),(82,NULL,7,NULL,1,'A07 64GB','350151140394310',430,'2026-05-03 13:52:13',NULL,NULL,NULL,'2026-05-02 11:21:35','2026-05-03 13:52:13',66),(83,NULL,7,NULL,1,'A07 64GB','354201382321996',430,'2026-05-06 13:07:09',NULL,NULL,NULL,'2026-05-02 11:21:35','2026-05-06 13:07:09',229),(84,NULL,7,NULL,1,'A07 64GB','354201382322218',430,'2026-05-04 08:21:05',NULL,NULL,NULL,'2026-05-02 11:21:35','2026-05-04 08:21:05',79),(85,NULL,7,NULL,1,'A07 64GB','354201382328546',430,'2026-05-04 09:58:36',NULL,NULL,NULL,'2026-05-02 11:21:35','2026-05-04 09:58:36',84),(86,NULL,7,NULL,1,'A07 64GB','354201382396139',430,'2026-05-04 13:33:30',NULL,NULL,NULL,'2026-05-02 11:26:35','2026-05-04 13:33:30',102),(87,NULL,7,NULL,1,'A07 64GB','350151140368827',430,'2026-05-05 15:21:00',NULL,NULL,NULL,'2026-05-02 11:36:13','2026-05-05 15:21:00',162),(88,NULL,7,NULL,1,'A07 64GB','350151140393247',430,'2026-05-03 14:18:55',NULL,NULL,NULL,'2026-05-02 11:36:13','2026-05-03 14:18:55',68),(89,NULL,7,NULL,1,'A07 64GB','350151140394740',430,'2026-05-03 10:02:48',NULL,NULL,NULL,'2026-05-02 11:36:13','2026-05-03 10:02:48',53),(90,NULL,7,NULL,1,'A07 64GB','350151140365849',430,'2026-05-05 12:22:50',NULL,NULL,NULL,'2026-05-02 11:36:13','2026-05-05 12:22:50',145),(91,NULL,7,NULL,1,'A07 64GB','350151140390524',430,'2026-05-04 11:34:18',NULL,NULL,NULL,'2026-05-02 11:44:43','2026-05-04 11:34:18',94),(92,NULL,7,NULL,1,'A07 64GB','350151140415438',430,'2026-05-04 12:38:18',NULL,NULL,NULL,'2026-05-02 11:44:43','2026-05-04 12:38:18',98),(93,NULL,7,NULL,1,'A07 64GB','351929930721696',430,'2026-05-02 12:46:49',NULL,NULL,NULL,'2026-05-02 11:44:43','2026-05-03 09:02:19',52),(94,NULL,7,NULL,1,'A07 64GB','351929930721811',430,'2026-05-04 11:02:46',NULL,NULL,NULL,'2026-05-02 11:44:43','2026-05-04 11:02:46',91),(95,NULL,7,NULL,1,'A07 64GB','354201382322168',430,'2026-05-04 14:02:36',NULL,NULL,NULL,'2026-05-02 11:44:43','2026-05-04 14:02:36',108),(96,NULL,7,NULL,1,'A07 64GB','350151140369429',430,'2026-05-03 08:35:20',NULL,NULL,NULL,'2026-05-02 11:46:57','2026-05-03 08:35:20',49),(97,NULL,7,NULL,1,'A07 64GB','350151140377059',430,'2026-05-04 09:27:53',NULL,NULL,NULL,'2026-05-02 11:46:57','2026-05-04 09:27:53',83),(98,NULL,7,NULL,1,'A07 64GB','350151140368892',430,'2026-05-05 11:37:36',NULL,NULL,NULL,'2026-05-02 11:52:48','2026-05-05 11:37:36',139),(99,NULL,7,NULL,1,'A07 64GB','350151140410512',430,'2026-05-04 13:45:07',NULL,NULL,NULL,'2026-05-02 11:52:48','2026-05-04 13:45:07',106),(100,NULL,7,NULL,1,'A07 64GB','351929930671883',430,'2026-05-03 12:42:54',NULL,NULL,NULL,'2026-05-02 11:52:48','2026-05-03 12:42:54',64),(101,NULL,7,NULL,1,'A07 64GB','351929930721035',430,'2026-05-04 13:34:03',NULL,NULL,NULL,'2026-05-02 11:52:48','2026-05-04 13:34:03',103),(102,NULL,7,NULL,1,'A07 64GB','351929930722132',430,'2026-05-07 07:08:08',NULL,NULL,NULL,'2026-05-02 11:52:48','2026-05-07 07:08:08',275),(103,NULL,7,NULL,1,'A07 64GB','350151145442460',430,'2026-05-10 15:00:26',NULL,NULL,NULL,'2026-05-02 12:03:16','2026-05-10 15:00:26',490),(104,NULL,7,NULL,1,'A07 64GB','350151146995821',430,'2026-05-07 09:09:12',NULL,NULL,NULL,'2026-05-02 12:03:16','2026-05-07 09:09:12',282),(105,NULL,7,NULL,1,'A07 64GB','350151140368934',430,'2026-05-07 09:14:48',NULL,NULL,NULL,'2026-05-02 12:07:14','2026-05-07 09:14:48',283),(106,NULL,7,NULL,1,'A07 64GB','350151140411411',430,'2026-05-04 10:50:52',NULL,NULL,NULL,'2026-05-02 12:07:14','2026-05-04 10:50:52',89),(107,NULL,7,NULL,1,'A07 64GB','351929930721761',430,'2026-05-06 10:43:43',NULL,NULL,NULL,'2026-05-02 12:07:14','2026-05-06 10:43:43',209),(108,NULL,7,NULL,1,'A07 64GB','351929930721779',430,'2026-05-05 08:34:23',NULL,NULL,NULL,'2026-05-02 12:07:14','2026-05-05 08:34:23',127),(109,NULL,7,NULL,1,'A07 64GB','350151141627189',430,'2026-05-06 11:48:04',NULL,NULL,NULL,'2026-05-02 12:07:14','2026-05-06 11:48:04',219),(110,NULL,7,NULL,1,'A07 64GB','350151140368868',430,'2026-05-06 16:15:09',NULL,NULL,NULL,'2026-05-02 12:07:14','2026-05-06 16:15:09',250),(111,NULL,7,NULL,1,'A07 64GB','350151140375574',430,'2026-05-03 14:42:02',NULL,NULL,NULL,'2026-05-02 12:19:06','2026-05-03 14:42:02',69),(112,NULL,7,NULL,1,'A07 64GB','350151140375640',430,'2026-05-02 16:20:05',NULL,NULL,NULL,'2026-05-02 12:19:06','2026-05-02 16:20:05',29),(113,NULL,7,NULL,1,'A07 64GB','350151140375707',430,'2026-05-04 13:31:08',NULL,NULL,NULL,'2026-05-02 12:19:06','2026-05-04 13:31:08',100),(114,NULL,7,NULL,1,'A07 64GB','350151140394658',430,'2026-05-04 08:20:13',NULL,NULL,NULL,'2026-05-02 12:19:06','2026-05-04 08:20:13',78),(115,NULL,7,NULL,1,'A07 64GB','350151140394930',430,'2026-05-04 11:05:58',NULL,NULL,NULL,'2026-05-02 12:19:06','2026-05-04 11:05:58',92),(116,NULL,7,NULL,1,'A07 64GB','354201382932511',430,'2026-05-13 11:55:19',NULL,NULL,NULL,'2026-05-02 12:43:40','2026-05-13 11:55:19',618),(117,NULL,7,NULL,1,'A07 64GB','351929930719500',430,'2026-05-16 11:29:01',NULL,NULL,NULL,'2026-05-02 12:43:40','2026-05-16 11:29:01',790),(118,NULL,7,NULL,1,'A07 64GB','350151140246569',430,'2026-05-16 16:59:36',NULL,NULL,NULL,'2026-05-02 12:43:40','2026-05-16 16:59:36',833),(119,NULL,7,NULL,1,'A07 64GB','351929930715979',430,'2026-05-16 12:43:00',NULL,NULL,NULL,'2026-05-02 12:43:40','2026-05-16 12:43:00',798),(120,NULL,7,NULL,1,'A07 64GB','350151140246502',430,'2026-05-15 09:44:59',NULL,NULL,NULL,'2026-05-02 12:43:40','2026-05-15 09:44:59',728),(121,NULL,7,NULL,1,'A07 64GB','351929930715839',430,'2026-05-07 13:38:48',NULL,NULL,NULL,'2026-05-02 12:49:28','2026-05-07 13:38:48',318),(122,NULL,7,NULL,1,'A07 64GB','354201382408538',430,'2026-05-03 11:55:36',NULL,NULL,NULL,'2026-05-02 12:49:28','2026-05-03 11:55:36',56),(123,NULL,7,NULL,1,'A07 64GB','350151140246585',430,'2026-05-12 18:55:47',NULL,NULL,NULL,'2026-05-02 12:49:28','2026-05-12 18:55:47',600),(124,NULL,7,NULL,1,'A07 64GB','351929930719146',430,'2026-05-07 09:17:54',NULL,NULL,NULL,'2026-05-02 12:49:28','2026-05-07 09:17:54',286),(125,NULL,7,NULL,1,'A07 64GB','350151140244960',430,'2026-05-03 08:31:17',NULL,NULL,NULL,'2026-05-02 12:49:28','2026-05-03 08:31:17',48),(126,NULL,7,NULL,1,'A07 64GB','354201382386320',430,'2026-05-02 18:57:07',NULL,NULL,NULL,'2026-05-02 12:53:16','2026-05-02 18:57:07',43),(127,NULL,7,NULL,1,'A07 64GB','350151140393338',430,'2026-05-02 18:20:31',NULL,NULL,NULL,'2026-05-02 12:53:16','2026-05-02 18:20:31',41),(128,NULL,7,NULL,1,'A07 64GB','354201382396881',430,'2026-05-02 14:47:12',NULL,NULL,NULL,'2026-05-02 12:55:09','2026-05-02 14:47:12',18),(129,NULL,7,NULL,1,'A07 64GB','354201382404784',430,'2026-05-02 16:36:30',NULL,NULL,NULL,'2026-05-02 13:06:09','2026-05-02 16:36:30',31),(130,NULL,7,NULL,1,'A07 64GB','350151140246718',430,'2026-05-05 11:23:23',NULL,NULL,NULL,'2026-05-02 13:06:09','2026-05-05 11:23:23',138),(131,NULL,7,NULL,1,'A07 64GB','351929930667535',430,'2026-05-02 14:48:29',NULL,NULL,NULL,'2026-05-02 13:06:09','2026-05-02 14:48:29',19),(132,NULL,7,NULL,1,'A07 64GB','351929930716209',430,'2026-05-02 13:42:57',NULL,NULL,NULL,'2026-05-02 13:06:09','2026-05-02 13:42:57',13),(133,NULL,7,NULL,1,'A07 64GB','350151140265502',430,'2026-05-05 11:47:06',NULL,NULL,NULL,'2026-05-02 13:06:09','2026-05-05 11:47:06',141),(134,NULL,7,NULL,1,'A07 64GB','351929930716076',430,'2026-05-05 15:14:23',NULL,NULL,NULL,'2026-05-02 13:16:41','2026-05-05 15:14:23',160),(135,NULL,7,NULL,1,'A07 64GB','351929930724708',430,'2026-05-08 16:06:04',NULL,NULL,NULL,'2026-05-02 13:16:41','2026-05-08 16:06:04',408),(136,NULL,7,NULL,1,'A07 64GB','354201382941710',430,'2026-05-03 08:01:46',NULL,NULL,NULL,'2026-05-02 13:16:41','2026-05-03 08:01:46',45),(137,NULL,7,NULL,1,'A07 64GB','354201382941546',430,'2026-05-06 15:43:34',NULL,NULL,NULL,'2026-05-02 13:16:41','2026-05-06 15:43:34',245),(138,NULL,7,NULL,1,'A07 64GB','350151140247112',430,'2026-05-06 14:59:16',NULL,NULL,NULL,'2026-05-02 13:16:41','2026-05-06 14:59:16',241),(139,NULL,7,NULL,1,'A07 64GB','354201382932313',430,'2026-05-02 17:08:22',NULL,NULL,NULL,'2026-05-02 13:20:04','2026-05-02 17:08:22',35),(140,NULL,7,NULL,1,'A07 64GB','354201382932438',430,'2026-05-04 18:34:14',NULL,NULL,NULL,'2026-05-02 13:20:04','2026-05-04 18:34:14',122),(141,NULL,7,NULL,1,'A07 64GB','351929930694968',430,'2026-05-05 15:15:43',NULL,NULL,NULL,'2026-05-02 13:20:04','2026-05-05 15:15:43',161),(142,NULL,7,NULL,1,'A07 64GB','351929930724963',430,'2026-05-07 11:31:02',NULL,NULL,NULL,'2026-05-02 13:20:04','2026-05-07 11:31:02',298),(143,NULL,7,NULL,1,'A07 64GB','350151140265619',430,'2026-05-04 09:15:13',NULL,NULL,NULL,'2026-05-02 13:20:04','2026-05-04 09:15:13',82),(144,NULL,7,NULL,1,'A07 64GB','354201380144093',430,'2026-05-02 14:58:46',NULL,NULL,NULL,'2026-05-02 13:21:51','2026-05-02 14:58:46',22),(145,NULL,7,NULL,1,'A07 64GB','351929930716340',430,'2026-05-03 12:06:19',NULL,NULL,NULL,'2026-05-02 13:25:31','2026-05-03 12:06:19',57),(146,NULL,7,NULL,1,'A07 64GB','350151140247021',430,'2026-05-05 13:05:48',NULL,NULL,NULL,'2026-05-02 13:25:31','2026-05-05 13:05:48',151),(147,NULL,7,NULL,1,'A07 64GB','354201382405187',430,'2026-05-02 17:55:31',NULL,NULL,NULL,'2026-05-02 13:25:31','2026-05-02 17:55:31',40),(148,NULL,7,NULL,1,'A07 64GB','350151140265551',430,'2026-05-03 10:58:10',NULL,NULL,NULL,'2026-05-02 13:25:31','2026-05-03 10:58:10',55),(149,NULL,7,NULL,1,'A07 64GB','351929930715953',430,'2026-05-04 14:22:52',NULL,NULL,NULL,'2026-05-02 13:27:43','2026-05-04 14:22:52',109),(150,NULL,7,NULL,1,'A07 64GB','354201382393201',430,'2026-05-02 14:02:33',NULL,NULL,NULL,'2026-05-02 13:46:52','2026-05-02 14:02:33',14),(151,NULL,7,NULL,1,'A07 64GB','350151140394807',430,'2026-05-02 17:29:35',NULL,NULL,NULL,'2026-05-02 14:08:19','2026-05-02 17:29:35',38),(152,NULL,7,NULL,1,'A07 64GB','350151140394567',430,'2026-05-03 10:26:09',NULL,NULL,NULL,'2026-05-02 14:08:19','2026-05-03 10:26:09',54),(153,NULL,7,NULL,1,'A07 64GB','350151140394682',430,'2026-05-03 12:44:02',NULL,NULL,NULL,'2026-05-02 14:08:19','2026-05-03 12:44:02',65),(154,NULL,7,NULL,1,'A07 64GB','350151140368355',430,NULL,NULL,NULL,NULL,'2026-05-02 14:18:51','2026-05-02 14:18:51',NULL),(155,NULL,7,NULL,1,'A07 64GB','350151140369007',430,NULL,NULL,NULL,NULL,'2026-05-02 14:18:51','2026-05-02 14:18:51',NULL),(156,NULL,7,NULL,1,'A07 64GB','350151140369395',430,NULL,NULL,NULL,NULL,'2026-05-02 14:18:51','2026-05-02 14:18:51',NULL),(157,NULL,7,NULL,1,'A07 64GB','351929930670547',430,NULL,NULL,NULL,NULL,'2026-05-02 14:18:51','2026-05-02 14:18:51',NULL),(158,NULL,7,NULL,1,'A07 64GB','351929930667311',430,'2026-05-16 17:55:21',NULL,NULL,NULL,'2026-05-02 14:36:25','2026-05-16 17:55:21',838),(159,NULL,7,NULL,1,'A07 64GB','350151140265650',430,'2026-05-03 11:47:29',NULL,NULL,NULL,'2026-05-02 14:36:25','2026-05-04 07:21:20',73),(160,NULL,7,NULL,1,'A07 64GB','351929930715870',430,'2026-05-06 14:05:27',NULL,NULL,NULL,'2026-05-02 14:36:25','2026-05-06 14:05:27',236),(161,NULL,7,NULL,1,'A07 64GB','350151140265536',430,'2026-05-03 08:08:27',NULL,NULL,NULL,'2026-05-02 14:36:25','2026-05-03 08:08:27',47),(162,NULL,7,NULL,1,'A07 64GB','354201382932495',430,'2026-05-04 18:00:59',NULL,NULL,NULL,'2026-05-02 14:36:25','2026-05-04 18:00:59',118),(163,NULL,7,NULL,1,'A07 64GB','354201387878925',430,'2026-05-02 15:01:54',NULL,NULL,NULL,'2026-05-02 14:56:33','2026-05-02 15:01:54',23),(164,NULL,7,NULL,1,'A07 64GB','354201382393888',430,'2026-05-02 15:15:25',NULL,NULL,NULL,'2026-05-02 15:10:23','2026-05-02 15:15:25',25),(165,NULL,7,NULL,1,'A07 64GB','351929931671346',430,'2026-05-02 17:02:44',NULL,NULL,NULL,'2026-05-02 15:22:53','2026-05-02 17:02:44',33),(166,NULL,7,NULL,1,'A07 64GB','354201386315432',430,'2026-05-02 15:35:30',NULL,NULL,NULL,'2026-05-02 15:22:53','2026-05-02 15:35:30',26),(167,NULL,7,NULL,1,'A07 64GB','351929931685452',430,'2026-05-02 16:17:43',NULL,NULL,NULL,'2026-05-02 15:22:53','2026-05-02 16:17:43',28),(168,NULL,7,NULL,1,'A07 64GB','351929931581784',430,'2026-05-04 07:49:47',NULL,NULL,NULL,'2026-05-02 15:22:53','2026-05-04 07:49:47',77),(169,NULL,7,NULL,1,'A07 64GB','351929935979018',430,'2026-05-02 17:19:57',NULL,NULL,NULL,'2026-05-02 16:21:17','2026-05-02 17:19:57',36),(170,NULL,7,NULL,1,'A07 64GB','354201382393292',430,'2026-05-02 17:05:53',NULL,NULL,NULL,'2026-05-02 17:01:17','2026-05-02 17:05:53',34),(171,NULL,7,NULL,1,'A07 64GB','356221882408745',430,'2026-05-03 12:33:29',NULL,NULL,NULL,'2026-05-02 17:11:45','2026-05-03 12:33:29',61),(172,NULL,7,NULL,1,'A07 64GB','358643161624742',430,'2026-05-25 10:19:28',NULL,NULL,NULL,'2026-05-02 17:11:45','2026-05-25 10:19:28',1151),(173,NULL,7,NULL,1,'A07 64GB','356221882393251',430,NULL,NULL,NULL,NULL,'2026-05-02 17:11:45','2026-05-02 17:11:45',NULL),(174,NULL,7,NULL,1,'A07 64GB','351738742555915',430,'2026-05-02 17:54:26',NULL,NULL,NULL,'2026-05-02 17:34:46','2026-05-02 17:54:26',39),(175,NULL,7,NULL,1,'A07 64GB','354201382393250',430,'2026-05-02 18:53:41',NULL,NULL,NULL,'2026-05-02 18:50:20','2026-05-02 18:53:41',42),(176,NULL,7,NULL,1,'A07 64GB','350151145442544',430,'2026-05-03 08:56:03',NULL,NULL,NULL,'2026-05-03 08:50:56','2026-05-03 08:56:03',51),(177,NULL,7,NULL,1,'A07 64GB','350151145447675',430,'2026-05-03 12:37:06',NULL,NULL,NULL,'2026-05-03 12:19:07','2026-05-03 12:37:06',63),(178,NULL,7,NULL,1,'A07 64GB','350151145442874',430,'2026-05-03 12:36:02',NULL,NULL,NULL,'2026-05-03 12:19:07','2026-05-03 12:36:02',62),(179,NULL,8,NULL,1,'A07 64GB','354201382393110',430,'2026-05-03 14:54:24',NULL,NULL,NULL,'2026-05-03 14:41:45','2026-05-04 07:21:40',74),(180,NULL,7,NULL,1,'A07 64GB','351416731624733',430,'2026-05-04 07:24:31',NULL,NULL,NULL,'2026-05-04 06:59:48','2026-05-04 07:24:31',75),(181,NULL,7,NULL,1,'A07 64GB','351416731624550',430,'2026-05-04 07:05:03',NULL,NULL,NULL,'2026-05-04 06:59:48','2026-05-04 07:05:03',72),(182,NULL,7,NULL,1,'A07 64GB','354201382941744',430,'2026-05-06 17:18:37',NULL,NULL,NULL,'2026-05-04 07:04:25','2026-05-06 17:18:37',259),(183,NULL,7,NULL,1,'A07 64GB','351929930715821',430,'2026-05-05 18:03:41',NULL,NULL,NULL,'2026-05-04 07:07:21','2026-05-05 18:03:41',188),(184,NULL,7,NULL,1,'A07 64GB','351929930715763',430,'2026-05-11 09:12:08',NULL,NULL,NULL,'2026-05-04 07:09:25','2026-05-11 09:12:08',495),(185,NULL,7,NULL,1,'A07 64GB','354201382404768',430,'2026-05-07 12:15:18',NULL,NULL,NULL,'2026-05-04 07:09:25','2026-05-07 12:15:18',307),(186,NULL,7,NULL,1,'A07 64GB','351929930715789',430,'2026-05-11 13:32:58',NULL,NULL,NULL,'2026-05-04 07:09:25','2026-05-11 13:32:58',521),(187,NULL,7,NULL,1,'A07 64GB','354201382405112',430,'2026-05-05 09:43:10',NULL,NULL,NULL,'2026-05-04 08:05:24','2026-05-05 09:43:10',133),(188,NULL,7,NULL,1,'A07 64GB','354201382405088',430,'2026-05-05 08:35:54',NULL,NULL,NULL,'2026-05-04 08:05:24','2026-05-05 08:35:54',128),(189,NULL,7,NULL,1,'A07 64GB','354201382405179',430,'2026-05-04 12:11:05',NULL,NULL,NULL,'2026-05-04 08:05:24','2026-05-04 12:11:05',96),(190,NULL,7,NULL,1,'A07 64GB','351416731624667',430,'2026-05-04 08:37:39',NULL,NULL,NULL,'2026-05-04 08:25:33','2026-05-04 08:37:39',80),(191,NULL,7,NULL,1,'A07 64GB','351416731624543',430,'2026-05-05 17:06:38',NULL,NULL,NULL,'2026-05-04 08:57:42','2026-05-05 17:06:38',175),(192,NULL,7,NULL,1,'A07 64GB','354201382393128',430,'2026-05-05 17:31:13',NULL,NULL,NULL,'2026-05-04 08:57:42','2026-05-05 17:31:13',181),(193,NULL,7,NULL,1,'A07 64GB','354201382393243',430,'2026-05-04 10:01:51',NULL,NULL,NULL,'2026-05-04 08:57:42','2026-05-04 10:01:51',86),(194,NULL,7,NULL,1,'A07 64GB','354201382394092',430,'2026-05-04 13:36:26',NULL,NULL,NULL,'2026-05-04 08:57:42','2026-05-04 13:36:26',104),(195,NULL,7,NULL,1,'A07 64GB','354201382409031',430,'2026-05-04 14:00:31',NULL,NULL,NULL,'2026-05-04 08:57:42','2026-05-04 14:00:31',107),(196,NULL,7,NULL,1,'A07 64GB','354201382393268',430,'2026-05-04 10:58:25',NULL,NULL,NULL,'2026-05-04 08:57:42','2026-05-04 10:58:25',90),(197,NULL,18,NULL,4,'Smart 10 Plus','357057372544006',395,'2026-05-22 08:58:28',11,NULL,NULL,'2026-05-04 09:33:40','2026-05-22 08:58:28',NULL),(198,NULL,7,NULL,1,'A07 64GB','350151141641057',430,'2026-05-06 16:18:15',NULL,NULL,NULL,'2026-05-04 09:36:26','2026-05-06 16:18:15',251),(199,NULL,7,NULL,1,'A07 64GB','350151140426575',430,'2026-05-05 11:15:52',NULL,NULL,NULL,'2026-05-04 09:36:26','2026-05-05 11:15:52',136),(200,NULL,7,NULL,1,'A07 64GB','354201382388037',430,'2026-05-04 12:43:57',NULL,NULL,NULL,'2026-05-04 09:36:26','2026-05-04 12:43:57',99),(201,NULL,7,NULL,1,'A07 64GB','354201382322093',430,'2026-05-06 17:39:52',NULL,NULL,NULL,'2026-05-04 10:23:26','2026-05-06 17:39:52',261),(202,NULL,7,NULL,1,'A07 64GB','354201382321962',430,NULL,NULL,NULL,NULL,'2026-05-04 10:23:26','2026-05-04 10:23:26',NULL),(203,NULL,7,NULL,1,'A07 64GB','354201382322069',430,NULL,NULL,NULL,NULL,'2026-05-04 10:23:26','2026-05-04 10:23:26',NULL),(204,NULL,7,NULL,1,'A07 64GB','354201382321889',430,'2026-05-08 09:07:56',NULL,NULL,NULL,'2026-05-04 10:23:26','2026-05-08 09:07:56',364),(205,NULL,7,NULL,1,'A07 64GB','350151140428480',430,NULL,NULL,NULL,NULL,'2026-05-04 10:23:27','2026-05-04 10:23:27',NULL),(206,NULL,7,NULL,1,'A07 64GB','350151140413953',430,'2026-05-08 11:11:51',NULL,NULL,NULL,'2026-05-04 10:23:27','2026-05-11 08:48:45',492),(207,NULL,7,NULL,1,'A07 64GB','350151140376085',430,NULL,NULL,NULL,NULL,'2026-05-04 10:23:27','2026-05-04 10:23:27',NULL),(208,NULL,7,NULL,1,'A07 64GB','350151140421436',430,NULL,NULL,NULL,NULL,'2026-05-04 10:23:27','2026-05-04 10:23:27',NULL),(209,NULL,7,NULL,1,'A07 64GB','354201382321954',430,'2026-05-09 18:12:21',NULL,NULL,NULL,'2026-05-04 10:23:27','2026-05-09 18:12:21',467),(210,NULL,7,NULL,1,'A07 64GB','350151146263477',430,'2026-05-06 07:56:22',NULL,NULL,NULL,'2026-05-04 10:25:15','2026-05-06 07:56:22',199),(211,NULL,7,NULL,1,'A07 64GB','350151140394948',430,'2026-05-06 16:37:56',NULL,NULL,NULL,'2026-05-04 10:25:16','2026-05-06 16:37:56',252),(212,NULL,7,NULL,1,'A07 64GB','354201382327612',430,'2026-05-09 10:06:51',NULL,NULL,NULL,'2026-05-04 10:25:16','2026-05-09 10:06:51',433),(213,NULL,7,NULL,1,'A07 64GB','351929930682765',430,'2026-05-05 09:30:30',NULL,NULL,NULL,'2026-05-04 10:41:26','2026-05-05 09:30:30',132),(214,NULL,7,NULL,1,'A07 64GB','351929931673623',430,'2026-05-05 11:48:06',NULL,NULL,NULL,'2026-05-04 10:41:26','2026-05-05 11:48:06',142),(215,NULL,7,NULL,1,'A07 64GB','350151145450505',430,'2026-05-07 14:24:49',NULL,NULL,NULL,'2026-05-04 10:56:17','2026-05-07 14:24:49',323),(216,NULL,19,NULL,1,'Galaxy A05s','355772259326788',89,'2026-05-28 11:09:26',12,NULL,NULL,'2026-05-04 11:17:06','2026-05-28 11:09:26',NULL),(217,NULL,19,NULL,1,'Galaxy A05s','355772259334568',89,NULL,NULL,NULL,NULL,'2026-05-04 11:17:06','2026-05-04 11:17:06',NULL),(218,NULL,19,NULL,1,'Galaxy A05s','355772256763959',89,NULL,NULL,NULL,NULL,'2026-05-04 11:17:06','2026-05-04 11:17:06',NULL),(219,NULL,18,NULL,4,'Smart 10 Plus','357057372667310',395,NULL,NULL,NULL,NULL,'2026-05-04 11:20:37','2026-05-04 11:20:37',NULL),(220,NULL,18,NULL,4,'Smart 10 Plus','357057372550540',395,NULL,NULL,NULL,NULL,'2026-05-04 11:20:37','2026-05-04 11:20:37',NULL),(221,NULL,14,NULL,4,'Smart 10 HD','350190351973834',396,NULL,NULL,NULL,NULL,'2026-05-04 11:21:45','2026-05-04 11:21:45',NULL),(222,NULL,15,NULL,4,'Smart 10','358959341531387',394,NULL,NULL,NULL,NULL,'2026-05-04 11:22:21','2026-05-04 11:22:21',NULL),(223,NULL,12,NULL,3,'Pop 10','351432051778462',432,NULL,NULL,NULL,NULL,'2026-05-04 11:23:29','2026-05-04 11:23:29',NULL),(224,NULL,10,NULL,4,'Hot60i 128GB','354971341928988',429,NULL,NULL,NULL,NULL,'2026-05-04 11:24:26','2026-05-04 11:24:26',NULL),(225,NULL,21,NULL,1,'A07 64GB','351416736300701',430,'2026-05-05 09:10:47',NULL,NULL,NULL,'2026-05-04 11:49:53','2026-05-05 09:10:47',130),(226,NULL,21,NULL,1,'A07 64GB','351416736300875',430,'2026-05-05 13:52:23',NULL,NULL,NULL,'2026-05-04 11:49:53','2026-05-05 13:52:23',154),(227,NULL,21,NULL,1,'A07 64GB','351416736303226',430,'2026-05-20 08:44:48',NULL,NULL,NULL,'2026-05-04 11:49:53','2026-05-20 08:44:48',986),(228,NULL,21,NULL,1,'A07 64GB','351416736303598',430,'2026-05-05 12:11:56',NULL,NULL,NULL,'2026-05-04 11:49:53','2026-05-05 12:11:56',144),(229,NULL,21,NULL,1,'A07 64GB','351416736309421',430,'2026-05-20 13:07:12',NULL,NULL,NULL,'2026-05-04 11:49:53','2026-05-20 13:07:12',1005),(230,NULL,21,NULL,1,'A07 64GB','351416736310007',430,'2026-05-19 15:13:23',NULL,NULL,NULL,'2026-05-04 11:49:53','2026-05-19 15:13:23',966),(231,NULL,21,NULL,1,'A07 64GB','351416736310031',430,'2026-05-12 11:40:33',NULL,NULL,NULL,'2026-05-04 11:49:53','2026-05-12 11:40:33',564),(232,NULL,21,NULL,1,'A07 64GB','351416736310106',430,'2026-05-05 13:26:42',NULL,NULL,NULL,'2026-05-04 11:49:53','2026-05-05 13:26:42',153),(233,NULL,21,NULL,1,'A07 64GB','351416736310122',430,'2026-05-21 11:26:52',NULL,NULL,NULL,'2026-05-04 11:49:53','2026-05-21 11:26:52',1047),(234,NULL,21,NULL,1,'A07 64GB','351416736310130',430,'2026-05-05 12:46:37',NULL,NULL,NULL,'2026-05-04 11:49:53','2026-05-05 12:46:37',147),(235,NULL,21,NULL,1,'A07 64GB','351416736310148',430,'2026-05-05 17:05:49',NULL,NULL,NULL,'2026-05-04 11:49:53','2026-05-05 17:05:49',174),(236,NULL,21,NULL,1,'A07 64GB','351416736310155',430,'2026-05-25 07:39:37',NULL,NULL,NULL,'2026-05-04 11:49:53','2026-05-25 07:39:37',1146),(237,NULL,21,NULL,1,'A07 64GB','351416736310171',430,'2026-05-22 11:24:57',NULL,NULL,NULL,'2026-05-04 11:49:53','2026-05-22 11:24:57',1083),(238,NULL,21,NULL,1,'A07 64GB','351416736310189',430,'2026-05-05 17:14:54',NULL,NULL,NULL,'2026-05-04 11:49:53','2026-05-05 17:14:54',177),(239,NULL,21,5,1,'A07 64GB','351416736310197',430,'2026-05-20 18:00:00',NULL,NULL,NULL,'2026-05-04 11:49:53','2026-05-20 18:00:00',1025),(240,NULL,21,NULL,1,'A07 64GB','351416736310254',430,'2026-05-19 13:39:55',NULL,NULL,NULL,'2026-05-04 11:49:53','2026-05-19 13:39:55',958),(241,NULL,21,NULL,1,'A07 64GB','351416736310163',430,'2026-05-23 08:48:49',NULL,NULL,NULL,'2026-05-04 11:49:53','2026-05-23 08:48:49',1106),(242,NULL,21,NULL,1,'A07 64GB','351416736310064',430,'2026-05-05 06:14:46',NULL,NULL,NULL,'2026-05-04 11:49:53','2026-05-05 06:14:46',125),(243,NULL,21,NULL,1,'A07 64GB','351416736310023',430,'2026-05-05 16:06:57',NULL,NULL,NULL,'2026-05-04 11:49:53','2026-05-05 16:06:57',167),(244,NULL,21,NULL,1,'A07 64GB','351416736300800',430,'2026-05-21 08:09:12',NULL,NULL,NULL,'2026-05-04 11:49:53','2026-05-21 08:09:12',1032),(245,NULL,21,5,1,'A07 64GB','351416736291447',430,'2026-05-06 13:29:03',NULL,NULL,NULL,'2026-05-04 12:27:50','2026-05-06 13:29:03',230),(246,NULL,21,5,1,'A07 64GB','351416736291462',430,'2026-05-08 08:00:34',NULL,NULL,NULL,'2026-05-04 12:27:50','2026-05-08 08:00:34',357),(247,NULL,21,5,1,'A07 64GB','351416736291629',430,'2026-05-06 16:45:34',NULL,NULL,NULL,'2026-05-04 12:27:50','2026-05-06 16:45:34',253),(248,NULL,21,5,1,'A07 64GB','351416736291694',430,'2026-05-08 17:54:54',NULL,NULL,NULL,'2026-05-04 12:27:50','2026-05-08 17:54:54',419),(249,NULL,21,5,1,'A07 64GB','351416736294920',430,'2026-05-06 17:42:21',NULL,NULL,NULL,'2026-05-04 12:27:50','2026-05-06 17:42:21',262),(250,NULL,21,5,1,'A07 64GB','351416736295182',430,'2026-05-05 17:33:25',NULL,NULL,NULL,'2026-05-04 12:27:50','2026-05-05 17:33:25',182),(251,NULL,21,5,1,'A07 64GB','351416736295356',430,'2026-05-04 14:34:14',NULL,NULL,NULL,'2026-05-04 12:27:50','2026-05-04 14:34:14',110),(252,NULL,21,5,1,'A07 64GB','351416736295539',430,'2026-05-08 17:58:51',NULL,NULL,NULL,'2026-05-04 12:27:50','2026-05-08 17:58:51',421),(253,NULL,21,5,1,'A07 64GB','351416736295554',430,'2026-05-09 16:35:43',NULL,NULL,NULL,'2026-05-04 12:27:50','2026-05-09 16:35:43',459),(254,NULL,21,5,1,'A07 64GB','351416736295828',430,'2026-05-08 18:12:24',NULL,NULL,NULL,'2026-05-04 12:27:50','2026-05-08 18:12:24',423),(255,NULL,21,5,1,'A07 64GB','351416736339485',430,'2026-05-08 10:20:53',NULL,NULL,NULL,'2026-05-04 12:27:50','2026-05-08 10:20:53',372),(256,NULL,21,5,1,'A07 64GB','351416736341135',430,'2026-05-07 12:40:46',NULL,NULL,NULL,'2026-05-04 12:27:50','2026-05-07 12:40:46',311),(257,NULL,21,5,1,'A07 64GB','351416736341044',430,'2026-05-05 15:27:21',NULL,NULL,NULL,'2026-05-04 12:27:50','2026-05-05 15:27:21',164),(258,NULL,21,5,1,'A07 64GB','351416736295364',430,'2026-05-08 12:46:27',NULL,NULL,NULL,'2026-05-04 12:27:50','2026-05-08 12:46:27',386),(259,NULL,21,5,1,'A07 64GB','351416736291579',430,'2026-05-05 17:46:30',NULL,NULL,NULL,'2026-05-04 12:27:50','2026-05-05 17:46:30',185),(260,NULL,21,5,1,'A07 64GB','351416736295174',430,'2026-05-07 17:16:06',NULL,NULL,NULL,'2026-05-04 12:27:50','2026-05-07 17:16:06',338),(261,NULL,21,5,1,'A07 64GB','351416736294912',430,'2026-05-07 11:50:48',NULL,NULL,NULL,'2026-05-04 12:27:50','2026-05-07 11:50:48',303),(262,NULL,21,5,1,'A07 64GB','351416736291652',430,'2026-05-07 14:34:37',NULL,NULL,NULL,'2026-05-04 12:27:50','2026-05-07 14:34:37',325),(263,NULL,21,5,1,'A07 64GB','351416736291561',430,'2026-05-09 07:59:18',NULL,NULL,NULL,'2026-05-04 12:27:50','2026-05-09 07:59:18',428),(264,NULL,21,5,1,'A07 64GB','351416736291611',430,'2026-05-07 15:29:39',NULL,NULL,NULL,'2026-05-04 12:27:50','2026-05-07 15:29:39',331),(265,NULL,21,NULL,1,'A07 64GB','351416736291769',430,'2026-05-05 17:26:05',NULL,NULL,NULL,'2026-05-04 12:35:19','2026-05-05 17:26:05',180),(266,NULL,21,NULL,1,'A07 64GB','351416736291785',430,'2026-05-18 17:42:37',NULL,NULL,NULL,'2026-05-04 12:35:19','2026-05-18 17:42:37',927),(267,NULL,21,NULL,1,'A07 64GB','351416736340756',430,'2026-05-19 16:30:07',NULL,NULL,NULL,'2026-05-04 12:35:19','2026-05-19 16:30:07',971),(268,NULL,21,NULL,1,'A07 64GB','351416736340848',430,'2026-05-05 15:34:33',NULL,NULL,NULL,'2026-05-04 12:35:19','2026-05-05 15:34:33',165),(269,NULL,21,NULL,1,'A07 64GB','351416736340905',430,'2026-05-04 18:19:21',NULL,NULL,NULL,'2026-05-04 12:35:19','2026-05-04 18:19:21',120),(270,NULL,21,NULL,1,'A07 64GB','351416736340913',430,'2026-05-04 15:54:03',NULL,NULL,NULL,'2026-05-04 12:35:19','2026-05-04 15:54:03',113),(271,NULL,21,NULL,1,'A07 64GB','351416736340921',430,'2026-05-22 15:26:39',NULL,NULL,NULL,'2026-05-04 12:35:19','2026-05-22 15:26:39',1094),(272,NULL,21,NULL,1,'A07 64GB','351416736340939',430,'2026-05-16 08:14:02',NULL,NULL,NULL,'2026-05-04 12:35:19','2026-05-16 08:14:02',775),(273,NULL,21,NULL,1,'A07 64GB','351416736341184',430,'2026-05-04 14:57:11',NULL,NULL,NULL,'2026-05-04 12:35:19','2026-05-04 14:57:11',NULL),(274,NULL,21,NULL,1,'A07 64GB','351416736341309',430,'2026-05-20 15:08:25',NULL,NULL,NULL,'2026-05-04 12:35:19','2026-05-20 15:08:25',1019),(275,NULL,21,NULL,1,'A07 64GB','351416736291777',430,'2026-05-15 09:03:54',NULL,NULL,NULL,'2026-05-04 12:47:18','2026-05-15 09:03:54',725),(276,NULL,21,NULL,1,'A07 64GB','351416736291793',430,'2026-05-14 10:28:33',NULL,NULL,NULL,'2026-05-04 12:47:18','2026-05-14 10:28:33',684),(277,NULL,21,NULL,1,'A07 64GB','351416736295430',430,'2026-05-18 10:48:20',NULL,NULL,NULL,'2026-05-04 12:47:18','2026-05-18 10:48:20',879),(278,NULL,21,NULL,1,'A07 64GB','351416736295661',430,'2026-05-18 08:34:17',NULL,NULL,NULL,'2026-05-04 12:47:18','2026-05-18 08:34:17',867),(279,NULL,21,NULL,1,'A07 64GB','351416736295729',430,'2026-05-16 14:01:05',NULL,NULL,NULL,'2026-05-04 12:47:18','2026-05-16 14:01:05',809),(280,NULL,21,NULL,1,'A07 64GB','351416736295794',430,'2026-05-18 07:07:11',NULL,NULL,NULL,'2026-05-04 12:47:18','2026-05-18 07:07:11',865),(281,NULL,21,NULL,1,'A07 64GB','351416736341234',430,'2026-05-14 05:51:09',NULL,NULL,NULL,'2026-05-04 12:47:18','2026-05-14 05:51:09',661),(282,NULL,21,NULL,1,'A07 64GB','351416736341259',430,'2026-05-17 09:52:18',NULL,NULL,NULL,'2026-05-04 12:47:18','2026-05-17 09:52:18',852),(283,NULL,21,NULL,1,'A07 64GB','351416736341267',430,'2026-05-14 09:22:12',NULL,NULL,NULL,'2026-05-04 12:47:18','2026-05-14 09:22:12',675),(284,NULL,21,NULL,1,'A07 64GB','351416736341291',430,'2026-05-15 13:08:49',NULL,NULL,NULL,'2026-05-04 12:47:18','2026-05-15 13:08:49',749),(285,NULL,21,NULL,1,'A07 64GB','351416736296404',430,'2026-05-05 18:16:27',NULL,NULL,NULL,'2026-05-04 13:07:50','2026-05-05 18:16:27',190),(286,NULL,21,NULL,1,'A07 64GB','351416736296453',430,'2026-05-06 09:06:19',NULL,NULL,NULL,'2026-05-04 13:07:50','2026-05-06 09:06:19',202),(287,NULL,21,NULL,1,'A07 64GB','351416736298962',430,'2026-05-08 09:36:37',NULL,NULL,NULL,'2026-05-04 13:07:50','2026-05-08 09:36:37',366),(288,NULL,21,NULL,1,'A07 64GB','351416736299028',430,'2026-05-06 11:52:29',NULL,NULL,NULL,'2026-05-04 13:07:50','2026-05-06 11:52:29',220),(289,NULL,21,NULL,1,'A07 64GB','351416736299101',430,'2026-05-08 07:13:41',NULL,NULL,NULL,'2026-05-04 13:07:50','2026-05-08 07:13:41',354),(290,NULL,21,NULL,1,'A07 64GB','351416736335947',430,'2026-05-07 07:43:28',NULL,NULL,NULL,'2026-05-04 13:07:50','2026-05-07 07:43:28',277),(291,NULL,21,NULL,1,'A07 64GB','351416736337380',430,'2026-05-07 09:45:42',NULL,NULL,NULL,'2026-05-04 13:07:50','2026-05-07 09:45:42',288),(292,NULL,21,NULL,1,'A07 64GB','351416736337398',430,'2026-05-06 06:10:12',NULL,NULL,NULL,'2026-05-04 13:07:50','2026-05-06 06:10:12',197),(293,NULL,21,NULL,1,'A07 64GB','351416736337406',430,'2026-05-07 11:38:30',NULL,NULL,NULL,'2026-05-04 13:07:50','2026-05-07 11:38:30',300),(294,NULL,21,NULL,1,'A07 64GB','351416736337414',430,'2026-05-06 11:03:27',NULL,NULL,NULL,'2026-05-04 13:07:50','2026-05-06 11:03:27',214),(295,NULL,21,NULL,1,'A07 64GB','351416736337430',430,'2026-05-05 14:35:40',NULL,NULL,NULL,'2026-05-04 13:07:50','2026-05-05 14:35:40',157),(296,NULL,21,NULL,1,'A07 64GB','351416736337448',430,'2026-05-05 09:28:08',NULL,NULL,NULL,'2026-05-04 13:07:50','2026-05-05 09:28:08',131),(297,NULL,21,NULL,1,'A07 64GB','351416736337455',430,'2026-05-07 07:02:03',NULL,NULL,NULL,'2026-05-04 13:07:50','2026-05-07 07:02:03',273),(298,NULL,21,NULL,1,'A07 64GB','351416736337489',430,'2026-05-07 14:36:11',NULL,NULL,NULL,'2026-05-04 13:07:50','2026-05-07 14:36:11',326),(299,NULL,21,NULL,1,'A07 64GB','351416736337539',430,'2026-05-07 12:36:11',NULL,NULL,NULL,'2026-05-04 13:07:50','2026-05-07 12:36:11',309),(300,NULL,21,NULL,1,'A07 64GB','351416736297105',430,'2026-05-07 17:22:31',NULL,NULL,NULL,'2026-05-04 14:44:08','2026-05-07 17:22:31',339),(301,NULL,21,NULL,1,'A07 64GB','351416736297113',430,'2026-05-08 15:04:59',NULL,NULL,NULL,'2026-05-04 14:44:08','2026-05-08 15:04:59',400),(302,NULL,21,NULL,1,'A07 64GB','351416736337497',430,'2026-05-06 12:40:57',NULL,NULL,NULL,'2026-05-04 14:44:08','2026-05-06 12:40:57',226),(303,NULL,21,NULL,1,'A07 64GB','351416736337505',430,'2026-05-06 13:32:10',NULL,NULL,NULL,'2026-05-04 14:44:08','2026-05-06 13:32:10',231),(304,NULL,21,NULL,1,'A07 64GB','351416736337547',430,'2026-05-08 10:11:46',NULL,NULL,NULL,'2026-05-04 14:44:08','2026-05-08 10:11:46',370),(305,NULL,21,NULL,1,'A07 64GB','351416736337299',430,'2026-05-05 11:40:19',NULL,NULL,NULL,'2026-05-04 14:49:34','2026-05-05 11:40:19',140),(306,NULL,21,NULL,1,'A07 64GB','351416736337646',430,'2026-05-08 11:36:45',NULL,NULL,NULL,'2026-05-04 14:49:34','2026-05-08 11:36:45',378),(307,NULL,21,NULL,1,'A07 64GB','351416736337661',430,'2026-05-09 10:15:29',NULL,NULL,NULL,'2026-05-04 14:49:34','2026-05-09 10:15:29',434),(308,NULL,21,NULL,1,'A07 64GB','351416736337885',430,'2026-05-08 13:27:32',NULL,NULL,NULL,'2026-05-04 14:49:34','2026-05-08 13:27:32',392),(309,NULL,21,NULL,1,'A07 64GB','351416736338057',430,'2026-05-08 08:43:49',NULL,NULL,NULL,'2026-05-04 14:49:34','2026-05-08 08:43:49',361),(310,NULL,21,NULL,1,'A07 64GB','351416736332605',430,'2026-05-22 11:50:35',NULL,NULL,NULL,'2026-05-04 14:56:46','2026-05-22 11:50:35',1086),(311,NULL,21,NULL,1,'A07 64GB','351416736333785',430,'2026-05-16 18:34:59',NULL,NULL,NULL,'2026-05-04 14:56:46','2026-05-16 18:34:59',845),(312,NULL,21,NULL,1,'A07 64GB','351416736335426',430,'2026-05-20 07:15:43',NULL,NULL,NULL,'2026-05-04 14:56:46','2026-05-20 07:15:43',980),(313,NULL,21,NULL,1,'A07 64GB','351416736337711',430,'2026-05-12 15:51:04',NULL,NULL,NULL,'2026-05-04 14:56:46','2026-05-12 15:51:04',587),(314,NULL,21,NULL,1,'A07 64GB','351416736337745',430,'2026-05-14 15:15:36',NULL,NULL,NULL,'2026-05-04 14:56:46','2026-05-14 15:15:36',708),(315,NULL,21,NULL,1,'A07 64GB','351416736296909',430,'2026-05-15 13:15:27',NULL,NULL,NULL,'2026-05-04 15:03:33','2026-05-15 13:15:27',750),(316,NULL,21,NULL,1,'A07 64GB','351416736326391',430,'2026-05-18 17:14:04',NULL,NULL,NULL,'2026-05-04 15:03:33','2026-05-18 17:14:04',925),(317,NULL,21,NULL,1,'A07 64GB','351416736337471',430,'2026-05-22 13:21:57',NULL,NULL,NULL,'2026-05-04 15:03:33','2026-05-22 13:21:57',1088),(318,NULL,21,NULL,1,'A07 64GB','351416736337802',430,'2026-05-17 13:32:17',NULL,NULL,NULL,'2026-05-04 15:03:33','2026-05-17 13:32:17',861),(319,NULL,21,NULL,1,'A07 64GB','351416736337869',430,'2026-05-16 17:00:30',NULL,NULL,NULL,'2026-05-04 15:03:33','2026-05-16 17:00:30',834),(320,NULL,21,NULL,1,'A07 64GB','351416736337927',430,'2026-05-15 16:38:15',NULL,NULL,NULL,'2026-05-04 15:03:33','2026-05-15 16:38:15',769),(321,NULL,21,NULL,1,'A07 64GB','351416736337950',430,'2026-05-14 17:04:06',NULL,NULL,NULL,'2026-05-04 15:03:33','2026-05-14 17:04:06',714),(322,NULL,21,NULL,1,'A07 64GB','351416736337968',430,'2026-05-19 11:53:13',NULL,NULL,NULL,'2026-05-04 15:03:33','2026-05-19 11:53:13',949),(323,NULL,21,NULL,1,'A07 64GB','351416736337976',430,'2026-05-18 15:05:24',NULL,NULL,NULL,'2026-05-04 15:03:33','2026-05-18 15:05:24',906),(324,NULL,21,NULL,1,'A07 64GB','351416736337984',430,'2026-05-14 13:47:32',NULL,NULL,NULL,'2026-05-04 15:03:33','2026-05-14 13:47:32',700),(325,NULL,21,NULL,1,'A07 64GB','350151148321281',430,'2026-05-16 13:15:24',NULL,NULL,NULL,'2026-05-04 15:40:43','2026-05-16 13:15:24',800),(326,NULL,21,NULL,1,'A07 64GB','350151148321190',430,'2026-05-15 06:45:11',NULL,NULL,NULL,'2026-05-04 15:40:43','2026-05-15 06:45:11',719),(327,NULL,21,NULL,1,'A07 64GB','350151148321208',430,'2026-05-13 12:33:41',NULL,NULL,NULL,'2026-05-04 15:40:43','2026-05-13 12:33:41',623),(328,NULL,21,NULL,1,'A07 64GB','350151148320929',430,'2026-05-17 12:37:01',NULL,NULL,NULL,'2026-05-04 15:40:43','2026-05-17 12:37:01',858),(329,NULL,21,NULL,1,'A07 64GB','350151148321166',430,'2026-05-15 09:11:48',NULL,NULL,NULL,'2026-05-04 15:40:43','2026-05-15 09:11:48',726),(330,NULL,21,NULL,1,'A07 64GB','350151148320937',430,'2026-05-15 07:38:40',NULL,NULL,NULL,'2026-05-04 15:40:43','2026-05-15 07:38:40',721),(331,NULL,21,NULL,1,'A07 64GB','350151148320960',430,'2026-05-13 09:34:26',NULL,NULL,NULL,'2026-05-04 15:40:43','2026-05-13 09:34:26',604),(332,NULL,21,NULL,1,'A07 64GB','350151148321075',430,NULL,NULL,NULL,NULL,'2026-05-04 15:40:43','2026-05-04 15:40:43',NULL),(333,NULL,21,NULL,1,'A07 64GB','350151148321042',430,'2026-05-14 13:27:38',NULL,NULL,NULL,'2026-05-04 15:40:43','2026-05-14 13:27:38',698),(334,NULL,21,NULL,1,'A07 64GB','350151148321034',430,'2026-05-14 18:47:01',NULL,NULL,NULL,'2026-05-04 15:40:43','2026-05-14 18:47:01',716),(335,NULL,21,NULL,1,'A07 64GB','350151148321232',430,'2026-05-15 11:37:29',NULL,NULL,NULL,'2026-05-04 15:40:43','2026-05-15 11:37:29',739),(336,NULL,21,NULL,1,'A07 64GB','350151148321216',430,'2026-05-15 11:12:42',NULL,NULL,NULL,'2026-05-04 15:40:43','2026-05-15 11:12:42',736),(337,NULL,21,NULL,1,'A07 64GB','350151148321265',430,'2026-05-18 09:22:21',NULL,NULL,NULL,'2026-05-04 15:40:43','2026-05-18 09:22:21',871),(338,NULL,21,NULL,1,'A07 64GB','350151148321158',430,'2026-05-19 07:34:16',NULL,NULL,NULL,'2026-05-04 15:40:43','2026-05-19 07:34:16',934),(339,NULL,21,NULL,1,'A07 64GB','350151148321224',430,'2026-05-19 10:27:20',NULL,NULL,NULL,'2026-05-04 15:40:43','2026-05-19 10:27:20',940),(340,NULL,21,NULL,1,'A07 64GB','350151148309781',430,'2026-05-20 15:39:54',NULL,NULL,NULL,'2026-05-04 15:40:43','2026-05-20 15:39:54',1021),(341,NULL,21,NULL,1,'A07 64GB','350151148320911',430,'2026-05-18 16:17:34',NULL,NULL,NULL,'2026-05-04 15:40:43','2026-05-18 16:17:34',915),(342,NULL,21,NULL,1,'A07 64GB','350151148321059',430,'2026-05-20 14:12:37',NULL,NULL,NULL,'2026-05-04 15:40:43','2026-05-20 14:12:37',1010),(343,NULL,21,NULL,1,'A07 64GB','350151148320952',430,'2026-05-14 10:25:45',NULL,NULL,NULL,'2026-05-04 15:40:43','2026-05-14 10:25:45',683),(344,NULL,21,NULL,1,'A07 64GB','350151148321000',430,'2026-05-13 11:28:38',NULL,NULL,NULL,'2026-05-04 15:40:44','2026-05-13 11:28:38',616),(345,NULL,21,NULL,1,'A07 64GB','351416736335285',430,'2026-05-08 10:40:22',NULL,NULL,NULL,'2026-05-04 15:49:38','2026-05-08 10:40:22',375),(346,NULL,21,NULL,1,'A07 64GB','351416736335293',430,'2026-05-07 14:05:12',NULL,NULL,NULL,'2026-05-04 15:49:38','2026-05-07 14:05:12',321),(347,NULL,21,NULL,1,'A07 64GB','351416736337729',430,'2026-05-06 09:08:16',NULL,NULL,NULL,'2026-05-04 15:49:38','2026-05-06 09:08:16',203),(348,NULL,21,NULL,1,'A07 64GB','351416736338156',430,'2026-05-08 11:46:07',NULL,NULL,NULL,'2026-05-04 15:49:38','2026-05-08 11:46:07',379),(349,NULL,21,NULL,1,'A07 64GB','351416736338164',430,'2026-05-07 11:25:11',NULL,NULL,NULL,'2026-05-04 15:49:38','2026-05-07 11:25:11',297),(350,NULL,21,NULL,1,'A07 64GB','351416736337216',430,'2026-05-06 11:02:22',NULL,NULL,NULL,'2026-05-04 15:54:43','2026-05-06 11:02:22',213),(351,NULL,21,NULL,1,'A07 64GB','351416736337265',430,'2026-05-07 18:02:03',NULL,NULL,NULL,'2026-05-04 15:54:43','2026-05-07 18:02:03',340),(352,NULL,21,NULL,1,'A07 64GB','351416736337554',430,'2026-05-05 16:53:22',NULL,NULL,NULL,'2026-05-04 15:54:43','2026-05-05 16:53:22',172),(353,NULL,21,NULL,1,'A07 64GB','351416736338172',430,'2026-05-06 14:42:26',NULL,NULL,NULL,'2026-05-04 15:54:43','2026-05-06 14:42:26',239),(354,NULL,21,NULL,1,'A07 64GB','351416736338362',430,'2026-05-07 11:13:26',NULL,NULL,NULL,'2026-05-04 15:54:43','2026-05-07 11:13:26',296),(355,NULL,21,NULL,1,'A07 64GB','351416736296651',430,'2026-05-05 18:21:25',NULL,NULL,NULL,'2026-05-04 16:05:53','2026-05-05 18:21:25',192),(356,NULL,21,NULL,1,'A07 64GB','351416736299226',430,'2026-05-13 11:05:06',NULL,NULL,NULL,'2026-05-04 16:05:53','2026-05-13 11:05:06',614),(357,NULL,21,NULL,1,'A07 64GB','351416736334486',430,'2026-05-15 09:54:03',NULL,NULL,NULL,'2026-05-04 16:05:53','2026-05-15 09:54:03',729),(358,NULL,21,NULL,1,'A07 64GB','351416736335590',430,'2026-05-05 16:20:09',NULL,NULL,NULL,'2026-05-04 16:05:53','2026-05-05 16:20:09',169),(359,NULL,21,NULL,1,'A07 64GB','351416736338107',430,'2026-05-05 12:54:24',NULL,NULL,NULL,'2026-05-04 16:05:53','2026-05-05 12:54:24',150),(360,NULL,21,NULL,1,'A07 64GB','351416736338115',430,'2026-05-05 16:59:13',NULL,NULL,NULL,'2026-05-04 16:05:53','2026-05-05 16:59:13',173),(361,NULL,21,NULL,1,'A07 64GB','351416736338123',430,'2026-05-05 11:19:44',NULL,NULL,NULL,'2026-05-04 16:05:53','2026-05-05 11:19:44',137),(362,NULL,21,NULL,1,'A07 64GB','351416736338131',430,'2026-05-13 14:23:59',NULL,NULL,NULL,'2026-05-04 16:05:53','2026-05-13 14:23:59',636),(363,NULL,21,NULL,1,'A07 64GB','351416736338339',430,'2026-05-05 11:51:16',NULL,NULL,NULL,'2026-05-04 16:05:53','2026-05-05 11:51:16',143),(364,NULL,21,NULL,1,'A07 64GB','351416736338388',430,'2026-05-05 14:06:40',NULL,NULL,NULL,'2026-05-04 16:05:53','2026-05-05 14:06:40',155),(365,NULL,21,NULL,1,'A07 64GB','351416736304018',430,'2026-05-13 17:55:36',NULL,NULL,NULL,'2026-05-04 16:14:49','2026-05-13 17:55:36',658),(366,NULL,21,NULL,1,'A07 64GB','351416736313423',430,'2026-05-13 09:54:15',NULL,NULL,NULL,'2026-05-04 16:14:49','2026-05-13 09:54:15',609),(367,NULL,21,NULL,1,'A07 64GB','351416736313563',430,'2026-05-06 14:36:05',NULL,NULL,NULL,'2026-05-04 16:14:49','2026-05-06 14:36:05',238),(368,NULL,21,NULL,1,'A07 64GB','351416736313589',430,'2026-05-15 11:08:51',NULL,NULL,NULL,'2026-05-04 16:14:49','2026-05-15 11:08:51',734),(369,NULL,21,NULL,1,'A07 64GB','351416736313621',430,'2026-05-14 08:16:49',NULL,NULL,NULL,'2026-05-04 16:14:50','2026-05-14 08:16:49',670),(370,NULL,21,NULL,1,'A07 64GB','351416736313654',430,'2026-05-20 15:00:22',NULL,NULL,NULL,'2026-05-04 16:14:50','2026-05-20 15:00:22',1018),(371,NULL,21,NULL,1,'A07 64GB','351416736313712',430,'2026-05-12 16:32:36',NULL,NULL,NULL,'2026-05-04 16:14:50','2026-05-12 16:32:36',594),(372,NULL,21,NULL,1,'A07 64GB','351416736313738',430,'2026-05-13 14:25:49',NULL,NULL,NULL,'2026-05-04 16:14:50','2026-05-13 14:25:49',638),(373,NULL,21,NULL,1,'A07 64GB','351416736313746',430,'2026-05-08 10:20:44',NULL,NULL,NULL,'2026-05-04 16:14:50','2026-05-08 10:20:44',371),(374,NULL,21,NULL,1,'A07 64GB','351416736313829',430,'2026-05-08 08:15:17',NULL,NULL,NULL,'2026-05-04 16:14:50','2026-05-08 08:15:17',358),(375,NULL,21,NULL,1,'A07 64GB','351416736313795',430,'2026-05-08 11:22:11',NULL,NULL,NULL,'2026-05-04 16:15:10','2026-05-08 11:22:11',377),(376,NULL,21,NULL,1,'A07 64GB','351416736313944',430,'2026-05-22 10:03:26',NULL,NULL,NULL,'2026-05-04 16:15:26','2026-05-22 10:03:26',1077),(377,NULL,21,NULL,1,'A07 64GB','351416736313688',430,'2026-05-15 12:56:25',NULL,NULL,NULL,'2026-05-04 16:15:53','2026-05-15 12:56:25',748),(378,NULL,21,NULL,1,'A07 64GB','351416736313936',430,NULL,NULL,NULL,NULL,'2026-05-04 16:16:23','2026-05-04 16:16:23',NULL),(379,NULL,21,NULL,1,'A07 64GB','351416736310080',430,'2026-05-20 16:33:11',NULL,NULL,NULL,'2026-05-04 16:16:58','2026-05-20 16:33:11',1023),(380,NULL,21,NULL,1,'A07 64GB','351416736313050',430,'2026-05-21 08:58:46',NULL,NULL,NULL,'2026-05-04 16:16:58','2026-05-21 08:58:46',1035),(381,NULL,21,NULL,1,'A07 64GB','351416736313704',430,'2026-05-05 12:53:08',NULL,NULL,NULL,'2026-05-04 16:16:58','2026-05-05 12:53:08',148),(382,NULL,21,NULL,1,'A07 64GB','351416736313720',430,'2026-05-15 10:23:04',NULL,NULL,NULL,'2026-05-04 16:16:58','2026-05-15 10:23:04',731),(383,NULL,21,NULL,1,'A07 64GB','L49LN2025',430,NULL,NULL,NULL,NULL,'2026-05-04 16:17:22','2026-05-04 16:17:22',NULL),(384,NULL,22,NULL,1,'Galaxy A17 128 GB','350074728471542',437,'2026-05-04 16:51:45',NULL,NULL,NULL,'2026-05-04 16:48:31','2026-05-04 16:51:45',115),(385,NULL,21,NULL,1,'A07 64GB','351416731624741',430,'2026-05-04 17:08:50',NULL,NULL,NULL,'2026-05-04 16:59:27','2026-05-04 17:08:50',116),(386,NULL,7,NULL,1,'A07 64GB','350151140394724',430,'2026-05-05 18:42:26',NULL,NULL,NULL,'2026-05-04 17:33:02','2026-05-05 18:42:26',193),(387,NULL,7,NULL,1,'A07 64GB','354201382322085',430,'2026-05-06 11:36:54',NULL,NULL,NULL,'2026-05-04 17:33:02','2026-05-06 11:36:54',217),(388,NULL,7,NULL,1,'A07 64GB','350151145444508',430,'2026-05-04 18:12:37',NULL,NULL,NULL,'2026-05-04 17:33:02','2026-05-04 18:12:37',119),(389,NULL,7,NULL,1,'A07 64GB','354201382413868',430,'2026-05-05 16:17:52',NULL,NULL,NULL,'2026-05-05 06:50:25','2026-05-05 16:17:52',168),(390,NULL,7,NULL,1,'A07 64GB','351929930718973',430,'2026-05-06 10:25:28',NULL,NULL,NULL,'2026-05-05 06:50:25','2026-05-06 10:25:28',206),(391,NULL,7,NULL,1,'A07 64GB','354201382411672',430,'2026-05-14 15:12:09',NULL,NULL,NULL,'2026-05-05 06:50:25','2026-05-14 15:12:09',707),(392,NULL,7,NULL,1,'A07 64GB','351929930724948',430,'2026-05-13 16:26:59',NULL,NULL,NULL,'2026-05-05 06:50:25','2026-05-13 16:26:59',649),(393,NULL,7,NULL,1,'A07 64GB','350151140325363',430,'2026-05-08 07:21:21',NULL,NULL,NULL,'2026-05-05 06:50:25','2026-05-08 07:21:21',355),(394,NULL,7,NULL,1,'A07 64GB','350151140245819',430,'2026-05-08 12:35:05',NULL,NULL,NULL,'2026-05-05 06:50:25','2026-05-08 12:35:05',385),(395,NULL,21,NULL,1,'A07 64GB','354201381926563',430,'2026-05-08 08:42:09',NULL,NULL,NULL,'2026-05-05 07:04:17','2026-05-08 08:42:09',360),(396,NULL,21,NULL,1,'A07 64GB','354201381926639',430,'2026-05-07 14:31:48',NULL,NULL,NULL,'2026-05-05 07:04:17','2026-05-07 14:31:48',324),(397,NULL,21,NULL,1,'A07 64GB','354201381926654',430,'2026-05-08 07:08:14',NULL,NULL,NULL,'2026-05-05 07:04:17','2026-05-08 07:08:14',353),(398,NULL,21,NULL,1,'A07 64GB','354201381926688',430,'2026-05-07 18:58:34',NULL,NULL,NULL,'2026-05-05 07:04:17','2026-05-07 18:58:34',349),(399,NULL,21,NULL,1,'A07 64GB','354201381926712',430,'2026-05-06 05:49:31',NULL,NULL,NULL,'2026-05-05 07:04:17','2026-05-06 05:49:31',196),(400,NULL,21,NULL,1,'A07 64GB','354201381926761',430,'2026-05-07 07:03:18',NULL,NULL,NULL,'2026-05-05 07:04:17','2026-05-07 07:03:18',274),(401,NULL,21,NULL,1,'A07 64GB','354201381926811',430,'2026-05-05 15:10:51',NULL,NULL,NULL,'2026-05-05 07:04:17','2026-05-05 15:10:51',159),(402,NULL,21,NULL,1,'A07 64GB','354201381926852',430,'2026-05-06 15:36:06',NULL,NULL,NULL,'2026-05-05 07:04:17','2026-05-06 15:36:06',244),(403,NULL,21,NULL,1,'A07 64GB','354201381926860',430,'2026-05-07 13:42:36',NULL,NULL,NULL,'2026-05-05 07:04:17','2026-05-07 13:42:36',320),(404,NULL,21,NULL,1,'A07 64GB','354201381926894',430,'2026-05-05 10:33:33',NULL,NULL,NULL,'2026-05-05 07:04:17','2026-05-05 10:33:33',134),(405,NULL,21,NULL,1,'A07 64GB','354201381926910',430,'2026-05-07 16:17:54',NULL,NULL,NULL,'2026-05-05 07:04:17','2026-05-07 16:17:54',333),(406,NULL,21,NULL,1,'A07 64GB','354201381927066',430,'2026-05-07 09:15:36',NULL,NULL,NULL,'2026-05-05 07:04:17','2026-05-07 09:15:36',284),(407,NULL,21,NULL,1,'A07 64GB','354201381927074',430,'2026-05-06 12:32:38',NULL,NULL,NULL,'2026-05-05 07:04:17','2026-05-06 12:32:38',224),(408,NULL,21,NULL,1,'A07 64GB','354201381927140',430,'2026-05-06 12:34:26',NULL,NULL,NULL,'2026-05-05 07:04:17','2026-05-06 12:34:26',225),(409,NULL,21,NULL,1,'A07 64GB','354201381927157',430,'2026-05-06 08:38:00',NULL,NULL,NULL,'2026-05-05 07:04:17','2026-05-06 08:38:00',201),(410,NULL,21,NULL,1,'A07 64GB','354201381927231',430,'2026-05-06 11:12:14',NULL,NULL,NULL,'2026-05-05 07:04:17','2026-05-06 11:12:14',215),(411,NULL,21,NULL,1,'A07 64GB','354201381927363',430,'2026-05-06 17:29:05',NULL,NULL,NULL,'2026-05-05 07:04:17','2026-05-06 17:29:05',260),(412,NULL,21,NULL,1,'A07 64GB','354201381928569',430,'2026-05-08 08:44:02',NULL,NULL,NULL,'2026-05-05 07:04:17','2026-05-08 08:44:02',362),(413,NULL,21,NULL,1,'A07 64GB','354201381946033',430,'2026-05-06 12:58:20',NULL,NULL,NULL,'2026-05-05 07:04:18','2026-05-06 12:58:20',227),(414,NULL,21,NULL,1,'A07 64GB','354201381946488',430,'2026-05-06 14:00:17',NULL,NULL,NULL,'2026-05-05 07:04:18','2026-05-06 14:00:17',235),(415,NULL,21,NULL,1,'A07 64GB','350151140309946',430,'2026-05-05 17:37:14',NULL,NULL,NULL,'2026-05-05 07:23:02','2026-05-05 17:37:14',183),(416,NULL,21,NULL,1,'A07 64GB','350151140313989',430,'2026-05-06 08:27:28',NULL,NULL,NULL,'2026-05-05 07:23:02','2026-05-06 08:27:28',200),(417,NULL,21,NULL,1,'A07 64GB','350151140322378',430,'2026-05-05 17:58:58',NULL,NULL,NULL,'2026-05-05 07:23:02','2026-05-05 17:58:58',187),(418,NULL,21,NULL,1,'A07 64GB','350151140322451',430,'2026-05-05 16:32:31',NULL,NULL,NULL,'2026-05-05 07:23:02','2026-05-05 16:32:31',170),(419,NULL,21,NULL,1,'A07 64GB','350151140323079',430,'2026-05-16 10:26:00',NULL,NULL,NULL,'2026-05-05 07:23:02','2026-05-16 10:26:00',784),(420,NULL,21,NULL,1,'A07 64GB','350151140323152',430,'2026-05-16 12:28:33',NULL,NULL,NULL,'2026-05-05 07:23:02','2026-05-16 12:28:33',796),(421,NULL,21,NULL,1,'A07 64GB','350151140326940',430,'2026-05-06 15:12:21',NULL,NULL,NULL,'2026-05-05 07:23:02','2026-05-06 15:12:21',242),(422,NULL,21,NULL,1,'A07 64GB','350151140329019',430,'2026-05-06 13:50:32',NULL,NULL,NULL,'2026-05-05 07:23:02','2026-05-06 13:50:32',234),(423,NULL,21,NULL,1,'A07 64GB','350151140329407',430,'2026-05-16 14:06:59',NULL,NULL,NULL,'2026-05-05 07:23:02','2026-05-16 14:06:59',812),(424,NULL,21,NULL,1,'A07 64GB','350151140329829',430,'2026-05-13 11:56:28',NULL,NULL,NULL,'2026-05-05 07:23:02','2026-05-13 11:56:28',619),(425,NULL,21,NULL,1,'A07 64GB','350151140329860',430,'2026-05-14 09:41:12',NULL,NULL,NULL,'2026-05-05 07:23:02','2026-05-14 09:41:12',679),(426,NULL,21,NULL,1,'A07 64GB','350151140329944',430,'2026-05-14 11:33:10',NULL,NULL,NULL,'2026-05-05 07:23:02','2026-05-14 11:33:10',688),(427,NULL,21,NULL,1,'A07 64GB','350151140330215',430,'2026-05-06 14:46:32',NULL,NULL,NULL,'2026-05-05 07:23:02','2026-05-06 14:46:32',240),(428,NULL,21,NULL,1,'A07 64GB','350151140338820',430,'2026-05-14 15:10:06',NULL,NULL,NULL,'2026-05-05 07:23:02','2026-05-14 15:10:06',706),(429,NULL,21,NULL,1,'A07 64GB','350151140338895',430,'2026-05-06 18:19:30',NULL,NULL,NULL,'2026-05-05 07:23:02','2026-05-06 18:19:30',269),(430,NULL,21,NULL,1,'A07 64GB','350151140338911',430,'2026-05-13 15:51:49',NULL,NULL,NULL,'2026-05-05 07:23:02','2026-05-13 15:51:49',643),(431,NULL,21,NULL,1,'A07 64GB','350151140338945',430,'2026-05-05 18:08:28',NULL,NULL,NULL,'2026-05-05 07:23:02','2026-05-05 18:08:28',189),(432,NULL,21,NULL,1,'A07 64GB','350151140338960',430,'2026-05-05 18:17:26',NULL,NULL,NULL,'2026-05-05 07:23:02','2026-05-05 18:17:26',191),(433,NULL,21,NULL,1,'A07 64GB','350151140339000',430,'2026-05-05 12:54:20',NULL,NULL,NULL,'2026-05-05 07:23:02','2026-05-05 12:54:20',149),(434,NULL,21,NULL,1,'A07 64GB','350151140339034',430,'2026-05-06 17:55:09',NULL,NULL,NULL,'2026-05-05 07:23:02','2026-05-06 17:55:09',265),(435,NULL,21,NULL,1,'A07 64GB','350151148346056',430,'2026-05-05 13:06:50',NULL,NULL,NULL,'2026-05-05 07:23:02','2026-05-05 13:06:50',152),(436,NULL,21,NULL,1,'A07 64GB','350151148340414',430,'2026-05-05 17:22:15',NULL,NULL,NULL,'2026-05-05 07:23:02','2026-05-05 17:22:15',179),(437,NULL,21,NULL,1,'A07 64GB','350151148355867',430,'2026-05-06 18:13:43',NULL,NULL,NULL,'2026-05-05 07:23:02','2026-05-06 18:13:43',268),(438,NULL,21,NULL,1,'A07 64GB','350151148358671',430,'2026-05-05 18:55:00',NULL,NULL,NULL,'2026-05-05 07:23:02','2026-05-05 18:55:00',195),(439,NULL,21,NULL,1,'A07 64GB','350151148341370',430,'2026-05-05 18:54:21',NULL,NULL,NULL,'2026-05-05 07:23:02','2026-05-05 18:54:21',194),(440,NULL,21,NULL,1,'A07 64GB','350151148358689',430,'2026-05-05 14:26:40',NULL,NULL,NULL,'2026-05-05 07:23:02','2026-05-05 14:26:40',156),(441,NULL,21,NULL,1,'A07 64GB','350151148354837',430,'2026-05-15 11:40:40',NULL,NULL,NULL,'2026-05-05 07:23:02','2026-05-15 11:40:40',740),(442,NULL,21,NULL,1,'A07 64GB','350151148340760',430,'2026-05-14 13:26:04',NULL,NULL,NULL,'2026-05-05 07:23:02','2026-05-14 13:26:04',697),(443,NULL,21,NULL,1,'A07 64GB','350151148339739',430,'2026-05-18 13:51:00',NULL,NULL,NULL,'2026-05-05 07:23:02','2026-05-18 13:51:00',899),(444,NULL,21,NULL,1,'A07 64GB','350151148358762',430,'2026-05-06 10:31:38',NULL,NULL,NULL,'2026-05-05 07:23:02','2026-05-06 10:31:38',207),(445,NULL,21,NULL,1,'A07 64GB','350151148353102',430,'2026-05-15 15:26:52',NULL,NULL,NULL,'2026-05-05 07:23:02','2026-05-15 15:26:52',757),(446,NULL,21,NULL,1,'A07 64GB','350151148353045',430,'2026-05-06 17:02:04',NULL,NULL,NULL,'2026-05-05 07:23:02','2026-05-06 17:02:04',255),(447,NULL,21,NULL,1,'A07 64GB','350151148348342',430,'2026-05-06 13:47:35',NULL,NULL,NULL,'2026-05-05 07:23:02','2026-05-06 13:47:35',233),(448,NULL,21,NULL,1,'A07 64GB','350151148342857',430,'2026-05-06 17:11:20',NULL,NULL,NULL,'2026-05-05 07:23:02','2026-05-06 17:11:20',257),(449,NULL,21,NULL,1,'A07 64GB','350151148347039',430,'2026-05-06 13:38:12',NULL,NULL,NULL,'2026-05-05 07:23:02','2026-05-06 13:38:12',232),(450,NULL,21,NULL,1,'A07 64GB','350151148358960',430,'2026-05-06 11:39:39',NULL,NULL,NULL,'2026-05-05 07:23:02','2026-05-06 11:39:39',218),(451,NULL,21,NULL,1,'A07 64GB','350151148352906',430,'2026-05-06 15:16:53',NULL,NULL,NULL,'2026-05-05 07:23:02','2026-05-06 15:16:53',243),(452,NULL,21,NULL,1,'A07 64GB','350151148354241',430,'2026-05-15 16:27:10',NULL,NULL,NULL,'2026-05-05 07:23:02','2026-05-15 16:27:10',765),(453,NULL,21,NULL,1,'A07 64GB','350151148358853',430,'2026-05-06 17:46:52',NULL,NULL,NULL,'2026-05-05 07:23:02','2026-05-06 17:46:52',264),(454,NULL,21,NULL,1,'A07 64GB','350151148350926',430,'2026-05-05 17:11:41',NULL,NULL,NULL,'2026-05-05 07:23:02','2026-05-05 17:11:41',176),(455,NULL,21,NULL,1,'A07 64GB','350151140259471',430,'2026-05-12 07:32:59',NULL,NULL,NULL,'2026-05-05 07:38:38','2026-05-12 07:32:59',551),(456,NULL,21,NULL,1,'A07 64GB','350151140259810',430,'2026-05-14 08:56:08',NULL,NULL,NULL,'2026-05-05 07:38:38','2026-05-14 08:56:08',672),(457,NULL,21,NULL,1,'A07 64GB','350151140260065',430,'2026-05-15 15:35:05',NULL,NULL,NULL,'2026-05-05 07:38:38','2026-05-15 15:35:05',759),(458,NULL,21,NULL,1,'A07 64GB','350151140260776',430,'2026-05-16 14:40:46',NULL,NULL,NULL,'2026-05-05 07:38:38','2026-05-16 14:40:46',817),(459,NULL,21,NULL,1,'A07 64GB','350151140260883',430,'2026-05-13 10:24:24',NULL,NULL,NULL,'2026-05-05 07:38:38','2026-05-13 10:24:24',610),(460,NULL,21,NULL,1,'A07 64GB','350151140260933',430,'2026-05-11 14:43:39',NULL,NULL,NULL,'2026-05-05 07:38:38','2026-05-11 14:43:39',528),(461,NULL,21,NULL,1,'A07 64GB','350151140260958',430,'2026-05-12 10:46:32',NULL,NULL,NULL,'2026-05-05 07:38:38','2026-05-12 10:46:32',560),(462,NULL,21,NULL,1,'A07 64GB','350151140261006',430,'2026-05-16 14:04:47',NULL,NULL,NULL,'2026-05-05 07:38:38','2026-05-16 14:04:47',810),(463,NULL,21,NULL,1,'A07 64GB','350151140261014',430,'2026-05-14 12:59:24',NULL,NULL,NULL,'2026-05-05 07:38:38','2026-05-14 12:59:24',696),(464,NULL,21,NULL,1,'A07 64GB','350151140261097',430,'2026-05-11 13:02:20',NULL,NULL,NULL,'2026-05-05 07:38:38','2026-05-11 13:02:20',517),(465,NULL,21,NULL,1,'A07 64GB','350151140261113',430,'2026-05-13 16:49:55',NULL,NULL,NULL,'2026-05-05 07:38:38','2026-05-13 16:49:55',651),(466,NULL,21,NULL,1,'A07 64GB','350151140261147',430,'2026-05-13 12:01:22',NULL,NULL,NULL,'2026-05-05 07:38:38','2026-05-13 12:01:22',620),(467,NULL,21,NULL,1,'A07 64GB','350151140261170',430,'2026-05-12 07:40:12',NULL,NULL,NULL,'2026-05-05 07:38:38','2026-05-13 14:17:15',633),(468,NULL,21,NULL,1,'A07 64GB','350151140261204',430,'2026-05-13 18:19:00',NULL,NULL,NULL,'2026-05-05 07:38:38','2026-05-13 18:19:00',659),(469,NULL,21,NULL,1,'A07 64GB','350151140303055',430,'2026-05-19 13:10:49',NULL,NULL,NULL,'2026-05-05 07:38:38','2026-05-19 13:10:49',955),(470,NULL,21,NULL,1,'A07 64GB','350151140307437',430,'2026-05-18 17:00:10',NULL,NULL,NULL,'2026-05-05 07:38:38','2026-05-18 17:00:10',923),(471,NULL,21,NULL,1,'A07 64GB','350151140308484',430,'2026-05-25 13:09:06',NULL,NULL,NULL,'2026-05-05 07:38:38','2026-05-25 13:09:06',1159),(472,NULL,21,NULL,1,'A07 64GB','350151140308658',430,'2026-05-11 15:38:46',NULL,NULL,NULL,'2026-05-05 07:38:38','2026-05-11 15:38:46',535),(473,NULL,21,NULL,1,'A07 64GB','350151140309375',430,'2026-05-13 13:21:30',NULL,NULL,NULL,'2026-05-05 07:38:38','2026-05-13 13:21:30',628),(474,NULL,21,NULL,1,'A07 64GB','350151140309383',430,'2026-05-16 09:27:40',NULL,NULL,NULL,'2026-05-05 07:38:38','2026-05-16 09:27:40',778),(475,NULL,21,NULL,1,'A07 64GB','350151145454929',430,'2026-05-12 12:53:12',NULL,NULL,NULL,'2026-05-05 07:38:38','2026-05-12 12:53:12',569),(476,NULL,21,NULL,1,'A07 64GB','350151145459878',430,'2026-05-26 08:25:09',NULL,NULL,NULL,'2026-05-05 07:38:38','2026-05-26 08:25:09',1198),(477,NULL,21,NULL,1,'A07 64GB','350151145460033',430,'2026-05-14 13:43:33',NULL,NULL,NULL,'2026-05-05 07:38:38','2026-05-14 13:43:33',699),(478,NULL,21,NULL,1,'A07 64GB','350151145460215',430,'2026-05-14 06:48:31',NULL,NULL,NULL,'2026-05-05 07:38:39','2026-05-14 06:48:31',663),(479,NULL,21,NULL,1,'A07 64GB','350151145460264',430,'2026-05-15 15:59:34',NULL,NULL,NULL,'2026-05-05 07:38:39','2026-05-15 15:59:34',764),(480,NULL,21,NULL,1,'A07 64GB','350151145460298',430,'2026-05-14 10:22:58',NULL,NULL,NULL,'2026-05-05 07:38:39','2026-05-14 10:22:58',682),(481,NULL,21,NULL,1,'A07 64GB','350151145460322',430,'2026-05-15 16:40:46',NULL,NULL,NULL,'2026-05-05 07:38:39','2026-05-15 16:40:46',770),(482,NULL,21,NULL,1,'A07 64GB','350151145460348',430,'2026-05-15 12:02:07',NULL,NULL,NULL,'2026-05-05 07:38:39','2026-05-15 12:02:07',743),(483,NULL,21,NULL,1,'A07 64GB','350151145460363',430,'2026-05-16 06:11:35',NULL,NULL,NULL,'2026-05-05 07:38:39','2026-05-16 06:11:35',772),(484,NULL,21,NULL,1,'A07 64GB','350151145460405',430,'2026-05-11 11:14:46',NULL,NULL,NULL,'2026-05-05 07:38:39','2026-05-11 11:14:46',509),(485,NULL,21,NULL,1,'A07 64GB','350151145460413',430,'2026-05-15 08:27:27',NULL,NULL,NULL,'2026-05-05 07:38:39','2026-05-15 08:27:27',722),(486,NULL,21,NULL,1,'A07 64GB','350151145460488',430,'2026-05-13 09:33:46',NULL,NULL,NULL,'2026-05-05 07:38:39','2026-05-13 09:33:46',603),(487,NULL,21,NULL,1,'A07 64GB','350151145460496',430,'2026-05-16 17:41:12',NULL,NULL,NULL,'2026-05-05 07:38:39','2026-05-16 17:41:12',837),(488,NULL,21,NULL,1,'A07 64GB','350151145460504',430,'2026-05-16 10:21:28',NULL,NULL,NULL,'2026-05-05 07:38:39','2026-05-16 10:21:28',783),(489,NULL,21,NULL,1,'A07 64GB','350151145460512',430,'2026-05-12 11:37:40',NULL,NULL,NULL,'2026-05-05 07:38:39','2026-05-12 11:37:40',563),(490,NULL,21,NULL,1,'A07 64GB','350151145460520',430,'2026-05-23 17:59:19',NULL,NULL,NULL,'2026-05-05 07:38:39','2026-05-23 17:59:19',1129),(491,NULL,21,NULL,1,'A07 64GB','350151145460538',430,'2026-05-13 13:03:35',NULL,NULL,NULL,'2026-05-05 07:38:39','2026-05-13 13:03:35',627),(492,NULL,21,NULL,1,'A07 64GB','350151145460546',430,'2026-05-12 08:57:36',NULL,NULL,NULL,'2026-05-05 07:38:39','2026-05-12 08:57:36',552),(493,NULL,21,NULL,1,'A07 64GB','350151145460553',430,'2026-05-15 14:35:40',NULL,NULL,NULL,'2026-05-05 07:38:39','2026-05-15 14:35:40',755),(494,NULL,21,NULL,1,'A07 64GB','350151145460603',430,NULL,NULL,NULL,NULL,'2026-05-05 07:38:39','2026-05-05 07:38:39',NULL),(495,NULL,21,NULL,1,'A07 64GB','350151148318097',430,'2026-05-14 14:25:23',NULL,NULL,NULL,'2026-05-05 08:03:01','2026-05-14 14:25:23',705),(496,NULL,21,NULL,1,'A07 64GB','350151148317818',430,'2026-05-12 18:03:59',NULL,NULL,NULL,'2026-05-05 08:03:01','2026-05-12 18:03:59',598),(497,NULL,21,NULL,1,'A07 64GB','350151148318741',430,'2026-05-15 12:50:52',NULL,NULL,NULL,'2026-05-05 08:03:01','2026-05-15 12:50:52',747),(498,NULL,21,NULL,1,'A07 64GB','350151148317537',430,'2026-05-12 14:32:00',NULL,NULL,NULL,'2026-05-05 08:03:01','2026-05-12 14:32:00',579),(499,NULL,21,NULL,1,'A07 64GB','350151148313585',430,'2026-05-14 09:20:19',NULL,NULL,NULL,'2026-05-05 08:03:01','2026-05-14 09:20:19',674),(500,NULL,21,NULL,1,'A07 64GB','350151148317834',430,'2026-05-13 16:27:31',NULL,NULL,NULL,'2026-05-05 08:03:01','2026-05-13 16:27:31',650),(501,NULL,21,NULL,1,'A07 64GB','350151148313205',430,'2026-05-14 07:50:23',NULL,NULL,NULL,'2026-05-05 08:03:01','2026-05-14 07:50:23',667),(502,NULL,21,NULL,1,'A07 64GB','350151148320168',430,'2026-05-15 14:03:38',NULL,NULL,NULL,'2026-05-05 08:03:01','2026-05-15 14:03:38',753),(503,NULL,21,NULL,1,'A07 64GB','350151148317974',430,'2026-05-18 18:14:55',NULL,NULL,NULL,'2026-05-05 08:03:01','2026-05-18 18:14:55',930),(504,NULL,21,NULL,1,'A07 64GB','350151148318485',430,'2026-05-16 06:21:56',NULL,NULL,NULL,'2026-05-05 08:03:01','2026-05-16 06:21:56',773),(505,NULL,21,NULL,1,'A07 64GB','350151148313726',430,'2026-05-14 17:00:52',NULL,NULL,NULL,'2026-05-05 08:03:01','2026-05-14 17:00:52',713),(506,NULL,21,NULL,1,'A07 64GB','350151148318311',430,'2026-05-15 16:37:38',NULL,NULL,NULL,'2026-05-05 08:03:01','2026-05-15 16:37:38',768),(507,NULL,21,NULL,1,'A07 64GB','350151148313122',430,'2026-05-14 10:57:31',NULL,NULL,NULL,'2026-05-05 08:03:01','2026-05-14 10:57:31',687),(508,NULL,21,NULL,1,'A07 64GB','350151148320416',430,'2026-05-14 07:38:30',NULL,NULL,NULL,'2026-05-05 08:03:01','2026-05-14 07:38:30',666),(509,NULL,21,NULL,1,'A07 64GB','350151148313551',430,'2026-05-13 16:56:57',NULL,NULL,NULL,'2026-05-05 08:03:01','2026-05-13 16:56:57',653),(510,NULL,21,NULL,1,'A07 64GB','350151148318790',430,'2026-05-18 13:39:35',NULL,NULL,NULL,'2026-05-05 08:03:01','2026-05-18 13:39:35',897),(511,NULL,21,NULL,1,'A07 64GB','350151148318246',430,'2026-05-14 12:25:51',NULL,NULL,NULL,'2026-05-05 08:03:01','2026-05-14 12:25:51',690),(512,NULL,21,NULL,1,'A07 64GB','350151148313429',430,'2026-05-26 17:55:56',NULL,NULL,NULL,'2026-05-05 08:03:01','2026-05-26 17:55:56',1219),(513,NULL,21,NULL,1,'A07 64GB','350151148313387',430,'2026-05-15 13:21:17',NULL,NULL,NULL,'2026-05-05 08:03:01','2026-05-15 13:21:17',751),(514,NULL,21,NULL,1,'A07 64GB','350151148319590',430,'2026-05-18 18:55:43',NULL,NULL,NULL,'2026-05-05 08:03:01','2026-05-18 18:55:43',933),(515,NULL,21,NULL,1,'A07 64GB','351416736294888',430,'2026-05-25 12:21:20',NULL,NULL,NULL,'2026-05-05 08:03:01','2026-05-25 12:21:20',1154),(516,NULL,21,NULL,1,'A07 64GB','351416736302087',430,'2026-05-16 13:48:48',NULL,NULL,NULL,'2026-05-05 08:03:01','2026-05-16 13:48:48',808),(517,NULL,21,NULL,1,'A07 64GB','351416736312599',430,'2026-05-15 17:53:13',NULL,NULL,NULL,'2026-05-05 08:03:01','2026-05-15 17:53:13',771),(518,NULL,21,NULL,1,'A07 64GB','351416736312615',430,'2026-05-13 12:54:05',NULL,NULL,NULL,'2026-05-05 08:03:01','2026-05-13 12:54:05',626),(519,NULL,21,NULL,1,'A07 64GB','351416736312698',430,'2026-05-15 06:43:55',NULL,NULL,NULL,'2026-05-05 08:03:01','2026-05-15 06:43:55',718),(520,NULL,21,NULL,1,'A07 64GB','351416736312722',430,'2026-05-13 15:28:33',NULL,NULL,NULL,'2026-05-05 08:03:01','2026-05-13 15:28:33',641),(521,NULL,21,NULL,1,'A07 64GB','351416736312730',430,NULL,NULL,NULL,NULL,'2026-05-05 08:03:01','2026-05-05 08:03:01',NULL),(522,NULL,21,NULL,1,'A07 64GB','351416736312797',430,'2026-05-15 10:12:59',NULL,NULL,NULL,'2026-05-05 08:03:01','2026-05-15 10:12:59',730),(523,NULL,21,NULL,1,'A07 64GB','351416736312805',430,'2026-05-14 12:32:50',NULL,NULL,NULL,'2026-05-05 08:03:01','2026-05-14 12:32:50',694),(524,NULL,21,NULL,1,'A07 64GB','351416736312813',430,'2026-05-15 08:54:33',NULL,NULL,NULL,'2026-05-05 08:03:01','2026-05-15 08:54:33',724),(525,NULL,21,NULL,1,'A07 64GB','351416736312839',430,'2026-05-14 16:46:58',NULL,NULL,NULL,'2026-05-05 08:03:01','2026-05-14 16:46:58',712),(526,NULL,21,NULL,1,'A07 64GB','351416736312862',430,'2026-05-16 14:04:55',NULL,NULL,NULL,'2026-05-05 08:03:01','2026-05-16 14:04:55',811),(527,NULL,21,NULL,1,'A07 64GB','351416736312870',430,'2026-05-13 16:23:25',NULL,NULL,NULL,'2026-05-05 08:03:01','2026-05-13 16:23:25',646),(528,NULL,21,NULL,1,'A07 64GB','351416736312888',430,'2026-05-14 12:27:17',NULL,NULL,NULL,'2026-05-05 08:03:01','2026-05-14 12:27:17',691),(529,NULL,21,NULL,1,'A07 64GB','351416736312896',430,'2026-05-12 15:59:05',NULL,NULL,NULL,'2026-05-05 08:03:01','2026-05-12 15:59:05',590),(530,NULL,21,NULL,1,'A07 64GB','351416736312904',430,'2026-05-15 15:56:37',NULL,NULL,NULL,'2026-05-05 08:03:01','2026-05-15 15:56:37',763),(531,NULL,21,NULL,1,'A07 64GB','351416736313043',430,'2026-05-16 11:55:54',NULL,NULL,NULL,'2026-05-05 08:03:01','2026-05-16 11:55:54',793),(532,NULL,21,NULL,1,'A07 64GB','351416736313068',430,'2026-05-13 15:56:47',NULL,NULL,NULL,'2026-05-05 08:03:01','2026-05-13 15:56:47',644),(533,NULL,21,NULL,1,'A07 64GB','351416736313076',430,'2026-05-13 14:23:50',NULL,NULL,NULL,'2026-05-05 08:03:01','2026-05-13 14:23:50',635),(534,NULL,21,NULL,1,'A07 64GB','351416736313092',430,'2026-05-15 15:27:58',NULL,NULL,NULL,'2026-05-05 08:03:01','2026-05-15 15:27:58',758),(535,NULL,21,NULL,1,'A07 64GB','351416730678466',430,'2026-05-05 09:02:40',NULL,NULL,NULL,'2026-05-05 08:10:40','2026-05-05 09:02:40',129),(536,NULL,7,NULL,1,'A07 64GB','350151140428522',430,'2026-05-08 17:05:52',NULL,NULL,NULL,'2026-05-05 08:18:11','2026-05-08 17:05:52',416),(537,NULL,21,NULL,1,'A07 64GB','351929931714120',430,NULL,NULL,NULL,NULL,'2026-05-05 10:43:09','2026-05-05 10:43:09',NULL),(538,NULL,21,NULL,1,'A07 64GB','351929931714260',430,NULL,NULL,NULL,NULL,'2026-05-05 10:43:09','2026-05-05 10:43:09',NULL),(539,NULL,21,NULL,1,'A07 64GB','351929931714211',430,NULL,NULL,NULL,NULL,'2026-05-05 10:43:09','2026-05-05 10:43:09',NULL),(540,NULL,21,NULL,1,'A07 64GB','351929930669465',430,NULL,NULL,NULL,NULL,'2026-05-05 12:15:06','2026-05-05 12:15:06',NULL),(541,NULL,7,NULL,1,'A07 64GB','350151146000929',430,'2026-05-05 12:38:27',NULL,NULL,NULL,'2026-05-05 12:19:59','2026-05-05 12:38:27',146),(542,NULL,7,NULL,1,'A07 64GB','350151140245751',430,'2026-05-06 12:05:29',NULL,NULL,NULL,'2026-05-05 12:21:31','2026-05-06 12:05:29',222),(543,NULL,7,NULL,1,'A07 64GB','351929930694810',430,'2026-05-05 17:38:06',NULL,NULL,NULL,'2026-05-05 12:21:31','2026-05-05 17:38:06',184),(544,NULL,7,NULL,1,'A07 64GB','350151140248128',430,'2026-05-07 11:32:58',NULL,NULL,NULL,'2026-05-05 12:21:31','2026-05-07 11:32:58',299),(545,NULL,7,NULL,1,'A07 64GB','354201382410179',430,'2026-05-05 17:16:30',NULL,NULL,NULL,'2026-05-05 12:21:31','2026-05-05 17:16:30',178),(546,NULL,7,NULL,1,'A07 64GB','351929930680777',430,'2026-05-05 15:02:12',NULL,NULL,NULL,'2026-05-05 12:21:31','2026-05-05 15:02:12',158),(547,NULL,21,NULL,1,'A07 64GB','350151145441801',430,'2026-05-07 10:57:35',NULL,NULL,NULL,'2026-05-05 13:45:42','2026-05-07 10:57:35',295),(548,NULL,21,NULL,1,'A07 64GB','350151145442510',430,'2026-05-11 09:14:40',NULL,NULL,NULL,'2026-05-05 13:45:42','2026-05-11 09:14:40',496),(549,NULL,21,NULL,1,'A07 64GB','350151145442908',430,'2026-05-07 07:35:45',NULL,NULL,NULL,'2026-05-05 13:45:42','2026-05-07 07:35:45',276),(550,NULL,21,NULL,1,'A07 64GB','350151145443302',430,'2026-05-09 12:46:25',NULL,NULL,NULL,'2026-05-05 13:45:42','2026-05-09 12:46:25',441),(551,NULL,21,NULL,1,'A07 64GB','350151145443351',430,'2026-05-06 18:04:39',NULL,NULL,NULL,'2026-05-05 13:45:42','2026-05-06 18:04:39',266),(552,NULL,21,NULL,1,'A07 64GB','350151145443609',430,'2026-05-08 18:21:32',NULL,NULL,NULL,'2026-05-05 13:45:42','2026-05-08 18:21:32',424),(553,NULL,21,NULL,1,'A07 64GB','350151145443658',430,'2026-05-08 12:23:12',NULL,NULL,NULL,'2026-05-05 13:45:42','2026-05-08 12:23:12',383),(554,NULL,21,NULL,1,'A07 64GB','350151145443898',430,'2026-05-06 15:48:38',NULL,NULL,NULL,'2026-05-05 13:45:42','2026-05-06 15:48:38',246),(555,NULL,21,NULL,1,'A07 64GB','35015114544367',430,NULL,NULL,NULL,NULL,'2026-05-05 13:45:42','2026-05-05 13:45:42',NULL),(556,NULL,21,NULL,1,'A07 64GB','350151145444557',430,'2026-05-06 16:56:32',NULL,NULL,NULL,'2026-05-05 13:45:42','2026-05-06 16:56:32',254),(557,NULL,21,NULL,1,'A07 64GB','350151145444573',430,'2026-05-19 18:00:52',NULL,NULL,NULL,'2026-05-05 13:45:42','2026-05-19 18:00:52',976),(558,NULL,21,NULL,1,'A07 64GB','350151145444607',430,'2026-05-11 14:49:22',NULL,NULL,NULL,'2026-05-05 13:45:42','2026-05-11 14:49:22',529),(559,NULL,21,NULL,1,'A07 64GB','350151145444888',430,'2026-05-20 09:37:07',NULL,NULL,NULL,'2026-05-05 13:45:42','2026-05-20 09:37:07',990),(560,NULL,21,NULL,1,'A07 64GB','350151145445026',430,'2026-05-09 14:04:11',NULL,NULL,NULL,'2026-05-05 13:45:42','2026-05-09 14:04:11',445),(561,NULL,21,NULL,1,'A07 64GB','350151145445240',430,'2026-05-06 17:16:00',NULL,NULL,NULL,'2026-05-05 13:45:42','2026-05-06 17:16:00',258),(562,NULL,21,NULL,1,'A07 64GB','350151145445307',430,NULL,NULL,NULL,NULL,'2026-05-05 13:45:42','2026-05-05 13:45:42',NULL),(563,NULL,21,NULL,1,'A07 64GB','350151145445703',430,'2026-05-06 18:45:44',NULL,NULL,NULL,'2026-05-05 13:45:42','2026-05-06 18:45:44',271),(564,NULL,21,NULL,1,'A07 64GB','350151145445737',430,'2026-05-10 10:23:09',NULL,NULL,NULL,'2026-05-05 13:45:42','2026-05-10 10:23:09',475),(565,NULL,21,NULL,1,'A07 64GB','350151145445745',430,'2026-05-06 17:08:50',NULL,NULL,NULL,'2026-05-05 13:45:42','2026-05-06 17:08:50',256),(566,NULL,21,NULL,1,'A07 64GB','350151145445794',430,'2026-05-09 18:07:49',NULL,NULL,NULL,'2026-05-05 13:45:42','2026-05-09 18:07:49',466),(567,NULL,21,NULL,1,'A07 64GB','351416731599547',430,'2026-05-07 12:40:31',NULL,NULL,NULL,'2026-05-05 13:45:42','2026-05-07 12:40:31',310),(568,NULL,21,NULL,1,'A07 64GB','351416731599828',430,'2026-05-06 17:45:09',NULL,NULL,NULL,'2026-05-05 13:45:42','2026-05-06 17:45:09',263),(569,NULL,21,NULL,1,'A07 64GB','351416731599588',430,'2026-05-14 16:39:45',NULL,NULL,NULL,'2026-05-05 13:45:42','2026-05-14 16:39:45',711),(570,NULL,21,NULL,1,'A07 64GB','351416731599323',430,'2026-05-07 06:43:23',NULL,NULL,NULL,'2026-05-05 13:45:42','2026-05-07 06:43:23',272),(571,NULL,21,NULL,1,'A07 64GB','351416731599307',430,'2026-05-06 16:14:42',NULL,NULL,NULL,'2026-05-05 13:45:42','2026-05-06 16:14:42',249),(572,NULL,21,NULL,1,'A07 64GB','351416731599604',430,'2026-05-09 15:25:36',NULL,NULL,NULL,'2026-05-05 13:45:42','2026-05-09 15:25:36',453),(573,NULL,21,NULL,1,'A07 64GB','351416731599794',430,'2026-05-07 08:12:08',NULL,NULL,NULL,'2026-05-05 13:45:42','2026-05-07 08:12:08',278),(574,NULL,21,NULL,1,'A07 64GB','351416731599786',430,'2026-05-06 11:34:00',NULL,NULL,NULL,'2026-05-05 13:45:42','2026-05-06 11:34:00',216),(575,NULL,21,NULL,1,'A07 64GB','351416731600022',430,'2026-05-21 15:55:44',NULL,NULL,NULL,'2026-05-05 13:45:42','2026-05-21 15:55:44',1063),(576,NULL,21,NULL,1,'A07 64GB','351416731599570',430,'2026-05-07 12:10:33',NULL,NULL,NULL,'2026-05-05 13:45:42','2026-05-07 12:10:33',305),(577,NULL,21,NULL,1,'A07 64GB','351416731599422',430,'2026-05-08 11:02:53',NULL,NULL,NULL,'2026-05-05 13:45:42','2026-05-08 11:02:53',376),(578,NULL,21,NULL,1,'A07 64GB','351416731599802',430,'2026-05-09 09:42:46',NULL,NULL,NULL,'2026-05-05 13:45:42','2026-05-09 09:42:46',432),(579,NULL,21,NULL,1,'A07 64GB','351416731599463',430,'2026-05-08 08:30:10',NULL,NULL,NULL,'2026-05-05 13:45:42','2026-05-08 08:30:10',359),(580,NULL,21,NULL,1,'A07 64GB','351416731599497',430,'2026-05-09 17:50:13',NULL,NULL,NULL,'2026-05-05 13:45:42','2026-05-09 17:50:13',465),(581,NULL,21,NULL,1,'A07 64GB','351416731599224',430,'2026-05-07 09:16:51',NULL,NULL,NULL,'2026-05-05 13:45:42','2026-05-07 09:16:51',285),(582,NULL,21,NULL,1,'A07 64GB','351416731599596',430,'2026-05-27 10:25:44',NULL,NULL,NULL,'2026-05-05 13:45:42','2026-05-27 10:25:44',1221),(583,NULL,21,NULL,1,'A07 64GB','351416731599455',430,'2026-05-07 11:46:57',NULL,NULL,NULL,'2026-05-05 13:45:42','2026-05-07 11:46:57',302),(584,NULL,21,NULL,1,'A07 64GB','351416731599778',430,'2026-05-11 10:31:36',NULL,NULL,NULL,'2026-05-05 13:45:42','2026-05-11 10:31:36',504),(585,NULL,21,NULL,1,'A07 64GB','351416731599299',430,'2026-05-07 15:30:18',NULL,NULL,NULL,'2026-05-05 13:45:42','2026-05-07 15:30:18',332),(586,NULL,21,NULL,1,'A07 64GB','351416731599513',430,NULL,NULL,NULL,NULL,'2026-05-05 13:45:42','2026-05-05 13:45:42',NULL),(587,NULL,21,NULL,1,'A07 64GB','351416731596162',430,'2026-05-08 15:18:55',NULL,NULL,NULL,'2026-05-05 13:45:42','2026-05-08 15:18:55',402),(588,NULL,21,NULL,1,'A07 64GB','351416731596576',430,'2026-05-13 13:52:09',NULL,NULL,NULL,'2026-05-05 13:45:42','2026-05-13 13:52:09',631),(589,NULL,21,NULL,1,'A07 64GB','351416731595859',430,'2026-05-15 11:57:26',NULL,NULL,NULL,'2026-05-05 13:45:42','2026-05-15 11:57:26',741),(590,NULL,21,NULL,1,'A07 64GB','351416731596352',430,'2026-05-13 11:36:32',NULL,NULL,NULL,'2026-05-05 13:45:42','2026-05-13 11:36:32',617),(591,NULL,21,NULL,1,'A07 64GB','351416731595990',430,'2026-05-09 17:00:13',NULL,NULL,NULL,'2026-05-05 13:45:42','2026-05-09 17:00:13',461),(592,NULL,21,NULL,1,'A07 64GB','351416731596238',430,'2026-05-11 15:19:07',NULL,NULL,NULL,'2026-05-05 13:45:42','2026-05-11 15:19:07',534),(593,NULL,21,NULL,1,'A07 64GB','351416731595834',430,NULL,NULL,NULL,NULL,'2026-05-05 13:45:42','2026-05-05 13:45:42',NULL),(594,NULL,21,NULL,1,'A07 64GB','351416731595891',430,'2026-05-10 13:48:20',NULL,NULL,NULL,'2026-05-05 13:45:42','2026-05-10 13:48:20',485),(595,NULL,21,NULL,1,'A07 64GB','351416731596030',430,'2026-05-09 12:38:11',NULL,NULL,NULL,'2026-05-05 13:45:42','2026-05-09 12:38:11',440),(596,NULL,21,NULL,1,'A07 64GB','351416731596261',430,'2026-05-12 15:08:53',NULL,NULL,NULL,'2026-05-05 13:45:42','2026-05-12 15:08:53',585),(597,NULL,21,NULL,1,'A07 64GB','351416731596477',430,'2026-05-09 10:51:41',NULL,NULL,NULL,'2026-05-05 13:45:42','2026-05-09 10:51:41',436),(598,NULL,21,NULL,1,'A07 64GB','351416731596550',430,'2026-05-10 12:36:33',NULL,NULL,NULL,'2026-05-05 13:45:42','2026-05-10 12:36:33',480),(599,NULL,21,NULL,1,'A07 64GB','351416731596485',430,'2026-05-12 16:01:24',NULL,NULL,NULL,'2026-05-05 13:45:42','2026-05-12 16:01:24',591),(600,NULL,21,NULL,1,'A07 64GB','351416731593532',430,'2026-05-15 08:54:27',NULL,NULL,NULL,'2026-05-05 13:45:42','2026-05-15 08:54:27',723),(601,NULL,21,NULL,1,'A07 64GB','351416731593789',430,'2026-05-14 15:46:27',NULL,NULL,NULL,'2026-05-05 13:45:42','2026-05-14 15:46:27',709),(602,NULL,21,NULL,1,'A07 64GB','351416731595867',430,'2026-05-09 09:10:19',NULL,NULL,NULL,'2026-05-05 13:45:42','2026-05-09 09:10:19',430),(603,NULL,21,NULL,1,'A07 64GB','351416731596139',430,'2026-05-25 09:45:34',NULL,NULL,NULL,'2026-05-05 13:45:42','2026-05-25 09:45:34',1149),(604,NULL,21,NULL,1,'A07 64GB','351416731592286',430,'2026-05-18 10:49:09',NULL,NULL,NULL,'2026-05-05 13:45:42','2026-05-18 10:49:09',880),(605,NULL,21,NULL,1,'A07 64GB','351416731596444',430,'2026-05-15 07:20:21',NULL,NULL,NULL,'2026-05-05 13:45:42','2026-05-15 07:20:21',720),(606,NULL,21,NULL,1,'A07 64GB','351416731596253',430,'2026-05-15 11:14:57',NULL,NULL,NULL,'2026-05-05 13:45:42','2026-05-15 11:14:57',737),(607,NULL,21,NULL,1,'A07 64GB','351416731592526',430,'2026-05-08 17:07:17',NULL,NULL,NULL,'2026-05-05 13:45:42','2026-05-08 17:07:17',417),(608,NULL,21,NULL,1,'A07 64GB','351416731622422',430,'2026-05-07 14:49:32',NULL,NULL,NULL,'2026-05-05 13:45:42','2026-05-07 14:49:32',328),(609,NULL,21,NULL,1,'A07 64GB','351416731601574',430,'2026-05-07 15:09:35',NULL,NULL,NULL,'2026-05-05 13:45:42','2026-05-07 15:09:35',330),(610,NULL,21,NULL,1,'A07 64GB','351416731603406',430,'2026-05-07 18:56:45',NULL,NULL,NULL,'2026-05-05 13:45:42','2026-05-07 18:56:45',347),(611,NULL,21,NULL,1,'A07 64GB','351416731624592',430,'2026-05-07 15:00:26',NULL,NULL,NULL,'2026-05-05 13:45:42','2026-05-07 15:00:26',329),(612,NULL,21,NULL,1,'A07 64GB','351416731601624',430,'2026-05-08 07:38:50',NULL,NULL,NULL,'2026-05-05 13:45:42','2026-05-08 07:38:50',356),(613,NULL,21,NULL,1,'A07 64GB','351416731599414',430,'2026-05-15 12:11:26',NULL,NULL,NULL,'2026-05-05 13:45:42','2026-05-15 12:11:26',746),(614,NULL,21,NULL,1,'A07 64GB','351416731599471',430,'2026-05-14 08:58:40',NULL,NULL,NULL,'2026-05-05 13:45:42','2026-05-14 08:58:40',673),(615,NULL,21,NULL,1,'A07 64GB','351416731605427',430,'2026-05-09 15:46:10',NULL,NULL,NULL,'2026-05-05 13:45:42','2026-05-09 15:46:10',454),(616,NULL,21,NULL,1,'A07 64GB','351416731625607',430,'2026-05-08 16:54:17',NULL,NULL,NULL,'2026-05-05 13:45:42','2026-05-08 16:54:17',413),(617,NULL,21,NULL,1,'A07 64GB','351416731614908',430,'2026-05-08 18:02:54',NULL,NULL,NULL,'2026-05-05 13:45:42','2026-05-08 18:02:54',422),(618,NULL,21,NULL,1,'A07 64GB','351416731607944',430,'2026-05-08 09:18:54',NULL,NULL,NULL,'2026-05-05 13:45:42','2026-05-08 09:18:54',365),(619,NULL,21,NULL,1,'A07 64GB','351416731622877',430,'2026-05-08 12:19:31',NULL,NULL,NULL,'2026-05-05 13:45:42','2026-05-08 12:19:31',382),(620,NULL,21,NULL,1,'A07 64GB','351416731615897',430,'2026-05-08 17:55:07',NULL,NULL,NULL,'2026-05-05 13:45:42','2026-05-08 17:55:07',420),(621,NULL,21,NULL,1,'A07 64GB','351416731603216',430,'2026-05-12 18:47:18',NULL,NULL,NULL,'2026-05-05 13:45:42','2026-05-12 18:47:18',599),(622,NULL,21,NULL,1,'A07 64GB','351416731606102',430,'2026-05-07 12:57:02',NULL,NULL,NULL,'2026-05-05 13:45:42','2026-05-07 12:57:02',313),(623,NULL,21,NULL,1,'A07 64GB','351416731619105',430,'2026-05-07 13:26:10',NULL,NULL,NULL,'2026-05-05 13:45:42','2026-05-07 13:26:10',317),(624,NULL,21,NULL,1,'A07 64GB','351416731625839',430,'2026-05-09 14:46:19',NULL,NULL,NULL,'2026-05-05 13:45:42','2026-05-09 14:46:19',447),(625,NULL,21,NULL,1,'A07 64GB','351416731602796',430,'2026-05-08 15:44:05',NULL,NULL,NULL,'2026-05-05 13:45:42','2026-05-08 15:44:05',406),(626,NULL,21,NULL,1,'A07 64GB','351416731608876',430,'2026-05-12 13:38:22',NULL,NULL,NULL,'2026-05-05 13:45:42','2026-05-12 13:38:22',575),(627,NULL,21,NULL,1,'A07 64GB','351416736291488',430,'2026-05-11 10:28:14',NULL,NULL,NULL,'2026-05-05 13:45:42','2026-05-11 10:28:14',503),(628,NULL,21,NULL,1,'A07 64GB','351416736291504',430,'2026-05-07 08:41:40',NULL,NULL,NULL,'2026-05-05 13:45:42','2026-05-07 08:41:40',281),(629,NULL,21,NULL,1,'A07 64GB','351416736291520',430,'2026-05-06 18:13:35',NULL,NULL,NULL,'2026-05-05 13:45:42','2026-05-06 18:13:35',267),(630,NULL,21,NULL,1,'A07 64GB','351416736291538',430,'2026-05-12 10:29:17',NULL,NULL,NULL,'2026-05-05 13:45:42','2026-05-12 10:29:17',555),(631,NULL,21,NULL,1,'A07 64GB','351416736291587',430,'2026-05-20 14:52:35',NULL,NULL,NULL,'2026-05-05 13:45:42','2026-05-20 14:52:35',1017),(632,NULL,21,NULL,1,'A07 64GB','351416736291637',430,'2026-05-07 08:13:55',NULL,NULL,NULL,'2026-05-05 13:45:42','2026-05-07 08:13:55',279),(633,NULL,21,NULL,1,'A07 64GB','351416736295117',430,'2026-05-08 09:39:40',NULL,NULL,NULL,'2026-05-05 13:45:42','2026-05-08 09:39:40',367),(634,NULL,21,NULL,1,'A07 64GB','351416736295240',430,'2026-05-10 11:25:56',NULL,NULL,NULL,'2026-05-05 13:45:42','2026-05-10 11:25:56',476),(635,NULL,21,NULL,1,'A07 64GB','351416736295265',430,'2026-05-21 13:05:26',NULL,NULL,NULL,'2026-05-05 13:45:42','2026-05-21 13:05:26',1055),(636,NULL,21,NULL,1,'A07 64GB','351416736295372',430,'2026-05-19 12:45:23',NULL,NULL,NULL,'2026-05-05 13:45:42','2026-05-19 12:45:23',953),(637,NULL,21,NULL,1,'A07 64GB','351416736295380',430,'2026-05-08 05:59:00',NULL,NULL,NULL,'2026-05-05 13:45:42','2026-05-08 05:59:00',351),(638,NULL,21,NULL,1,'A07 64GB','351416736295398',430,'2026-05-16 13:46:32',NULL,NULL,NULL,'2026-05-05 13:45:42','2026-05-16 13:46:32',807),(639,NULL,21,NULL,1,'A07 64GB','351416736295422',430,'2026-05-28 16:15:48',NULL,NULL,NULL,'2026-05-05 13:45:42','2026-05-28 16:15:48',1252),(640,NULL,21,NULL,1,'A07 64GB','351416736295547',430,'2026-05-07 11:53:03',NULL,NULL,NULL,'2026-05-05 13:45:42','2026-05-07 11:53:03',304),(641,NULL,21,NULL,1,'A07 64GB','351416736295802',430,'2026-05-07 08:32:31',NULL,NULL,NULL,'2026-05-05 13:45:42','2026-05-07 08:32:31',280),(642,NULL,21,NULL,1,'A07 64GB','351416736321053',430,'2026-05-08 10:04:20',NULL,NULL,NULL,'2026-05-05 13:45:42','2026-05-08 10:04:20',369),(643,NULL,21,NULL,1,'A07 64GB','351416736340061',430,'2026-05-06 11:58:37',NULL,NULL,NULL,'2026-05-05 13:45:42','2026-05-06 11:58:37',221),(644,NULL,21,NULL,1,'A07 64GB','351416736340673',430,'2026-05-06 12:23:18',NULL,NULL,NULL,'2026-05-05 13:45:42','2026-05-06 12:23:18',223),(645,NULL,21,NULL,1,'A07 64GB','351416736340707',430,'2026-05-18 06:19:31',NULL,NULL,NULL,'2026-05-05 13:45:42','2026-05-18 06:19:31',864),(646,NULL,21,NULL,1,'A07 64GB','351416736341093',430,'2026-05-07 09:30:47',NULL,NULL,NULL,'2026-05-05 13:45:42','2026-05-07 09:30:47',287),(647,NULL,21,NULL,1,'A07 64GB','350151140255909',430,'2026-05-08 12:26:46',NULL,NULL,NULL,'2026-05-05 13:45:42','2026-05-08 12:26:46',384),(648,NULL,21,5,1,'A07 64GB','350151140262079',430,'2026-05-18 13:30:39',NULL,NULL,NULL,'2026-05-05 13:45:42','2026-05-18 13:30:39',895),(649,NULL,21,NULL,1,'A07 64GB','350151140262343',430,'2026-05-26 07:15:44',NULL,NULL,NULL,'2026-05-05 13:45:42','2026-05-26 07:15:44',1196),(650,NULL,21,NULL,1,'A07 64GB','350151140262400',430,'2026-05-18 18:42:50',NULL,NULL,NULL,'2026-05-05 13:45:42','2026-05-18 18:42:50',931),(651,NULL,21,NULL,1,'A07 64GB','350151140262426',430,'2026-05-16 11:37:56',NULL,NULL,NULL,'2026-05-05 13:45:42','2026-05-16 11:37:56',791),(652,NULL,21,NULL,1,'A07 64GB','350151140262517',430,'2026-05-06 13:04:57',NULL,NULL,NULL,'2026-05-05 13:45:42','2026-05-06 13:04:57',228),(653,NULL,21,NULL,1,'A07 64GB','350151140265585',430,'2026-05-11 13:47:20',NULL,NULL,NULL,'2026-05-05 13:45:42','2026-05-11 13:47:20',523),(654,NULL,21,NULL,1,'A07 64GB','350151140266732',430,'2026-05-19 14:52:47',NULL,NULL,NULL,'2026-05-05 13:45:42','2026-05-19 14:52:47',964),(655,NULL,21,NULL,1,'A07 64GB','350151140267037',430,NULL,NULL,NULL,NULL,'2026-05-05 13:45:42','2026-05-05 13:45:42',NULL),(656,NULL,21,5,1,'A07 64GB','350151140267417',430,'2026-05-16 14:31:05',NULL,NULL,NULL,'2026-05-05 13:45:42','2026-05-16 14:31:05',815),(657,NULL,21,NULL,1,'A07 64GB','350151140268936',430,'2026-05-08 09:55:15',NULL,NULL,NULL,'2026-05-05 13:45:42','2026-05-08 09:55:15',368),(658,NULL,21,NULL,1,'A07 64GB','350151140269652',430,'2026-05-26 10:08:08',NULL,NULL,NULL,'2026-05-05 13:45:42','2026-05-26 10:08:08',1202),(659,NULL,21,5,1,'A07 64GB','350151140269686',430,'2026-05-16 14:42:06',NULL,NULL,NULL,'2026-05-05 13:45:42','2026-05-16 14:42:06',818),(660,NULL,21,NULL,1,'A07 64GB','350151140269728',430,'2026-05-18 10:06:41',NULL,NULL,NULL,'2026-05-05 13:45:42','2026-05-18 10:06:41',874),(661,NULL,21,5,1,'A07 64GB','350151140269744',430,'2026-05-17 07:45:09',NULL,NULL,NULL,'2026-05-05 13:45:42','2026-05-17 07:45:09',847),(662,NULL,21,5,1,'A07 64GB','350151140269777',430,'2026-05-17 07:16:51',NULL,NULL,NULL,'2026-05-05 13:45:42','2026-05-17 07:16:51',846),(663,NULL,21,NULL,1,'A07 64GB','350151140269785',430,NULL,NULL,NULL,NULL,'2026-05-05 13:45:42','2026-05-05 13:45:42',NULL),(664,NULL,21,NULL,1,'A07 64GB','350151140269801',430,'2026-05-28 17:04:09',NULL,NULL,NULL,'2026-05-05 13:45:42','2026-05-28 17:04:09',1255),(665,NULL,21,NULL,1,'A07 64GB','350151140269843',430,'2026-05-07 18:16:07',NULL,NULL,NULL,'2026-05-05 13:45:42','2026-05-07 18:16:07',344),(666,NULL,21,NULL,1,'A07 64GB','350151140269884',430,'2026-05-16 10:18:04',NULL,NULL,NULL,'2026-05-05 13:45:43','2026-05-16 10:18:04',782),(667,NULL,21,NULL,1,'A07 64GB','351416736292171',430,'2026-05-11 18:26:23',NULL,NULL,NULL,'2026-05-05 13:45:43','2026-05-11 18:26:23',547),(668,NULL,21,NULL,1,'A07 64GB','351416736292189',430,'2026-05-08 17:20:47',NULL,NULL,NULL,'2026-05-05 13:45:43','2026-05-08 17:20:47',418),(669,NULL,21,NULL,1,'A07 64GB','351416736292239',430,'2026-05-08 16:04:04',NULL,NULL,NULL,'2026-05-05 13:45:43','2026-05-08 16:04:04',407),(670,NULL,21,NULL,1,'A07 64GB','351416736292593',430,'2026-05-12 07:22:39',NULL,NULL,NULL,'2026-05-05 13:45:43','2026-05-12 07:22:39',550),(671,NULL,21,NULL,1,'A07 64GB','351416736292684',430,'2026-05-08 16:55:07',NULL,NULL,NULL,'2026-05-05 13:45:43','2026-05-08 16:55:07',414),(672,NULL,21,NULL,1,'A07 64GB','351416736292916',430,'2026-05-09 15:09:21',NULL,NULL,NULL,'2026-05-05 13:45:43','2026-05-09 15:09:21',452),(673,NULL,21,NULL,1,'A07 64GB','351416736292981',430,'2026-05-08 16:20:51',NULL,NULL,NULL,'2026-05-05 13:45:43','2026-05-08 16:20:51',410),(674,NULL,21,NULL,1,'A07 64GB','351416736293005',430,'2026-05-07 12:53:43',NULL,NULL,NULL,'2026-05-05 13:45:43','2026-05-07 12:53:43',312),(675,NULL,21,NULL,1,'A07 64GB','351416736293104',430,'2026-05-08 18:25:31',NULL,NULL,NULL,'2026-05-05 13:45:43','2026-05-08 18:25:31',425),(676,NULL,21,NULL,1,'A07 64GB','351416736293112',430,'2026-05-07 12:59:13',NULL,NULL,NULL,'2026-05-05 13:45:43','2026-05-07 12:59:13',314),(677,NULL,21,NULL,1,'A07 64GB','351416736331532',430,'2026-05-07 18:05:33',NULL,NULL,NULL,'2026-05-05 13:45:43','2026-05-07 18:05:33',342),(678,NULL,21,NULL,1,'A07 64GB','351416736331540',430,'2026-05-10 13:43:57',NULL,NULL,NULL,'2026-05-05 13:45:43','2026-05-10 13:43:57',484),(679,NULL,21,NULL,1,'A07 64GB','351416736331573',430,'2026-05-08 16:37:37',NULL,NULL,NULL,'2026-05-05 13:45:43','2026-05-08 16:37:37',412),(680,NULL,21,NULL,1,'A07 64GB','351416736331581',430,'2026-05-11 12:14:01',NULL,NULL,NULL,'2026-05-05 13:45:43','2026-05-11 12:14:01',513),(681,NULL,21,NULL,1,'A07 64GB','351416736331607',430,'2026-05-07 16:49:35',NULL,NULL,NULL,'2026-05-05 13:45:43','2026-05-07 16:49:35',336),(682,NULL,21,NULL,1,'A07 64GB','351416736331656',430,'2026-05-08 10:29:30',NULL,NULL,NULL,'2026-05-05 13:45:43','2026-05-08 10:29:30',374),(683,NULL,21,NULL,1,'A07 64GB','351416736331987',430,'2026-05-11 17:29:33',NULL,NULL,NULL,'2026-05-05 13:45:43','2026-05-11 17:29:33',544),(684,NULL,21,NULL,1,'A07 64GB','351416736331995',430,'2026-05-09 15:55:57',NULL,NULL,NULL,'2026-05-05 13:45:43','2026-05-09 15:55:57',455),(685,NULL,21,NULL,1,'A07 64GB','351416736332019',430,'2026-05-07 18:07:29',NULL,NULL,NULL,'2026-05-05 13:45:43','2026-05-07 18:07:29',343),(686,NULL,21,NULL,1,'A07 64GB','351416736332027',430,'2026-05-07 10:16:04',NULL,NULL,NULL,'2026-05-05 13:45:43','2026-05-07 10:16:04',293),(687,NULL,21,NULL,1,'A07 64GB','351416736330575',430,'2026-05-10 14:08:39',NULL,NULL,NULL,'2026-05-05 13:45:43','2026-05-10 14:08:39',486),(688,NULL,21,NULL,1,'A07 64GB','351416736336085',430,'2026-05-08 12:05:15',NULL,NULL,NULL,'2026-05-05 13:45:43','2026-05-08 12:05:15',380),(689,NULL,21,NULL,1,'A07 64GB','351416736337570',430,'2026-05-13 14:30:27',NULL,NULL,NULL,'2026-05-05 13:45:43','2026-05-13 14:30:27',639),(690,NULL,21,NULL,1,'A07 64GB','351416736337836',430,'2026-05-14 12:57:33',NULL,NULL,NULL,'2026-05-05 13:45:43','2026-05-14 12:57:33',695),(691,NULL,21,NULL,1,'A07 64GB','351416736338487',430,'2026-05-08 05:20:52',NULL,NULL,NULL,'2026-05-05 13:45:43','2026-05-08 05:20:52',350),(692,NULL,21,NULL,1,'A07 64GB','351416736338529',430,'2026-05-13 11:16:27',NULL,NULL,NULL,'2026-05-05 13:45:43','2026-05-13 11:16:27',615),(693,NULL,21,NULL,1,'A07 64GB','351416736338628',430,'2026-05-15 10:42:29',NULL,NULL,NULL,'2026-05-05 13:45:43','2026-05-15 10:42:29',733),(694,NULL,21,NULL,1,'A07 64GB','351416736338792',430,'2026-05-08 14:19:25',NULL,NULL,NULL,'2026-05-05 13:45:43','2026-05-08 14:19:25',396),(695,NULL,21,NULL,1,'A07 64GB','351416736338818',430,'2026-05-07 18:34:42',NULL,NULL,NULL,'2026-05-05 13:45:43','2026-05-07 18:34:42',346),(696,NULL,21,NULL,1,'A07 64GB','351416736338958',430,'2026-05-13 14:24:38',NULL,NULL,NULL,'2026-05-05 13:45:43','2026-05-13 14:24:38',637),(697,NULL,21,NULL,1,'A07 64GB','351416736338982',430,'2026-05-17 11:27:45',NULL,NULL,NULL,'2026-05-05 13:45:43','2026-05-17 11:27:45',855),(698,NULL,21,NULL,1,'A07 64GB','351416736339022',430,'2026-05-09 16:22:59',NULL,NULL,NULL,'2026-05-05 13:45:43','2026-05-09 16:22:59',458),(699,NULL,21,NULL,1,'A07 64GB','351416736339030',430,'2026-05-07 14:24:13',NULL,NULL,NULL,'2026-05-05 13:45:43','2026-05-07 14:24:13',322),(700,NULL,21,NULL,1,'A07 64GB','351416736339048',430,'2026-05-15 14:27:58',NULL,NULL,NULL,'2026-05-05 13:45:43','2026-05-15 14:27:58',754),(701,NULL,21,NULL,1,'A07 64GB','351416736339063',430,'2026-05-07 12:12:19',NULL,NULL,NULL,'2026-05-05 13:45:43','2026-05-07 12:12:19',306),(702,NULL,21,NULL,1,'A07 64GB','351416736339071',430,'2026-05-10 13:05:09',NULL,NULL,NULL,'2026-05-05 13:45:43','2026-05-10 13:05:09',483),(703,NULL,21,NULL,1,'A07 64GB','351416736339097',430,'2026-05-11 13:58:49',NULL,NULL,NULL,'2026-05-05 13:45:43','2026-05-11 13:58:49',525),(704,NULL,21,NULL,1,'A07 64GB','351416736339105',430,'2026-05-11 13:14:20',NULL,NULL,NULL,'2026-05-05 13:45:43','2026-05-11 13:14:20',518),(705,NULL,21,NULL,1,'A07 64GB','351416736339113',430,'2026-05-08 14:58:30',NULL,NULL,NULL,'2026-05-05 13:45:43','2026-05-08 14:58:30',398),(706,NULL,21,NULL,1,'A07 64GB','351416736339139',430,'2026-05-08 08:49:21',NULL,NULL,NULL,'2026-05-05 13:45:43','2026-05-08 08:49:21',363),(707,NULL,21,NULL,1,'A07 64GB','351416736296255',430,'2026-05-10 09:14:29',NULL,NULL,NULL,'2026-05-05 13:45:43','2026-05-10 09:14:29',471),(708,NULL,21,NULL,1,'A07 64GB','351416736298756',430,'2026-05-11 14:17:06',NULL,NULL,NULL,'2026-05-05 13:45:43','2026-05-11 14:17:06',526),(709,NULL,21,NULL,1,'A07 64GB','351416736299267',430,'2026-05-08 13:02:20',NULL,NULL,NULL,'2026-05-05 13:45:43','2026-05-08 13:02:20',390),(710,NULL,21,NULL,1,'A07 64GB','351416736299390',430,'2026-05-12 11:13:16',NULL,NULL,NULL,'2026-05-05 13:45:43','2026-05-12 11:13:16',561),(711,NULL,21,NULL,1,'A07 64GB','351416736301139',430,'2026-05-10 09:18:40',NULL,NULL,NULL,'2026-05-05 13:45:43','2026-05-10 09:18:40',472),(712,NULL,21,NULL,1,'A07 64GB','351416736301279',430,'2026-05-12 12:50:00',NULL,NULL,NULL,'2026-05-05 13:45:43','2026-05-12 12:50:00',568),(713,NULL,21,NULL,1,'A07 64GB','351416736302129',430,'2026-05-10 12:12:40',NULL,NULL,NULL,'2026-05-05 13:45:43','2026-05-10 12:12:40',478),(714,NULL,21,NULL,1,'A07 64GB','351416736302269',430,'2026-05-13 17:19:20',NULL,NULL,NULL,'2026-05-05 13:45:43','2026-05-13 17:19:20',656),(715,NULL,21,NULL,1,'A07 64GB','351416736302418',430,'2026-05-11 09:51:05',NULL,NULL,NULL,'2026-05-05 13:45:43','2026-05-11 09:51:05',498),(716,NULL,21,NULL,1,'A07 64GB','351416736303747',430,'2026-05-08 14:15:27',NULL,NULL,NULL,'2026-05-05 13:45:43','2026-05-08 14:15:27',395),(717,NULL,21,NULL,1,'A07 64GB','351416736303812',430,'2026-05-08 12:57:53',NULL,NULL,NULL,'2026-05-05 13:45:43','2026-05-08 12:57:53',388),(718,NULL,21,NULL,1,'A07 64GB','351416736303846',430,'2026-05-08 15:25:34',NULL,NULL,NULL,'2026-05-05 13:45:43','2026-05-08 15:25:34',403),(719,NULL,21,NULL,1,'A07 64GB','351416736304059',430,'2026-05-12 10:45:08',NULL,NULL,NULL,'2026-05-05 13:45:43','2026-05-12 10:45:08',559),(720,NULL,21,NULL,1,'A07 64GB','351416736304091',430,'2026-05-13 17:01:11',NULL,NULL,NULL,'2026-05-05 13:45:43','2026-05-13 17:01:11',655),(721,NULL,21,NULL,1,'A07 64GB','351416736304216',430,'2026-05-08 12:10:24',NULL,NULL,NULL,'2026-05-05 13:45:43','2026-05-08 12:10:24',381),(722,NULL,21,NULL,1,'A07 64GB','351416736304901',430,'2026-05-08 16:55:30',NULL,NULL,NULL,'2026-05-05 13:45:43','2026-05-08 16:55:30',415),(723,NULL,21,NULL,1,'A07 64GB','351416736305924',430,'2026-05-13 09:49:32',NULL,NULL,NULL,'2026-05-05 13:45:43','2026-05-13 09:49:32',607),(724,NULL,21,NULL,1,'A07 64GB','351416736306047',430,'2026-05-13 09:48:34',NULL,NULL,NULL,'2026-05-05 13:45:43','2026-05-13 09:48:34',606),(725,NULL,21,NULL,1,'A07 64GB','351416736306146',430,'2026-05-16 18:13:38',NULL,NULL,NULL,'2026-05-05 13:45:43','2026-05-16 18:13:38',840),(726,NULL,21,NULL,1,'A07 64GB','351416736306179',430,'2026-05-13 12:38:47',NULL,NULL,NULL,'2026-05-05 13:45:43','2026-05-13 12:38:47',624),(727,NULL,21,NULL,1,'A07 64GB','351416733199973',430,NULL,NULL,NULL,NULL,'2026-05-05 14:35:47','2026-05-05 14:35:47',NULL),(728,NULL,21,NULL,1,'A07 64GB','351416733215647',430,NULL,NULL,NULL,NULL,'2026-05-05 14:35:47','2026-05-05 14:35:47',NULL),(729,NULL,21,NULL,1,'A07 64GB','351416733217841',430,NULL,NULL,NULL,NULL,'2026-05-05 14:35:47','2026-05-05 14:35:47',NULL),(730,NULL,21,NULL,1,'A07 64GB','351416733218104',430,NULL,NULL,NULL,NULL,'2026-05-05 14:35:47','2026-05-05 14:35:47',NULL),(731,NULL,21,NULL,1,'A07 64GB','351416733219300',430,NULL,NULL,NULL,NULL,'2026-05-05 14:35:47','2026-05-05 14:35:47',NULL),(732,NULL,21,NULL,1,'A07 64GB','351416733219367',430,NULL,NULL,NULL,NULL,'2026-05-05 14:35:47','2026-05-05 14:35:47',NULL),(733,NULL,21,NULL,1,'A07 64GB','351416733219383',430,NULL,NULL,NULL,NULL,'2026-05-05 14:35:47','2026-05-05 14:35:47',NULL),(734,NULL,21,NULL,1,'A07 64GB','351416733219425',430,NULL,NULL,NULL,NULL,'2026-05-05 14:35:47','2026-05-05 14:35:47',NULL),(735,NULL,21,NULL,1,'A07 64GB','351416733219466',430,NULL,NULL,NULL,NULL,'2026-05-05 14:35:47','2026-05-05 14:35:47',NULL),(736,NULL,21,NULL,1,'A07 64GB','351416733219490',430,NULL,NULL,NULL,NULL,'2026-05-05 14:35:47','2026-05-05 14:35:47',NULL),(737,NULL,21,NULL,1,'A07 64GB','351416733214640',430,NULL,NULL,NULL,NULL,'2026-05-05 14:35:47','2026-05-05 14:35:47',NULL),(738,NULL,21,NULL,1,'A07 64GB','351416733217098',430,NULL,NULL,NULL,NULL,'2026-05-05 14:35:47','2026-05-05 14:35:47',NULL),(739,NULL,21,NULL,1,'A07 64GB','351416733218054',430,NULL,NULL,NULL,NULL,'2026-05-05 14:35:47','2026-05-05 14:35:47',NULL),(740,NULL,21,NULL,1,'A07 64GB','351416733218922',430,NULL,NULL,NULL,NULL,'2026-05-05 14:35:47','2026-05-05 14:35:47',NULL),(741,NULL,21,NULL,1,'A07 64GB','351416733219326',430,NULL,NULL,NULL,NULL,'2026-05-05 14:35:47','2026-05-05 14:35:47',NULL),(742,NULL,21,NULL,1,'A07 64GB','351416733219375',430,NULL,NULL,NULL,NULL,'2026-05-05 14:35:47','2026-05-05 14:35:47',NULL),(743,NULL,21,NULL,1,'A07 64GB','351416733219409',430,NULL,NULL,NULL,NULL,'2026-05-05 14:35:47','2026-05-05 14:35:47',NULL),(744,NULL,21,NULL,1,'A07 64GB','351416733219441',430,NULL,NULL,NULL,NULL,'2026-05-05 14:35:47','2026-05-05 14:35:47',NULL),(745,NULL,21,NULL,1,'A07 64GB','351416733219482',430,'2026-05-17 09:18:52',NULL,NULL,NULL,'2026-05-05 14:35:47','2026-05-17 09:18:52',851),(746,NULL,21,NULL,1,'A07 64GB','351416733219581',430,NULL,NULL,NULL,NULL,'2026-05-05 14:35:47','2026-05-05 14:35:47',NULL),(747,NULL,21,NULL,1,'A07 64GB','351416733201860',430,NULL,NULL,NULL,NULL,'2026-05-05 14:35:47','2026-05-05 14:35:47',NULL),(748,NULL,21,NULL,1,'A07 64GB','351416733209145',430,NULL,NULL,NULL,NULL,'2026-05-05 14:35:47','2026-05-05 14:35:47',NULL),(749,NULL,21,NULL,1,'A07 64GB','351416733212875',430,NULL,NULL,NULL,NULL,'2026-05-05 14:35:47','2026-05-05 14:35:47',NULL),(750,NULL,21,NULL,1,'A07 64GB','351416733214806',430,NULL,NULL,NULL,NULL,'2026-05-05 14:35:47','2026-05-05 14:35:47',NULL),(751,NULL,21,NULL,1,'A07 64GB','351416733214988',430,NULL,NULL,NULL,NULL,'2026-05-05 14:35:47','2026-05-05 14:35:47',NULL),(752,NULL,21,NULL,1,'A07 64GB','351416733215654',430,NULL,NULL,NULL,NULL,'2026-05-05 14:35:47','2026-05-05 14:35:47',NULL),(753,NULL,21,NULL,1,'A07 64GB','351416733215688',430,NULL,NULL,NULL,NULL,'2026-05-05 14:35:47','2026-05-05 14:35:47',NULL),(754,NULL,21,NULL,1,'A07 64GB','351416733215704',430,NULL,NULL,NULL,NULL,'2026-05-05 14:35:47','2026-05-05 14:35:47',NULL),(755,NULL,21,NULL,1,'A07 64GB','351416733215738',430,NULL,NULL,NULL,NULL,'2026-05-05 14:35:47','2026-05-05 14:35:47',NULL),(756,NULL,21,NULL,1,'A07 64GB','351416733215761',430,NULL,NULL,NULL,NULL,'2026-05-05 14:35:47','2026-05-05 14:35:47',NULL),(757,NULL,21,NULL,1,'A07 64GB','351416733201951',430,NULL,NULL,NULL,NULL,'2026-05-05 14:35:47','2026-05-05 14:35:47',NULL),(758,NULL,21,NULL,1,'A07 64GB','351416733210085',430,NULL,NULL,NULL,NULL,'2026-05-05 14:35:47','2026-05-05 14:35:47',NULL),(759,NULL,21,NULL,1,'A07 64GB','351416733214095',430,NULL,NULL,NULL,NULL,'2026-05-05 14:35:47','2026-05-05 14:35:47',NULL),(760,NULL,21,NULL,1,'A07 64GB','351416733214962',430,NULL,NULL,NULL,NULL,'2026-05-05 14:35:47','2026-05-05 14:35:47',NULL),(761,NULL,21,NULL,1,'A07 64GB','351416733215423',430,NULL,NULL,NULL,NULL,'2026-05-05 14:35:47','2026-05-05 14:35:47',NULL),(762,NULL,21,NULL,1,'A07 64GB','351416733215662',430,NULL,NULL,NULL,NULL,'2026-05-05 14:35:47','2026-05-05 14:35:47',NULL),(763,NULL,21,NULL,1,'A07 64GB','351416733215696',430,'2026-05-22 15:56:15',NULL,NULL,NULL,'2026-05-05 14:35:47','2026-05-22 15:56:15',1097),(764,NULL,21,NULL,1,'A07 64GB','351416733215712',430,NULL,NULL,NULL,NULL,'2026-05-05 14:35:47','2026-05-05 14:35:47',NULL),(765,NULL,21,NULL,1,'A07 64GB','351416733215746',430,NULL,NULL,NULL,NULL,'2026-05-05 14:35:47','2026-05-05 14:35:47',NULL),(766,NULL,21,NULL,1,'A07 64GB','351416733215779',430,NULL,NULL,NULL,NULL,'2026-05-05 14:35:47','2026-05-05 14:35:47',NULL),(767,NULL,21,NULL,1,'A07 64GB','351416733200607',430,'2026-05-18 17:51:18',NULL,NULL,NULL,'2026-05-05 14:35:47','2026-05-18 17:51:18',928),(768,NULL,21,NULL,1,'A07 64GB','351416733200656',430,'2026-05-15 09:18:10',NULL,NULL,NULL,'2026-05-05 14:35:47','2026-05-15 09:18:10',727),(769,NULL,21,NULL,1,'A07 64GB','351416733217106',430,'2026-05-22 15:33:58',NULL,NULL,NULL,'2026-05-05 14:35:47','2026-05-22 15:33:58',1095),(770,NULL,21,NULL,1,'A07 64GB','351416733222338',430,NULL,NULL,NULL,NULL,'2026-05-05 14:35:47','2026-05-05 14:35:47',NULL),(771,NULL,21,NULL,1,'A07 64GB','351416733223773',430,'2026-05-23 13:21:45',NULL,NULL,NULL,'2026-05-05 14:35:47','2026-05-23 13:21:45',1118),(772,NULL,21,NULL,1,'A07 64GB','351416733223914',430,'2026-05-12 10:40:08',NULL,NULL,NULL,'2026-05-05 14:35:47','2026-05-12 10:40:08',558),(773,NULL,21,NULL,1,'A07 64GB','351416733223930',430,'2026-05-11 16:38:38',NULL,NULL,NULL,'2026-05-05 14:35:47','2026-05-11 16:38:38',541),(774,NULL,21,NULL,1,'A07 64GB','351416733224037',430,'2026-05-18 12:58:43',NULL,NULL,NULL,'2026-05-05 14:35:47','2026-05-18 12:58:43',893),(775,NULL,21,NULL,1,'A07 64GB','351416733224060',430,'2026-05-18 08:16:55',NULL,NULL,NULL,'2026-05-05 14:35:47','2026-05-18 08:16:55',866),(776,NULL,21,NULL,1,'A07 64GB','351416733224094',430,'2026-05-12 11:48:19',NULL,NULL,NULL,'2026-05-05 14:35:47','2026-05-12 11:48:19',565),(777,NULL,21,NULL,1,'A07 64GB','351416733200615',430,'2026-05-22 18:42:26',NULL,NULL,NULL,'2026-05-05 14:35:47','2026-05-22 18:42:26',1104),(778,NULL,21,NULL,1,'A07 64GB','351416733213725',430,'2026-05-11 13:56:50',NULL,NULL,NULL,'2026-05-05 14:35:47','2026-05-11 13:56:50',524),(779,NULL,21,NULL,1,'A07 64GB','351416733219722',430,'2026-05-16 10:55:52',NULL,NULL,NULL,'2026-05-05 14:35:47','2026-05-16 10:55:52',787),(780,NULL,21,NULL,1,'A07 64GB','351416733223633',430,'2026-05-11 13:27:32',NULL,NULL,NULL,'2026-05-05 14:35:47','2026-05-11 13:27:32',520),(781,NULL,21,NULL,1,'A07 64GB','351416733223906',430,NULL,NULL,NULL,NULL,'2026-05-05 14:35:47','2026-05-05 14:35:47',NULL),(782,NULL,21,NULL,1,'A07 64GB','351416733223922',430,'2026-05-11 13:15:46',NULL,NULL,NULL,'2026-05-05 14:35:47','2026-05-11 13:15:46',519),(783,NULL,21,NULL,1,'A07 64GB','351416733224011',430,'2026-05-11 16:18:46',NULL,NULL,NULL,'2026-05-05 14:35:47','2026-05-11 16:18:46',538),(784,NULL,21,NULL,1,'A07 64GB','351416733224045',430,'2026-05-18 11:07:44',NULL,NULL,NULL,'2026-05-05 14:35:47','2026-05-18 11:07:44',881),(785,NULL,21,NULL,1,'A07 64GB','351416733224078',430,'2026-05-23 11:40:08',NULL,NULL,NULL,'2026-05-05 14:35:47','2026-05-23 11:40:08',1112),(786,NULL,21,NULL,1,'A07 64GB','351416733224110',430,'2026-05-15 05:31:58',NULL,NULL,NULL,'2026-05-05 14:35:47','2026-05-15 05:31:58',717),(787,NULL,21,NULL,1,'A07 64GB','351416733200524',430,'2026-05-14 09:49:50',NULL,NULL,NULL,'2026-05-05 14:35:47','2026-05-14 09:49:50',680),(788,NULL,21,NULL,1,'A07 64GB','351416733216603',430,'2026-05-12 15:03:10',NULL,NULL,NULL,'2026-05-05 14:35:47','2026-05-12 15:03:10',584),(789,NULL,21,NULL,1,'A07 64GB','351416733217726',430,'2026-05-13 17:21:31',NULL,NULL,NULL,'2026-05-05 14:35:47','2026-05-13 17:21:31',657),(790,NULL,21,NULL,1,'A07 64GB','351416733217858',430,'2026-05-12 14:52:39',NULL,NULL,NULL,'2026-05-05 14:35:47','2026-05-12 14:52:39',582),(791,NULL,21,NULL,1,'A07 64GB','351416733217882',430,'2026-05-13 16:56:28',NULL,NULL,NULL,'2026-05-05 14:35:47','2026-05-13 16:56:28',652),(792,NULL,21,NULL,1,'A07 64GB','351416733217924',430,'2026-05-15 11:59:00',NULL,NULL,NULL,'2026-05-05 14:35:47','2026-05-15 11:59:00',742),(793,NULL,21,NULL,1,'A07 64GB','351416733217973',430,'2026-05-17 08:45:09',NULL,NULL,NULL,'2026-05-05 14:35:47','2026-05-17 08:45:09',849),(794,NULL,21,NULL,1,'A07 64GB','351416733218062',430,'2026-05-13 09:43:58',NULL,NULL,NULL,'2026-05-05 14:35:47','2026-05-13 09:43:58',605),(795,NULL,21,NULL,1,'A07 64GB','351416733218120',430,'2026-05-12 16:50:05',NULL,NULL,NULL,'2026-05-05 14:35:47','2026-05-12 16:50:05',596),(796,NULL,21,NULL,1,'A07 64GB','351416733218187',430,'2026-05-12 16:48:50',NULL,NULL,NULL,'2026-05-05 14:35:47','2026-05-12 16:48:50',595),(797,NULL,21,NULL,1,'A07 64GB','351416733201795',430,'2026-05-12 13:33:52',NULL,NULL,NULL,'2026-05-05 14:35:47','2026-05-12 13:33:52',574),(798,NULL,21,NULL,1,'A07 64GB','351416733217676',430,'2026-05-15 13:34:17',NULL,NULL,NULL,'2026-05-05 14:35:47','2026-05-15 13:34:17',752),(799,NULL,21,NULL,1,'A07 64GB','351416733217791',430,'2026-05-13 16:24:17',NULL,NULL,NULL,'2026-05-05 14:35:47','2026-05-13 16:24:17',648),(800,NULL,21,NULL,1,'A07 64GB','351416733217874',430,'2026-05-12 13:28:58',NULL,NULL,NULL,'2026-05-05 14:35:47','2026-05-12 13:28:58',573),(801,NULL,21,NULL,1,'A07 64GB','351416733217890',430,'2026-05-15 15:55:11',NULL,NULL,NULL,'2026-05-05 14:35:47','2026-05-15 15:55:11',762),(802,NULL,21,NULL,1,'A07 64GB','351416733217965',430,'2026-05-15 12:04:55',NULL,NULL,NULL,'2026-05-05 14:35:47','2026-05-15 12:04:55',744),(803,NULL,21,NULL,1,'A07 64GB','351416733218013',430,'2026-05-13 13:50:24',NULL,NULL,NULL,'2026-05-05 14:35:47','2026-05-13 13:50:24',630),(804,NULL,21,NULL,1,'A07 64GB','351416733218112',430,'2026-05-13 18:26:37',NULL,NULL,NULL,'2026-05-05 14:35:47','2026-05-13 18:26:37',660),(805,NULL,21,NULL,1,'A07 64GB','351416733218153',430,'2026-05-13 14:55:47',NULL,NULL,NULL,'2026-05-05 14:35:47','2026-05-13 14:55:47',640),(806,NULL,21,NULL,1,'A07 64GB','351416733218195',430,'2026-05-13 07:17:07',NULL,NULL,NULL,'2026-05-05 14:35:47','2026-05-13 07:17:07',601),(807,NULL,21,5,1,'A07 64GB','351929930010975',430,'2026-05-13 12:04:56',NULL,NULL,NULL,'2026-05-05 14:35:47','2026-05-13 12:04:56',621),(808,NULL,21,5,1,'A07 64GB','351929930031187',430,'2026-05-13 14:10:37',NULL,NULL,NULL,'2026-05-05 14:35:47','2026-05-13 14:10:37',632),(809,NULL,21,5,1,'A07 64GB','351929930032201',430,'2026-05-14 06:44:05',NULL,NULL,NULL,'2026-05-05 14:35:47','2026-05-14 06:44:05',662),(810,NULL,21,5,1,'A07 64GB','351929930034447',430,'2026-05-13 16:21:28',NULL,NULL,NULL,'2026-05-05 14:35:47','2026-05-13 16:21:28',645),(811,NULL,21,5,1,'A07 64GB','351929930035154',430,'2026-05-12 17:14:01',NULL,NULL,NULL,'2026-05-05 14:35:47','2026-05-12 17:14:01',597),(812,NULL,21,5,1,'A07 64GB','354201389975166',430,'2026-05-14 07:56:29',NULL,NULL,NULL,'2026-05-05 14:35:47','2026-05-14 07:56:29',668),(813,NULL,21,5,1,'A07 64GB','354201389975216',430,NULL,NULL,NULL,NULL,'2026-05-05 14:35:47','2026-05-11 10:22:17',NULL),(814,NULL,21,5,1,'A07 64GB','354201389975265',430,'2026-05-14 08:51:42',NULL,NULL,NULL,'2026-05-05 14:35:47','2026-05-14 08:51:42',671),(815,NULL,21,5,1,'A07 64GB','354201389975430',430,'2026-05-14 07:23:56',NULL,NULL,NULL,'2026-05-05 14:35:47','2026-05-14 07:23:56',665),(816,NULL,21,5,1,'A07 64GB','354201389975554',430,'2026-05-14 14:13:14',NULL,NULL,NULL,'2026-05-05 14:35:47','2026-05-14 14:13:14',703),(817,NULL,21,5,1,'A07 64GB','351929930031013',430,'2026-05-14 12:31:40',NULL,NULL,NULL,'2026-05-05 14:35:47','2026-05-14 12:31:40',693),(818,NULL,21,5,1,'A07 64GB','351929930032128',430,'2026-05-11 15:41:40',NULL,NULL,NULL,'2026-05-05 14:35:47','2026-05-11 15:41:40',536),(819,NULL,21,5,1,'A07 64GB','351929930033373',430,'2026-05-12 15:56:00',NULL,NULL,NULL,'2026-05-05 14:35:47','2026-05-12 15:56:00',589),(820,NULL,21,5,1,'A07 64GB','351929930034801',430,NULL,NULL,NULL,NULL,'2026-05-05 14:35:47','2026-05-11 10:22:17',NULL),(821,NULL,21,5,1,'A07 64GB','351929930037812',430,'2026-05-14 14:19:17',NULL,NULL,NULL,'2026-05-05 14:35:47','2026-05-14 14:19:17',704),(822,NULL,21,5,1,'A07 64GB','354201389975182',430,'2026-05-11 16:46:40',NULL,NULL,NULL,'2026-05-05 14:35:47','2026-05-11 16:46:40',542),(823,NULL,21,5,1,'A07 64GB','354201389975224',430,'2026-05-14 09:32:03',NULL,NULL,NULL,'2026-05-05 14:35:47','2026-05-14 09:32:03',676),(824,NULL,21,5,1,'A07 64GB','354201389975356',430,NULL,NULL,NULL,NULL,'2026-05-05 14:35:47','2026-05-11 10:22:17',NULL),(825,NULL,21,5,1,'A07 64GB','354201389975448',430,'2026-05-17 09:05:26',NULL,NULL,NULL,'2026-05-05 14:35:47','2026-05-17 09:05:26',850),(826,NULL,21,5,1,'A07 64GB','354201389998572',430,NULL,NULL,NULL,NULL,'2026-05-05 14:35:47','2026-05-11 10:22:17',NULL),(827,NULL,21,NULL,1,'A07 64GB','351416733184215',430,'2026-05-17 14:16:03',NULL,NULL,NULL,'2026-05-05 14:35:47','2026-05-17 14:16:03',862),(828,NULL,21,NULL,1,'A07 64GB','351416733201936',430,'2026-05-18 11:08:26',NULL,NULL,NULL,'2026-05-05 14:35:47','2026-05-18 11:08:26',882),(829,NULL,21,NULL,1,'A07 64GB','351416733209624',430,'2026-05-19 15:48:06',NULL,NULL,NULL,'2026-05-05 14:35:47','2026-05-19 15:48:06',969),(830,NULL,21,NULL,1,'A07 64GB','351416733215571',430,NULL,NULL,NULL,NULL,'2026-05-05 14:35:47','2026-05-05 14:35:47',NULL),(831,NULL,21,NULL,1,'A07 64GB','351416733215795',430,'2026-05-20 13:49:31',NULL,NULL,NULL,'2026-05-05 14:35:47','2026-05-20 13:49:31',1008),(832,NULL,21,NULL,1,'A07 64GB','351416733215811',430,'2026-05-19 10:42:20',NULL,NULL,NULL,'2026-05-05 14:35:47','2026-05-19 10:42:20',941),(833,NULL,21,NULL,1,'A07 64GB','351416733215910',430,'2026-05-23 13:10:28',NULL,NULL,NULL,'2026-05-05 14:35:47','2026-05-23 13:10:28',1116),(834,NULL,21,NULL,1,'A07 64GB','351416733215944',430,'2026-05-28 10:02:32',NULL,NULL,NULL,'2026-05-05 14:35:47','2026-05-28 10:02:32',1243),(835,NULL,21,NULL,1,'A07 64GB','351416733215993',430,'2026-05-16 16:19:15',NULL,NULL,NULL,'2026-05-05 14:35:47','2026-05-16 16:19:15',828),(836,NULL,21,NULL,1,'A07 64GB','351416733216017',430,'2026-05-18 11:50:03',NULL,NULL,NULL,'2026-05-05 14:35:47','2026-05-18 11:50:03',886),(837,NULL,21,NULL,1,'A07 64GB','351416733201720',430,'2026-05-21 12:46:03',NULL,NULL,NULL,'2026-05-05 14:35:47','2026-05-21 12:46:03',1053),(838,NULL,21,NULL,1,'A07 64GB','351416733201993',430,'2026-05-22 11:35:18',NULL,NULL,NULL,'2026-05-05 14:35:47','2026-05-22 11:35:18',1085),(839,NULL,21,NULL,1,'A07 64GB','351416733212073',430,'2026-05-18 11:56:17',NULL,NULL,NULL,'2026-05-05 14:35:47','2026-05-18 11:56:17',887),(840,NULL,21,NULL,1,'A07 64GB','351416733215720',430,'2026-05-26 10:07:55',NULL,NULL,NULL,'2026-05-05 14:35:47','2026-05-26 10:07:55',1201),(841,NULL,21,NULL,1,'A07 64GB','351416733215803',430,'2026-05-18 13:30:56',NULL,NULL,NULL,'2026-05-05 14:35:47','2026-05-18 13:30:56',896),(842,NULL,21,NULL,1,'A07 64GB','351416733215860',430,'2026-05-18 13:54:06',NULL,NULL,NULL,'2026-05-05 14:35:47','2026-05-18 13:54:06',900),(843,NULL,21,NULL,1,'A07 64GB','351416733215936',430,'2026-05-19 15:30:07',NULL,NULL,NULL,'2026-05-05 14:35:47','2026-05-19 15:30:07',968),(844,NULL,21,NULL,1,'A07 64GB','351416733215985',430,'2026-05-21 09:59:39',NULL,NULL,NULL,'2026-05-05 14:35:47','2026-05-21 09:59:39',1040),(845,NULL,21,NULL,1,'A07 64GB','351416733216009',430,'2026-05-18 12:06:08',NULL,NULL,NULL,'2026-05-05 14:35:47','2026-05-18 12:06:08',890),(846,NULL,21,NULL,1,'A07 64GB','351416733216033',430,'2026-05-21 10:39:06',NULL,NULL,NULL,'2026-05-05 14:35:47','2026-05-21 10:39:06',1043),(847,NULL,21,5,1,'A07 64GB','351416733183001',430,'2026-05-20 09:59:53',NULL,NULL,NULL,'2026-05-05 14:35:47','2026-05-20 09:59:53',993),(848,NULL,21,5,1,'A07 64GB','351416733200565',430,'2026-05-18 10:33:47',NULL,NULL,NULL,'2026-05-05 14:35:47','2026-05-18 10:33:47',876),(849,NULL,21,NULL,1,'A07 64GB','351416733200979',430,'2026-05-20 08:37:15',NULL,NULL,NULL,'2026-05-05 14:35:47','2026-05-20 08:37:15',985),(850,NULL,21,5,1,'A07 64GB','351416733218898',430,'2026-05-17 15:00:21',NULL,NULL,NULL,'2026-05-05 14:35:47','2026-05-17 15:00:21',863),(851,NULL,21,5,1,'A07 64GB','351416733219102',430,'2026-05-20 10:56:25',NULL,NULL,NULL,'2026-05-05 14:35:47','2026-05-20 10:56:25',997),(852,NULL,21,5,1,'A07 64GB','351416733223724',430,'2026-05-17 10:21:40',NULL,NULL,NULL,'2026-05-05 14:35:47','2026-05-17 10:21:40',853),(853,NULL,21,5,1,'A07 64GB','351416733224227',430,'2026-05-16 10:32:08',NULL,NULL,NULL,'2026-05-05 14:35:47','2026-05-16 10:32:08',785),(854,NULL,21,5,1,'A07 64GB','351416733224342',430,'2026-05-19 11:41:15',NULL,NULL,NULL,'2026-05-05 14:35:47','2026-05-19 11:41:15',946),(855,NULL,21,NULL,1,'A07 64GB','351416733224367',430,'2026-05-19 16:43:55',NULL,NULL,NULL,'2026-05-05 14:35:47','2026-05-19 16:43:55',972),(856,NULL,21,5,1,'A07 64GB','351416733224383',430,'2026-05-18 14:13:44',NULL,NULL,NULL,'2026-05-05 14:35:47','2026-05-18 14:13:44',904),(857,NULL,21,NULL,1,'A07 64GB','351416733183043',430,'2026-05-19 15:28:51',NULL,NULL,NULL,'2026-05-05 14:35:47','2026-05-19 15:28:51',967),(858,NULL,21,5,1,'A07 64GB','351416733200888',430,'2026-05-17 13:28:29',NULL,NULL,NULL,'2026-05-05 14:35:47','2026-05-17 13:28:29',860),(859,NULL,21,5,1,'A07 64GB','351416733205044',430,'2026-05-20 08:18:58',NULL,NULL,NULL,'2026-05-05 14:35:47','2026-05-20 08:18:58',984),(860,NULL,21,NULL,1,'A07 64GB','351416733218955',430,'2026-05-19 13:16:00',NULL,NULL,NULL,'2026-05-05 14:35:47','2026-05-19 13:16:00',956),(861,NULL,21,NULL,1,'A07 64GB','351416733222429',430,'2026-05-16 13:17:15',NULL,NULL,NULL,'2026-05-05 14:35:47','2026-05-16 13:17:15',801),(862,NULL,21,5,1,'A07 64GB','351416733223948',430,'2026-05-17 12:26:01',NULL,NULL,NULL,'2026-05-05 14:35:47','2026-05-17 12:26:01',857),(863,NULL,21,5,1,'A07 64GB','351416733224318',430,'2026-05-20 14:27:39',NULL,NULL,NULL,'2026-05-05 14:35:47','2026-05-20 14:27:39',1012),(864,NULL,21,5,1,'A07 64GB','351416733224359',430,'2026-05-19 13:18:04',NULL,NULL,NULL,'2026-05-05 14:35:47','2026-05-19 13:18:04',957),(865,NULL,21,NULL,1,'A07 64GB','351416733224375',430,'2026-05-18 18:05:18',NULL,NULL,NULL,'2026-05-05 14:35:47','2026-05-18 18:05:18',929),(866,NULL,21,5,1,'A07 64GB','351416733224409',430,'2026-05-17 12:23:36',NULL,NULL,NULL,'2026-05-05 14:35:47','2026-05-17 12:23:36',856),(867,NULL,21,NULL,1,'A07 64GB','351416736301311',430,'2026-05-16 14:38:31',NULL,NULL,NULL,'2026-05-05 14:35:47','2026-05-16 14:38:31',816),(868,NULL,21,NULL,1,'A07 64GB','351416736301816',430,'2026-05-20 14:00:07',NULL,NULL,NULL,'2026-05-05 14:35:47','2026-05-20 14:00:07',1009),(869,NULL,21,NULL,1,'A07 64GB','351416736310551',430,'2026-05-19 10:12:43',NULL,NULL,NULL,'2026-05-05 14:35:47','2026-05-20 14:23:47',1011),(870,NULL,21,NULL,1,'A07 64GB','351416736312433',430,'2026-05-24 12:59:56',NULL,NULL,NULL,'2026-05-05 14:35:47','2026-05-24 12:59:56',1140),(871,NULL,21,NULL,1,'A07 64GB','351416736312524',430,'2026-05-16 14:15:30',NULL,NULL,NULL,'2026-05-05 14:35:47','2026-05-16 14:15:30',813),(872,NULL,21,NULL,1,'A07 64GB','351416736312540',430,'2026-05-16 12:33:10',NULL,NULL,NULL,'2026-05-05 14:35:47','2026-05-16 12:33:10',797),(873,NULL,21,NULL,1,'A07 64GB','351416736312565',430,'2026-05-19 12:32:48',NULL,NULL,NULL,'2026-05-05 14:35:47','2026-05-19 12:32:48',951),(874,NULL,21,NULL,1,'A07 64GB','351416736312581',430,'2026-05-19 09:34:22',NULL,NULL,NULL,'2026-05-05 14:35:47','2026-05-19 09:34:22',938),(875,NULL,21,NULL,1,'A07 64GB','351416736312623',430,'2026-05-28 13:01:03',NULL,NULL,NULL,'2026-05-05 14:35:47','2026-05-28 13:01:03',1247),(876,NULL,21,NULL,1,'A07 64GB','351416736312664',430,'2026-05-21 05:32:56',NULL,NULL,NULL,'2026-05-05 14:35:47','2026-05-21 05:32:56',1030),(877,NULL,21,NULL,1,'A07 64GB','351416736301550',430,'2026-05-21 14:32:06',NULL,NULL,NULL,'2026-05-05 14:35:47','2026-05-21 14:32:06',1061),(878,NULL,21,NULL,1,'A07 64GB','351416736301840',430,'2026-05-25 15:16:20',NULL,NULL,NULL,'2026-05-05 14:35:47','2026-05-25 15:16:20',1168),(879,NULL,21,NULL,1,'A07 64GB','351416736312276',430,'2026-05-24 12:27:43',NULL,NULL,NULL,'2026-05-05 14:35:47','2026-05-24 12:27:43',1138),(880,NULL,21,NULL,1,'A07 64GB','351416736312490',430,'2026-05-18 16:21:07',NULL,NULL,NULL,'2026-05-05 14:35:47','2026-05-18 16:21:07',918),(881,NULL,21,NULL,1,'A07 64GB','351416736312532',430,'2026-05-16 12:27:32',NULL,NULL,NULL,'2026-05-05 14:35:47','2026-05-16 12:27:32',795),(882,NULL,21,NULL,1,'A07 64GB','351416736312557',430,'2026-05-18 08:34:49',NULL,NULL,NULL,'2026-05-05 14:35:47','2026-05-18 08:34:49',868),(883,NULL,21,NULL,1,'A07 64GB','351416736312573',430,NULL,NULL,NULL,NULL,'2026-05-05 14:35:47','2026-05-05 14:35:47',NULL),(884,NULL,21,NULL,1,'A07 64GB','351416736312607',430,'2026-05-16 13:27:39',NULL,NULL,NULL,'2026-05-05 14:35:47','2026-05-16 13:27:39',804),(885,NULL,21,NULL,1,'A07 64GB','351416736312649',430,'2026-05-18 16:26:42',NULL,NULL,NULL,'2026-05-05 14:35:47','2026-05-18 16:26:42',919),(886,NULL,21,NULL,1,'A07 64GB','351416736312680',430,'2026-05-18 16:19:18',NULL,NULL,NULL,'2026-05-05 14:35:47','2026-05-18 16:19:18',917),(887,NULL,21,NULL,1,'A07 64GB','351416736300784',430,NULL,NULL,NULL,NULL,'2026-05-05 14:35:47','2026-05-05 14:35:47',NULL),(888,NULL,21,NULL,1,'A07 64GB','351416736307227',430,NULL,NULL,NULL,NULL,'2026-05-05 14:35:47','2026-05-05 14:35:47',NULL),(889,NULL,21,NULL,1,'A07 64GB','351416736310502',430,NULL,NULL,NULL,NULL,'2026-05-05 14:35:47','2026-05-05 14:35:47',NULL),(890,NULL,21,NULL,1,'A07 64GB','351416736310585',430,NULL,NULL,NULL,NULL,'2026-05-05 14:35:47','2026-05-05 14:35:47',NULL),(891,NULL,21,NULL,1,'A07 64GB','351416736310601',430,NULL,NULL,NULL,NULL,'2026-05-05 14:35:47','2026-05-05 14:35:47',NULL),(892,NULL,21,NULL,1,'A07 64GB','351416736310627',430,NULL,NULL,NULL,NULL,'2026-05-05 14:35:47','2026-05-05 14:35:47',NULL),(893,NULL,21,NULL,1,'A07 64GB','351416736310650',430,NULL,NULL,NULL,NULL,'2026-05-05 14:35:47','2026-05-05 14:35:47',NULL),(894,NULL,21,NULL,1,'A07 64GB','351416736310874',430,NULL,NULL,NULL,NULL,'2026-05-05 14:35:47','2026-05-05 14:35:47',NULL),(895,NULL,21,NULL,1,'A07 64GB','351416736310908',430,NULL,NULL,NULL,NULL,'2026-05-05 14:35:47','2026-05-05 14:35:47',NULL),(896,NULL,21,NULL,1,'A07 64GB','351416736310932',430,NULL,NULL,NULL,NULL,'2026-05-05 14:35:47','2026-05-05 14:35:47',NULL),(897,NULL,21,NULL,1,'A07 64GB','351416736300818',430,NULL,NULL,NULL,NULL,'2026-05-05 14:35:47','2026-05-05 14:35:47',NULL),(898,NULL,21,NULL,1,'A07 64GB','351416736307722',430,NULL,NULL,NULL,NULL,'2026-05-05 14:35:47','2026-05-05 14:35:47',NULL),(899,NULL,21,NULL,1,'A07 64GB','351416736310577',430,NULL,NULL,NULL,NULL,'2026-05-05 14:35:47','2026-05-05 14:35:47',NULL),(900,NULL,21,NULL,1,'A07 64GB','351416736310593',430,NULL,NULL,NULL,NULL,'2026-05-05 14:35:47','2026-05-05 14:35:47',NULL),(901,NULL,21,NULL,1,'A07 64GB','351416736310619',430,NULL,NULL,NULL,NULL,'2026-05-05 14:35:47','2026-05-05 14:35:47',NULL),(902,NULL,21,NULL,1,'A07 64GB','351416736310643',430,NULL,NULL,NULL,NULL,'2026-05-05 14:35:47','2026-05-05 14:35:47',NULL),(903,NULL,21,NULL,1,'A07 64GB','351416736310817',430,NULL,NULL,NULL,NULL,'2026-05-05 14:35:47','2026-05-05 14:35:47',NULL),(904,NULL,21,NULL,1,'A07 64GB','351416736310882',430,NULL,NULL,NULL,NULL,'2026-05-05 14:35:47','2026-05-05 14:35:47',NULL),(905,NULL,21,NULL,1,'A07 64GB','351416736310916',430,NULL,NULL,NULL,NULL,'2026-05-05 14:35:47','2026-05-05 14:35:47',NULL),(906,NULL,21,NULL,1,'A07 64GB','351416736311013',430,NULL,NULL,NULL,NULL,'2026-05-05 14:35:47','2026-05-05 14:35:47',NULL),(907,NULL,21,NULL,1,'A07 64GB','351416733185915',430,NULL,NULL,NULL,NULL,'2026-05-05 14:35:47','2026-05-05 14:35:47',NULL),(908,NULL,21,NULL,1,'A07 64GB','351416733202082',430,NULL,NULL,NULL,NULL,'2026-05-05 14:35:47','2026-05-05 14:35:47',NULL),(909,NULL,21,NULL,1,'A07 64GB','351416733212339',430,NULL,NULL,NULL,NULL,'2026-05-05 14:35:47','2026-05-05 14:35:47',NULL),(910,NULL,21,NULL,1,'A07 64GB','351416733216041',430,NULL,NULL,NULL,NULL,'2026-05-05 14:35:47','2026-05-05 14:35:47',NULL),(911,NULL,21,NULL,1,'A07 64GB','351416733216488',430,NULL,NULL,NULL,NULL,'2026-05-05 14:35:47','2026-05-05 14:35:47',NULL),(912,NULL,21,NULL,1,'A07 64GB','351416733216652',430,NULL,NULL,NULL,NULL,'2026-05-05 14:35:47','2026-05-05 14:35:47',NULL),(913,NULL,21,NULL,1,'A07 64GB','351416733216678',430,NULL,NULL,NULL,NULL,'2026-05-05 14:35:47','2026-05-05 14:35:47',NULL),(914,NULL,21,NULL,1,'A07 64GB','351416733216694',430,NULL,NULL,NULL,NULL,'2026-05-05 14:35:47','2026-05-05 14:35:47',NULL),(915,NULL,21,NULL,1,'A07 64GB','35141673321710',430,NULL,NULL,NULL,NULL,'2026-05-05 14:35:47','2026-05-05 14:35:47',NULL),(916,NULL,21,NULL,1,'A07 64GB','351416733216744',430,NULL,NULL,NULL,NULL,'2026-05-05 14:35:47','2026-05-05 14:35:47',NULL),(917,NULL,21,NULL,1,'A07 64GB','351416733201886',430,NULL,NULL,NULL,NULL,'2026-05-05 14:35:47','2026-05-05 14:35:47',NULL),(918,NULL,21,NULL,1,'A07 64GB','351416733210895',430,NULL,NULL,NULL,NULL,'2026-05-05 14:35:47','2026-05-05 14:35:47',NULL),(919,NULL,21,NULL,1,'A07 64GB','351416733215373',430,NULL,NULL,NULL,NULL,'2026-05-05 14:35:47','2026-05-05 14:35:47',NULL),(920,NULL,21,NULL,1,'A07 64GB','351416733216314',430,NULL,NULL,NULL,NULL,'2026-05-05 14:35:47','2026-05-05 14:35:47',NULL),(921,NULL,21,NULL,1,'A07 64GB','351416733216595',430,NULL,NULL,NULL,NULL,'2026-05-05 14:35:47','2026-05-05 14:35:47',NULL),(922,NULL,21,NULL,1,'A07 64GB','351416733216660',430,NULL,NULL,NULL,NULL,'2026-05-05 14:35:47','2026-05-05 14:35:47',NULL),(923,NULL,21,NULL,1,'A07 64GB','351416733216686',430,NULL,NULL,NULL,NULL,'2026-05-05 14:35:47','2026-05-05 14:35:47',NULL),(924,NULL,21,NULL,1,'A07 64GB','35141673321702',430,NULL,NULL,NULL,NULL,'2026-05-05 14:35:47','2026-05-05 14:35:47',NULL),(925,NULL,21,NULL,1,'A07 64GB','351416733216728',430,NULL,NULL,NULL,NULL,'2026-05-05 14:35:47','2026-05-05 14:35:47',NULL),(926,NULL,21,NULL,1,'A07 64GB','351416733216769',430,NULL,NULL,NULL,NULL,'2026-05-05 14:35:47','2026-05-05 14:35:47',NULL),(927,NULL,7,NULL,1,'A07 64GB','351416733215670',430,NULL,NULL,NULL,NULL,'2026-05-05 14:38:01','2026-05-05 14:38:01',NULL),(928,NULL,7,NULL,1,'A07 64GB','351416733182888',430,NULL,NULL,NULL,NULL,'2026-05-05 14:38:01','2026-05-05 14:38:01',NULL),(929,NULL,7,NULL,1,'A07 64GB','351416733183019',430,NULL,NULL,NULL,NULL,'2026-05-05 14:38:01','2026-05-05 14:38:01',NULL),(930,NULL,7,NULL,1,'A07 64GB','351416733182896',430,NULL,NULL,NULL,NULL,'2026-05-05 14:38:01','2026-05-05 14:38:01',NULL),(931,NULL,7,NULL,1,'A07 64GB','351416733182904',430,NULL,NULL,NULL,NULL,'2026-05-05 14:38:01','2026-05-05 14:38:01',NULL),(932,NULL,7,NULL,1,'A07 64GB','351416733183068',430,NULL,NULL,NULL,NULL,'2026-05-05 14:38:01','2026-05-05 14:38:01',NULL),(933,NULL,7,NULL,1,'A07 64GB','351416733182912',430,NULL,NULL,NULL,NULL,'2026-05-05 14:38:01','2026-05-05 14:38:01',NULL),(934,NULL,7,NULL,1,'A07 64GB','351416733183076',430,'2026-05-19 10:43:00',NULL,NULL,NULL,'2026-05-05 14:38:01','2026-05-19 10:43:00',942),(935,NULL,7,NULL,1,'A07 64GB','351416733182920',430,NULL,NULL,NULL,NULL,'2026-05-05 14:38:01','2026-05-05 14:38:01',NULL),(936,NULL,7,NULL,1,'A07 64GB','351416733183092',430,NULL,NULL,NULL,NULL,'2026-05-05 14:38:01','2026-05-05 14:38:01',NULL),(937,NULL,7,NULL,1,'A07 64GB','351416733182938',430,NULL,NULL,NULL,NULL,'2026-05-05 14:38:01','2026-05-05 14:38:01',NULL),(938,NULL,7,NULL,1,'A07 64GB','351416733183100',430,NULL,NULL,NULL,NULL,'2026-05-05 14:38:01','2026-05-05 14:38:01',NULL),(939,NULL,7,NULL,1,'A07 64GB','351416733182953',430,NULL,NULL,NULL,NULL,'2026-05-05 14:38:01','2026-05-05 14:38:01',NULL),(940,NULL,7,NULL,1,'A07 64GB','351416733183118',430,NULL,NULL,NULL,NULL,'2026-05-05 14:38:01','2026-05-05 14:38:01',NULL),(941,NULL,7,NULL,1,'A07 64GB','351416733182961',430,NULL,NULL,NULL,NULL,'2026-05-05 14:38:01','2026-05-05 14:38:01',NULL),(942,NULL,7,NULL,1,'A07 64GB','351416733183126',430,NULL,NULL,NULL,NULL,'2026-05-05 14:38:01','2026-05-05 14:38:01',NULL),(943,NULL,7,NULL,1,'A07 64GB','351416733182995',430,NULL,NULL,NULL,NULL,'2026-05-05 14:38:01','2026-05-05 14:38:01',NULL),(944,NULL,7,NULL,1,'A07 64GB','351416733183134',430,NULL,NULL,NULL,NULL,'2026-05-05 14:38:01','2026-05-05 14:38:01',NULL),(945,NULL,7,NULL,1,'A07 64GB','351416733211513',430,NULL,NULL,NULL,NULL,'2026-05-05 14:38:01','2026-05-05 14:38:01',NULL),(946,NULL,7,NULL,1,'A07 64GB','351416733213196',430,NULL,NULL,NULL,NULL,'2026-05-05 14:38:01','2026-05-05 14:38:01',NULL),(947,NULL,7,NULL,1,'A07 64GB','351416733214152',430,NULL,NULL,NULL,NULL,'2026-05-05 14:38:01','2026-05-05 14:38:01',NULL),(948,NULL,7,NULL,1,'A07 64GB','351416733214582',430,NULL,NULL,NULL,NULL,'2026-05-05 14:38:01','2026-05-05 14:38:01',NULL),(949,NULL,7,NULL,1,'A07 64GB','351416733214954',430,NULL,NULL,NULL,NULL,'2026-05-05 14:38:01','2026-05-05 14:38:01',NULL),(950,NULL,7,NULL,1,'A07 64GB','351416733215092',430,NULL,NULL,NULL,NULL,'2026-05-05 14:38:01','2026-05-05 14:38:01',NULL),(951,NULL,7,NULL,1,'A07 64GB','351416733215167',430,NULL,NULL,NULL,NULL,'2026-05-05 14:38:01','2026-05-05 14:38:01',NULL),(952,NULL,7,NULL,1,'A07 64GB','351416733215209',430,NULL,NULL,NULL,NULL,'2026-05-05 14:38:01','2026-05-05 14:38:01',NULL),(953,NULL,7,NULL,1,'A07 64GB','351416733215381',430,NULL,NULL,NULL,NULL,'2026-05-05 14:38:01','2026-05-05 14:38:01',NULL),(954,NULL,7,NULL,1,'A07 64GB','351416733217042',430,NULL,NULL,NULL,NULL,'2026-05-05 14:38:01','2026-05-05 14:38:01',NULL),(955,NULL,7,NULL,1,'A07 64GB','351416733217684',430,NULL,NULL,NULL,NULL,'2026-05-05 14:38:01','2026-05-05 14:38:01',NULL),(956,NULL,7,NULL,1,'A07 64GB','351416733217075',430,NULL,NULL,NULL,NULL,'2026-05-05 14:38:01','2026-05-05 14:38:01',NULL),(957,NULL,7,NULL,1,'A07 64GB','351416733217700',430,NULL,NULL,NULL,NULL,'2026-05-05 14:38:01','2026-05-05 14:38:01',NULL),(958,NULL,7,NULL,1,'A07 64GB','351416733217109',430,NULL,NULL,NULL,NULL,'2026-05-05 14:38:01','2026-05-05 14:38:01',NULL),(959,NULL,7,NULL,1,'A07 64GB','351416733217216',430,NULL,NULL,NULL,NULL,'2026-05-05 14:38:01','2026-05-05 14:38:01',NULL),(960,NULL,7,NULL,1,'A07 64GB','351416733217742',430,NULL,NULL,NULL,NULL,'2026-05-05 14:38:01','2026-05-05 14:38:01',NULL),(961,NULL,7,NULL,1,'A07 64GB','351416733217257',430,NULL,NULL,NULL,NULL,'2026-05-05 14:38:01','2026-05-05 14:38:01',NULL),(962,NULL,7,NULL,1,'A07 64GB','351416733217767',430,NULL,NULL,NULL,NULL,'2026-05-05 14:38:01','2026-05-05 14:38:01',NULL),(963,NULL,7,NULL,1,'A07 64GB','351416733217315',430,NULL,NULL,NULL,NULL,'2026-05-05 14:38:01','2026-05-05 14:38:01',NULL),(964,NULL,7,NULL,1,'A07 64GB','351416733217331',430,NULL,NULL,NULL,NULL,'2026-05-05 14:38:01','2026-05-05 14:38:01',NULL),(965,NULL,7,NULL,1,'A07 64GB','351416733217825',430,NULL,NULL,NULL,NULL,'2026-05-05 14:38:01','2026-05-05 14:38:01',NULL),(966,NULL,7,NULL,1,'A07 64GB','351416733217502',430,NULL,NULL,NULL,NULL,'2026-05-05 14:38:01','2026-05-05 14:38:01',NULL),(967,NULL,7,NULL,1,'A07 64GB','351416733217528',430,NULL,NULL,NULL,NULL,'2026-05-05 14:38:01','2026-05-05 14:38:01',NULL),(968,NULL,7,NULL,1,'A07 64GB','351416733217668',430,NULL,NULL,NULL,NULL,'2026-05-05 14:38:01','2026-05-05 14:38:01',NULL),(969,NULL,7,NULL,1,'A07 64GB','351416733218179',430,NULL,NULL,NULL,NULL,'2026-05-05 14:38:01','2026-05-05 14:38:01',NULL),(970,NULL,7,NULL,1,'A07 64GB','351416733218203',430,NULL,NULL,NULL,NULL,'2026-05-05 14:38:01','2026-05-05 14:38:01',NULL),(971,NULL,7,NULL,1,'A07 64GB','351416733218088',430,NULL,NULL,NULL,NULL,'2026-05-05 14:38:01','2026-05-05 14:38:01',NULL),(972,NULL,7,NULL,1,'A07 64GB','351416733218211',430,NULL,NULL,NULL,NULL,'2026-05-05 14:38:01','2026-05-05 14:38:01',NULL),(973,NULL,7,NULL,1,'A07 64GB','351416733218096',430,NULL,NULL,NULL,NULL,'2026-05-05 14:38:01','2026-05-05 14:38:01',NULL),(974,NULL,7,NULL,1,'A07 64GB','351416733218229',430,NULL,NULL,NULL,NULL,'2026-05-05 14:38:01','2026-05-05 14:38:01',NULL),(975,NULL,7,NULL,1,'A07 64GB','351416733218930',430,'2026-05-26 15:13:31',NULL,NULL,NULL,'2026-05-05 14:38:01','2026-05-26 15:13:31',1214),(976,NULL,7,NULL,1,'A07 64GB','351416733218963',430,NULL,NULL,NULL,NULL,'2026-05-05 14:38:01','2026-05-05 14:38:01',NULL),(977,NULL,7,NULL,1,'A07 64GB','351416733219011',430,NULL,NULL,NULL,NULL,'2026-05-05 14:38:01','2026-05-05 14:38:01',NULL),(978,NULL,7,NULL,1,'A07 64GB','351416733219029',430,NULL,NULL,NULL,NULL,'2026-05-05 14:38:01','2026-05-05 14:38:01',NULL),(979,NULL,7,NULL,1,'A07 64GB','351416733219060',430,NULL,NULL,NULL,NULL,'2026-05-05 14:38:01','2026-05-05 14:38:01',NULL),(980,NULL,7,NULL,1,'A07 64GB','351416733223849',430,NULL,NULL,NULL,NULL,'2026-05-05 14:38:01','2026-05-05 14:38:01',NULL),(981,NULL,7,NULL,1,'A07 64GB','351416733224219',430,NULL,NULL,NULL,NULL,'2026-05-05 14:38:01','2026-05-05 14:38:01',NULL),(982,NULL,7,NULL,1,'A07 64GB','351416733223989',430,NULL,NULL,NULL,NULL,'2026-05-05 14:38:01','2026-05-05 14:38:01',NULL),(983,NULL,7,NULL,1,'A07 64GB','351416733224250',430,NULL,NULL,NULL,NULL,'2026-05-05 14:38:01','2026-05-05 14:38:01',NULL),(984,NULL,7,NULL,1,'A07 64GB','351416733224268',430,NULL,NULL,NULL,NULL,'2026-05-05 14:38:01','2026-05-05 14:38:01',NULL),(985,NULL,7,NULL,1,'A07 64GB','351416733224326',430,NULL,NULL,NULL,NULL,'2026-05-05 14:38:01','2026-05-05 14:38:01',NULL),(986,NULL,7,NULL,1,'A07 64GB','351416733224334',430,NULL,NULL,NULL,NULL,'2026-05-05 14:38:01','2026-05-05 14:38:01',NULL),(987,NULL,7,NULL,1,'A07 64GB','351416733224425',430,NULL,NULL,NULL,NULL,'2026-05-05 14:38:01','2026-05-05 14:38:01',NULL),(988,NULL,7,NULL,1,'A07 64GB','351416733224441',430,NULL,NULL,NULL,NULL,'2026-05-05 14:38:01','2026-05-05 14:38:01',NULL),(989,NULL,7,NULL,1,'A07 64GB','351416733224466',430,NULL,NULL,NULL,NULL,'2026-05-05 14:38:01','2026-05-05 14:38:01',NULL),(990,NULL,7,NULL,1,'A07 64GB','351416733224524',430,NULL,NULL,NULL,NULL,'2026-05-05 14:38:01','2026-05-05 14:38:01',NULL),(991,NULL,7,NULL,1,'A07 64GB','351416733224482',430,NULL,NULL,NULL,NULL,'2026-05-05 14:38:01','2026-05-05 14:38:01',NULL),(992,NULL,7,NULL,1,'A07 64GB','351416733224532',430,NULL,NULL,NULL,NULL,'2026-05-05 14:38:01','2026-05-05 14:38:01',NULL),(993,NULL,7,NULL,1,'A07 64GB','351416733224490',430,NULL,NULL,NULL,NULL,'2026-05-05 14:38:01','2026-05-05 14:38:01',NULL),(994,NULL,7,NULL,1,'A07 64GB','351416733224540',430,NULL,NULL,NULL,NULL,'2026-05-05 14:38:01','2026-05-05 14:38:01',NULL),(995,NULL,7,NULL,1,'A07 64GB','351416733224508',430,NULL,NULL,NULL,NULL,'2026-05-05 14:38:01','2026-05-05 14:38:01',NULL),(996,NULL,7,NULL,1,'A07 64GB','351416733224557',430,NULL,NULL,NULL,NULL,'2026-05-05 14:38:01','2026-05-05 14:38:01',NULL),(997,NULL,7,NULL,1,'A07 64GB','351416733224516',430,NULL,NULL,NULL,NULL,'2026-05-05 14:38:01','2026-05-05 14:38:01',NULL),(998,NULL,7,NULL,1,'A07 64GB','351416733224565',430,NULL,NULL,NULL,NULL,'2026-05-05 14:38:01','2026-05-05 14:38:01',NULL),(999,NULL,7,NULL,1,'A07 64GB','351416736310569',430,NULL,NULL,NULL,NULL,'2026-05-05 14:38:01','2026-05-05 14:38:01',NULL),(1000,NULL,7,NULL,1,'A07 64GB','351416736310957',430,NULL,NULL,NULL,NULL,'2026-05-05 14:38:01','2026-05-05 14:38:01',NULL),(1001,NULL,7,NULL,1,'A07 64GB','351416736310981',430,NULL,NULL,NULL,NULL,'2026-05-05 14:38:01','2026-05-05 14:38:01',NULL),(1002,NULL,7,NULL,1,'A07 64GB','351416736311054',430,NULL,NULL,NULL,NULL,'2026-05-05 14:38:01','2026-05-05 14:38:01',NULL),(1003,NULL,7,NULL,1,'A07 64GB','351416736311062',430,NULL,NULL,NULL,NULL,'2026-05-05 14:38:01','2026-05-05 14:38:01',NULL),(1004,NULL,7,NULL,1,'A07 64GB','351416736312748',430,NULL,NULL,NULL,NULL,'2026-05-05 14:38:01','2026-05-05 14:38:01',NULL),(1005,NULL,7,NULL,1,'A07 64GB','351416736312755',430,NULL,NULL,NULL,NULL,'2026-05-05 14:38:01','2026-05-05 14:38:01',NULL),(1006,NULL,7,NULL,1,'A07 64GB','351416736312714',430,NULL,NULL,NULL,NULL,'2026-05-05 14:38:01','2026-05-05 14:38:01',NULL),(1007,NULL,7,NULL,1,'A07 64GB','351416736312771',430,NULL,NULL,NULL,NULL,'2026-05-05 14:38:01','2026-05-05 14:38:01',NULL),(1008,NULL,7,NULL,1,'A07 64GB','351929930559120',430,'2026-05-05 17:49:22',NULL,NULL,NULL,'2026-05-05 17:40:48','2026-05-05 17:49:22',186),(1009,NULL,7,NULL,1,'A07 64GB','354201382404842',430,'2026-05-06 16:13:09',NULL,NULL,NULL,'2026-05-06 06:18:10','2026-05-06 16:13:09',248),(1010,NULL,7,NULL,1,'A07 64GB','354201382410245',430,'2026-05-06 09:23:38',NULL,NULL,NULL,'2026-05-06 06:18:10','2026-05-06 09:23:38',204),(1011,NULL,7,NULL,1,'A07 64GB','351929930724674',430,'2026-05-06 10:50:39',NULL,NULL,NULL,'2026-05-06 06:18:10','2026-05-06 10:50:39',210),(1012,NULL,7,NULL,1,'A07 64GB','350151140245892',430,'2026-05-08 15:36:44',NULL,NULL,NULL,'2026-05-06 06:21:34','2026-05-08 15:36:44',405),(1013,NULL,7,NULL,1,'A07 64GB','350151148138214',430,'2026-05-10 12:16:08',NULL,NULL,NULL,'2026-05-06 06:21:34','2026-05-10 12:16:08',479),(1014,NULL,7,NULL,1,'A07 64GB','350151140245322',430,'2026-05-12 16:18:38',NULL,NULL,NULL,'2026-05-06 06:21:34','2026-05-12 16:18:38',592),(1015,NULL,7,NULL,1,'A07 64GB','354201382404826',430,'2026-05-09 17:42:01',NULL,NULL,NULL,'2026-05-06 06:21:34','2026-05-09 17:42:01',464),(1016,NULL,7,NULL,1,'A07 64GB','350151140249696',430,'2026-05-06 14:14:47',NULL,NULL,NULL,'2026-05-06 08:18:08','2026-05-06 14:14:47',237),(1017,NULL,7,NULL,1,'A07 64GB','350151140247096',430,'2026-05-06 10:58:30',NULL,NULL,NULL,'2026-05-06 08:18:08','2026-05-06 10:58:30',211),(1018,NULL,21,NULL,1,'A07 64GB','350151145444367',430,'2026-05-07 10:07:18',NULL,NULL,NULL,'2026-05-06 08:29:50','2026-05-07 10:07:18',291),(1019,NULL,7,NULL,1,'A07 64GB','351929930694794',430,'2026-05-06 11:02:06',NULL,NULL,NULL,'2026-05-06 10:55:23','2026-05-06 11:02:06',212),(1020,NULL,21,NULL,1,'A07 64GB','350151145451156',430,'2026-05-07 12:16:12',NULL,NULL,NULL,'2026-05-06 11:30:58','2026-05-07 12:16:12',308),(1021,NULL,21,NULL,1,'A07 64GB','350151145451172',430,'2026-05-10 13:01:10',NULL,NULL,NULL,'2026-05-06 11:30:58','2026-05-10 13:01:10',482),(1022,NULL,21,NULL,1,'A07 64GB','350151145451214',430,'2026-05-07 18:03:25',NULL,NULL,NULL,'2026-05-06 11:30:58','2026-05-07 18:03:25',341),(1023,NULL,21,NULL,1,'A07 64GB','350151145451271',430,'2026-05-09 17:13:51',NULL,NULL,NULL,'2026-05-06 11:30:58','2026-05-09 17:13:51',463),(1024,NULL,21,NULL,1,'A07 64GB','350151145451297',430,'2026-05-06 15:56:19',NULL,NULL,NULL,'2026-05-06 11:30:58','2026-05-06 15:56:19',247),(1025,NULL,21,NULL,1,'A07 64GB','350151145451388',430,'2026-05-09 17:04:22',NULL,NULL,NULL,'2026-05-06 11:30:58','2026-05-09 17:04:22',462),(1026,NULL,21,NULL,1,'A07 64GB','350151145451412',430,'2026-05-09 15:56:39',NULL,NULL,NULL,'2026-05-06 11:30:58','2026-05-09 15:56:39',456),(1027,NULL,21,NULL,1,'A07 64GB','350151145451453',430,'2026-05-07 18:58:28',NULL,NULL,NULL,'2026-05-06 11:30:58','2026-05-07 18:58:28',348),(1028,NULL,21,NULL,1,'A07 64GB','350151145451503',430,'2026-05-09 15:07:02',NULL,NULL,NULL,'2026-05-06 11:30:58','2026-05-09 15:07:02',451),(1029,NULL,21,NULL,1,'A07 64GB','350151145451560',430,'2026-05-07 18:25:38',NULL,NULL,NULL,'2026-05-06 11:30:58','2026-05-07 18:25:38',345),(1030,NULL,21,NULL,1,'A07 64GB','350151145451180',430,'2026-05-09 18:37:30',NULL,NULL,NULL,'2026-05-06 11:30:58','2026-05-09 18:37:30',468),(1031,NULL,21,NULL,1,'A07 64GB','350151145451248',430,'2026-05-08 15:33:37',NULL,NULL,NULL,'2026-05-06 11:30:58','2026-05-08 15:33:37',404),(1032,NULL,21,NULL,1,'A07 64GB','350151145451289',430,'2026-05-11 11:00:30',NULL,NULL,NULL,'2026-05-06 11:30:58','2026-05-11 11:00:30',507),(1033,NULL,21,NULL,1,'A07 64GB','350151145451370',430,'2026-05-08 18:44:23',NULL,NULL,NULL,'2026-05-06 11:30:58','2026-05-08 18:44:23',426),(1034,NULL,21,NULL,1,'A07 64GB','350151145451396',430,'2026-05-11 11:07:31',NULL,NULL,NULL,'2026-05-06 11:30:58','2026-05-11 11:07:31',508),(1035,NULL,21,NULL,1,'A07 64GB','350151145451446',430,'2026-05-11 09:59:32',NULL,NULL,NULL,'2026-05-06 11:30:58','2026-05-11 09:59:32',499),(1036,NULL,21,NULL,1,'A07 64GB','350151145451495',430,'2026-05-09 16:01:17',NULL,NULL,NULL,'2026-05-06 11:30:58','2026-05-09 16:01:17',457),(1037,NULL,21,NULL,1,'A07 64GB','350151145451537',430,'2026-05-07 16:47:20',NULL,NULL,NULL,'2026-05-06 11:30:58','2026-05-07 16:47:20',335),(1038,NULL,21,NULL,1,'A07 64GB','350151145450968',430,'2026-05-07 16:35:17',NULL,NULL,NULL,'2026-05-06 11:35:21','2026-05-07 16:35:17',334),(1039,NULL,21,NULL,1,'A07 64GB','350151145451164',430,'2026-05-08 15:01:02',NULL,NULL,NULL,'2026-05-06 11:35:21','2026-05-08 15:01:02',399),(1040,NULL,7,NULL,1,'A07 64GB','350151140600534',430,'2026-05-07 13:40:23',NULL,NULL,NULL,'2026-05-07 06:42:53','2026-05-07 13:40:23',319),(1041,NULL,7,NULL,1,'A07 64GB','350151140600500',430,'2026-05-10 14:13:15',NULL,NULL,NULL,'2026-05-07 06:42:53','2026-05-10 14:13:15',487),(1042,NULL,7,NULL,1,'A07 64GB','350151140600518',430,'2026-05-07 13:01:37',NULL,NULL,NULL,'2026-05-07 06:42:53','2026-05-07 13:01:37',316),(1043,NULL,7,NULL,1,'A07 64GB','351929930695338',430,'2026-05-07 17:04:35',NULL,NULL,NULL,'2026-05-07 06:42:53','2026-05-07 17:04:35',337),(1044,NULL,7,NULL,1,'A07 64GB','351929930694547',430,'2026-05-08 13:15:08',NULL,NULL,NULL,'2026-05-07 06:42:53','2026-05-08 13:15:08',391),(1045,NULL,7,NULL,1,'A07 64GB','354201382404792',430,'2026-05-09 09:41:38',NULL,NULL,NULL,'2026-05-07 06:44:55','2026-05-09 09:41:38',431),(1046,NULL,7,NULL,1,'A07 64GB','351929930694935',430,'2026-05-09 13:19:15',NULL,NULL,NULL,'2026-05-07 06:44:55','2026-05-09 13:19:15',442),(1047,NULL,7,NULL,1,'A07 64GB','354201381949151',430,'2026-05-11 14:51:30',NULL,NULL,NULL,'2026-05-07 06:49:11','2026-05-11 14:51:30',530),(1048,NULL,7,NULL,1,'A07 64GB','350151140600526',430,'2026-05-11 09:11:05',NULL,NULL,NULL,'2026-05-07 06:49:11','2026-05-11 09:11:05',494),(1049,NULL,7,NULL,1,'A07 64GB','350151140600278',430,'2026-05-12 13:10:45',NULL,NULL,NULL,'2026-05-07 06:49:11','2026-05-12 13:10:45',570),(1050,NULL,7,NULL,1,'A07 64GB','351929930719963',430,'2026-05-10 08:34:18',NULL,NULL,NULL,'2026-05-07 06:51:08','2026-05-10 08:34:18',470),(1051,NULL,7,NULL,1,'A07 64GB','354201381996020',430,'2026-05-10 12:39:23',NULL,NULL,NULL,'2026-05-07 06:51:08','2026-05-10 12:39:23',481),(1052,NULL,7,NULL,1,'A07 64GB','351929930694646',430,'2026-05-07 10:23:58',NULL,NULL,NULL,'2026-05-07 06:51:08','2026-05-07 10:23:58',294),(1053,NULL,7,NULL,1,'A07 64GB','351929930715755',430,'2026-05-07 09:46:15',NULL,NULL,NULL,'2026-05-07 08:10:17','2026-05-07 09:46:15',289),(1054,NULL,7,NULL,1,'A07 64GB','354201382932669',430,'2026-05-16 14:15:47',NULL,NULL,NULL,'2026-05-07 08:10:17','2026-05-16 14:15:47',814),(1055,NULL,7,NULL,1,'A07 64GB','354201381955869',430,'2026-05-08 13:33:38',NULL,NULL,NULL,'2026-05-07 09:14:29','2026-05-08 13:33:38',393),(1056,NULL,7,NULL,1,'A07 64GB','354201382405070',430,'2026-05-11 09:45:45',NULL,NULL,NULL,'2026-05-07 09:14:29','2026-05-11 09:45:45',497),(1057,NULL,7,NULL,1,'A07 64GB','354201381975511',430,'2026-05-08 10:21:49',NULL,NULL,NULL,'2026-05-07 09:14:29','2026-05-08 10:21:49',373),(1058,NULL,7,NULL,1,'A07 64GB','351929930694828',430,'2026-05-10 10:15:55',NULL,NULL,NULL,'2026-05-07 09:14:29','2026-05-10 10:15:55',474),(1059,NULL,21,NULL,1,'A07 64GB','356221886315441',430,'2026-05-07 13:00:06',NULL,NULL,NULL,'2026-05-07 12:51:59','2026-05-07 13:00:06',315),(1060,NULL,21,NULL,1,'A07 64GB','354201386315440',430,NULL,NULL,NULL,NULL,'2026-05-07 13:00:36','2026-05-07 13:00:36',NULL),(1061,NULL,7,NULL,1,'A07 64GB','354201381949052',430,'2026-05-11 16:22:04',NULL,NULL,NULL,'2026-05-08 06:42:22','2026-05-11 16:22:04',539),(1062,NULL,7,NULL,1,'A07 64GB','354201381975602',430,'2026-05-08 12:55:58',NULL,NULL,NULL,'2026-05-08 06:42:22','2026-05-08 12:55:58',387),(1063,NULL,7,NULL,1,'A07 64GB','354201382410203',430,'2026-05-09 11:59:21',NULL,NULL,NULL,'2026-05-08 06:42:22','2026-05-09 11:59:21',439),(1064,NULL,7,NULL,1,'A07 64GB','354201382405096',430,'2026-05-11 14:52:48',NULL,NULL,NULL,'2026-05-08 06:44:55','2026-05-11 14:52:48',531),(1065,NULL,7,NULL,1,'A07 64GB','350151140418465',430,'2026-05-12 09:10:32',NULL,NULL,NULL,'2026-05-08 06:44:55','2026-05-12 09:10:32',553),(1066,NULL,7,NULL,1,'A07 64GB','354201381972963',430,'2026-05-09 15:03:00',NULL,NULL,NULL,'2026-05-08 06:44:55','2026-05-09 15:03:00',450),(1067,NULL,7,NULL,1,'A07 64GB','350151140249506',430,'2026-05-16 13:37:21',NULL,NULL,NULL,'2026-05-08 07:38:48','2026-05-16 13:37:21',805),(1068,NULL,7,NULL,1,'A07 64GB','354201381975453',430,'2026-05-16 16:51:22',NULL,NULL,NULL,'2026-05-08 07:38:48','2026-05-16 16:51:22',831),(1069,NULL,21,NULL,1,'A07 64GB','350151148342865',430,'2026-05-10 14:28:45',NULL,NULL,NULL,'2026-05-08 08:28:06','2026-05-10 14:28:45',488),(1070,NULL,21,NULL,1,'A07 64GB','350151148362046',430,'2026-05-08 15:10:40',NULL,NULL,NULL,'2026-05-08 08:28:06','2026-05-08 15:10:40',401),(1071,NULL,21,NULL,1,'A07 64GB','350151148359760',430,'2026-05-16 07:41:59',NULL,NULL,NULL,'2026-05-08 08:28:06','2026-05-16 07:41:59',774),(1072,NULL,21,NULL,1,'A07 64GB','350151148359679',430,'2026-05-11 12:13:49',NULL,NULL,NULL,'2026-05-08 08:28:06','2026-05-11 12:13:49',512),(1073,NULL,21,NULL,1,'A07 64GB','350151148361964',430,'2026-05-08 14:45:42',NULL,NULL,NULL,'2026-05-08 08:28:06','2026-05-08 14:45:42',397),(1074,NULL,21,NULL,1,'A07 64GB','350151148362319',430,'2026-05-09 08:02:38',NULL,NULL,NULL,'2026-05-08 08:28:06','2026-05-09 08:02:38',429),(1075,NULL,21,NULL,1,'A07 64GB','350151148359703',430,'2026-05-12 16:30:34',NULL,NULL,NULL,'2026-05-08 08:28:06','2026-05-12 16:30:34',593),(1076,NULL,21,NULL,1,'A07 64GB','350151148361816',430,'2026-05-09 10:37:20',NULL,NULL,NULL,'2026-05-08 08:28:06','2026-05-09 10:37:20',435),(1077,NULL,21,NULL,1,'A07 64GB','350151148359695',430,'2026-05-11 11:28:29',NULL,NULL,NULL,'2026-05-08 08:28:06','2026-05-11 11:28:29',510),(1078,NULL,21,NULL,1,'A07 64GB','350151148361626',430,'2026-05-12 13:11:30',NULL,NULL,NULL,'2026-05-08 08:28:06','2026-05-12 13:11:30',571),(1079,NULL,21,NULL,1,'A07 64GB','350151148347419',430,'2026-05-12 13:13:27',NULL,NULL,NULL,'2026-05-08 08:28:06','2026-05-12 13:13:27',572),(1080,NULL,21,NULL,1,'A07 64GB','350151148362012',430,'2026-05-08 16:30:21',NULL,NULL,NULL,'2026-05-08 08:28:06','2026-05-08 16:30:21',411),(1081,NULL,21,NULL,1,'A07 64GB','350151148347807',430,'2026-05-08 16:15:08',NULL,NULL,NULL,'2026-05-08 08:28:06','2026-05-08 16:15:08',409),(1082,NULL,21,NULL,1,'A07 64GB','350151148357855',430,'2026-05-11 17:57:45',NULL,NULL,NULL,'2026-05-08 08:28:06','2026-05-11 17:57:45',545),(1083,NULL,21,NULL,1,'A07 64GB','350151148359430',430,'2026-05-09 05:30:24',NULL,NULL,NULL,'2026-05-08 08:28:06','2026-05-09 05:30:24',427),(1084,NULL,21,NULL,1,'A07 64GB','350151148359778',430,'2026-05-16 15:16:24',NULL,NULL,NULL,'2026-05-08 08:28:06','2026-05-16 15:16:24',823),(1085,NULL,21,NULL,1,'A07 64GB','350151148347872',430,'2026-05-08 13:00:05',NULL,NULL,NULL,'2026-05-08 08:28:06','2026-05-08 13:00:05',389),(1086,NULL,21,NULL,1,'A07 64GB','350151148361923',430,'2026-05-09 11:45:13',NULL,NULL,NULL,'2026-05-08 08:28:06','2026-05-09 11:45:13',438),(1087,NULL,21,NULL,1,'A07 64GB','350151148362020',430,'2026-05-13 16:23:56',NULL,NULL,NULL,'2026-05-08 08:28:06','2026-05-13 16:23:56',647),(1088,NULL,21,NULL,1,'A07 64GB','350151148359497',430,'2026-05-11 10:26:53',NULL,NULL,NULL,'2026-05-08 08:28:06','2026-05-11 10:26:53',502),(1089,NULL,21,NULL,1,'A07 64GB','354201381949524',430,'2026-05-10 07:09:41',NULL,NULL,NULL,'2026-05-09 07:11:23','2026-05-10 07:09:41',469),(1090,NULL,21,NULL,1,'A07 64GB','350151145444375',430,'2026-05-10 09:24:59',NULL,NULL,NULL,'2026-05-09 07:11:23','2026-05-10 09:24:59',473),(1091,NULL,21,NULL,1,'A07 64GB','354201381975560',430,'2026-05-15 12:09:52',NULL,NULL,NULL,'2026-05-09 07:11:23','2026-05-15 12:09:52',745),(1092,NULL,21,NULL,1,'A07 64GB','354201381962808',430,'2026-05-11 14:37:00',NULL,NULL,NULL,'2026-05-09 07:11:23','2026-05-11 14:37:00',527),(1093,NULL,21,NULL,1,'A07 64GB','350151145443732',430,'2026-05-09 16:57:23',NULL,NULL,NULL,'2026-05-09 07:11:23','2026-05-09 16:57:23',460),(1094,NULL,21,NULL,1,'A07 64GB','354201381973524',430,'2026-05-11 10:33:08',NULL,NULL,NULL,'2026-05-09 07:11:23','2026-05-11 10:33:08',505),(1095,NULL,21,NULL,1,'A07 64GB','354201381949078',430,'2026-05-16 10:52:52',NULL,NULL,NULL,'2026-05-09 07:11:23','2026-05-16 10:52:52',786),(1096,NULL,21,NULL,1,'A07 64GB','351416736292346',430,'2026-05-09 14:55:33',NULL,NULL,NULL,'2026-05-09 12:25:34','2026-05-09 14:55:33',448),(1097,NULL,21,NULL,1,'A07 64GB','351416736310296',430,'2026-05-09 14:57:11',NULL,NULL,NULL,'2026-05-09 12:25:34','2026-05-09 14:57:11',449),(1098,NULL,21,NULL,1,'A07 64GB','351416736300750',430,'2026-05-09 13:28:09',NULL,NULL,NULL,'2026-05-09 13:11:26','2026-05-09 13:28:09',443),(1099,NULL,21,NULL,1,'A07 64GB','351416736310304',430,'2026-05-09 13:54:09',NULL,NULL,NULL,'2026-05-09 13:50:09','2026-05-09 13:54:09',444),(1100,NULL,21,NULL,1,'A07 64GB','350151140378453',430,'2026-05-10 11:32:03',NULL,NULL,NULL,'2026-05-10 11:29:03','2026-05-10 11:32:03',477),(1101,NULL,21,NULL,1,'A07 64GB','350151140375566',430,'2026-05-10 14:39:42',NULL,NULL,NULL,'2026-05-10 14:33:18','2026-05-10 14:39:42',489),(1102,NULL,7,NULL,1,'A07 64GB','350151140600591',430,'2026-05-11 16:28:46',NULL,NULL,NULL,'2026-05-11 07:01:17','2026-05-11 16:28:46',540),(1103,NULL,7,NULL,1,'A07 64GB','350151140600385',430,'2026-05-11 12:35:28',NULL,NULL,NULL,'2026-05-11 07:01:17','2026-05-11 12:35:28',516),(1104,NULL,7,NULL,1,'A07 64GB','350151140600559',430,'2026-05-12 10:17:55',NULL,NULL,NULL,'2026-05-11 07:01:17','2026-05-12 10:17:55',554),(1105,NULL,7,NULL,1,'A07 64GB','350151140600955',430,'2026-05-12 11:28:41',NULL,NULL,NULL,'2026-05-11 07:01:17','2026-05-12 11:28:41',562),(1106,NULL,7,NULL,1,'A07 64GB','350151140598852',430,'2026-05-11 14:59:51',NULL,NULL,NULL,'2026-05-11 07:01:17','2026-05-11 14:59:51',532),(1107,NULL,7,NULL,1,'A07 64GB','354201381975537',430,'2026-05-12 12:37:25',NULL,NULL,NULL,'2026-05-11 07:01:17','2026-05-12 12:37:25',566),(1108,NULL,7,NULL,1,'A07 64GB','354201381975644',430,'2026-05-16 10:11:57',NULL,NULL,NULL,'2026-05-11 07:01:17','2026-05-16 10:11:57',781),(1109,NULL,7,NULL,1,'A07 64GB','354201381982384',430,'2026-05-11 08:45:55',NULL,NULL,NULL,'2026-05-11 07:01:17','2026-05-11 08:45:55',491),(1110,NULL,7,NULL,1,'A07 64GB','354201382004816',430,'2026-05-11 16:15:39',NULL,NULL,NULL,'2026-05-11 07:01:17','2026-05-11 16:15:39',537),(1111,NULL,7,NULL,1,'A07 64GB','351929930725093',430,'2026-05-12 12:49:58',NULL,NULL,NULL,'2026-05-11 07:01:17','2026-05-12 12:49:58',567),(1112,NULL,7,NULL,1,'A07 64GB','354201381975578',430,'2026-05-12 14:31:15',NULL,NULL,NULL,'2026-05-11 07:01:17','2026-05-12 14:31:15',578),(1113,NULL,7,NULL,1,'A07 64GB','354201381953039',430,'2026-05-11 10:57:49',NULL,NULL,NULL,'2026-05-11 07:01:17','2026-05-11 10:57:49',506),(1114,NULL,7,NULL,1,'A07 64GB','351929930694638',430,'2026-05-12 15:26:24',NULL,NULL,NULL,'2026-05-11 07:13:40','2026-05-12 15:26:24',586),(1115,NULL,21,NULL,1,'A07 64GB','351416736300495',430,'2026-05-11 08:56:42',NULL,NULL,NULL,'2026-05-11 07:50:25','2026-05-11 08:56:42',493),(1116,NULL,21,NULL,1,'A07 64GB','351416736310247',430,'2026-05-14 09:40:02',NULL,NULL,NULL,'2026-05-11 08:09:13','2026-05-14 09:40:02',678),(1117,NULL,21,NULL,1,'A07 64GB','351416736310346',430,'2026-05-11 12:17:17',NULL,NULL,NULL,'2026-05-11 08:09:13','2026-05-11 12:17:17',514),(1118,NULL,21,NULL,1,'A07 64GB','351416736304646',430,'2026-05-11 15:16:07',NULL,NULL,NULL,'2026-05-11 08:25:02','2026-05-11 15:16:07',533),(1119,NULL,21,NULL,1,'A07 64GB','351416736309215',430,'2026-05-12 10:31:46',NULL,NULL,NULL,'2026-05-11 08:25:02','2026-05-12 10:31:46',556),(1120,NULL,21,NULL,1,'A07 64GB','351416736310205',430,'2026-05-13 07:37:29',NULL,NULL,NULL,'2026-05-11 09:03:32','2026-05-13 07:37:29',602),(1121,NULL,21,NULL,1,'A07 64GB','351416736310338',430,'2026-05-16 15:50:46',NULL,NULL,NULL,'2026-05-11 09:03:32','2026-05-16 15:50:46',824),(1122,NULL,21,NULL,1,'A07 64GB','351416736300503',430,'2026-05-16 16:40:11',NULL,NULL,NULL,'2026-05-11 09:04:04','2026-05-16 16:40:11',830),(1123,NULL,25,NULL,1,'A07 64GB','350401997642125',430,'2026-05-11 09:37:16',NULL,NULL,NULL,'2026-05-11 09:09:10','2026-05-13 14:17:35',634),(1124,NULL,21,NULL,1,'A07 64GB','351416736310312',430,'2026-05-11 10:05:47',NULL,NULL,NULL,'2026-05-11 10:03:00','2026-05-11 10:05:47',500),(1125,NULL,21,NULL,1,'A07 64GB','351416736308951',430,'2026-05-11 10:06:28',NULL,NULL,NULL,'2026-05-11 10:03:00','2026-05-11 10:06:28',501),(1126,NULL,21,NULL,1,'A07 64GB','351416736309033',430,'2026-05-11 12:24:11',NULL,NULL,NULL,'2026-05-11 11:35:05','2026-05-11 12:24:11',515),(1127,NULL,21,NULL,1,'A07 64GB','351416736310221',430,'2026-05-11 19:10:01',NULL,NULL,NULL,'2026-05-11 11:35:05','2026-05-11 19:10:01',549),(1128,NULL,21,NULL,1,'A07 64GB','351416736308720',430,'2026-05-11 13:33:03',NULL,NULL,NULL,'2026-05-11 11:35:05','2026-05-11 13:33:03',522),(1129,NULL,21,NULL,1,'A07 64GB','351416736310320',430,'2026-05-11 11:39:51',NULL,NULL,NULL,'2026-05-11 11:35:05','2026-05-11 11:39:51',511),(1130,NULL,7,NULL,1,'A07 64GB','351416736310262',430,'2026-05-11 18:24:39',NULL,NULL,NULL,'2026-05-11 13:48:56','2026-05-11 18:24:39',546),(1131,NULL,7,NULL,1,'A07 64GB','351416736309876',430,'2026-05-13 12:31:11',NULL,NULL,NULL,'2026-05-11 13:48:56','2026-05-13 12:31:11',622),(1132,NULL,7,NULL,1,'A07 64GB','350151140600831',430,'2026-05-12 15:53:06',NULL,NULL,NULL,'2026-05-11 15:18:25','2026-05-12 15:53:06',588),(1133,NULL,7,NULL,1,'A07 64GB','351929930694570',430,'2026-05-11 18:43:31',NULL,NULL,NULL,'2026-05-11 15:18:25','2026-05-11 18:43:31',548),(1134,NULL,7,NULL,1,'A07 64GB','351929930720292',430,'2026-05-11 17:15:57',NULL,NULL,NULL,'2026-05-11 15:18:25','2026-05-11 17:15:57',543),(1135,NULL,21,NULL,1,'A07 64GB','351416736301949',430,'2026-05-14 09:58:07',NULL,NULL,NULL,'2026-05-11 20:17:45','2026-05-14 09:58:07',681),(1136,NULL,7,NULL,1,'A07 64GB','350151140600542',430,'2026-05-13 10:30:51',NULL,NULL,NULL,'2026-05-12 06:29:22','2026-05-13 10:30:51',611),(1137,NULL,7,NULL,1,'A07 64GB','350151140600310',430,'2026-05-13 10:54:35',NULL,NULL,NULL,'2026-05-12 06:29:22','2026-05-13 10:54:35',613),(1138,NULL,7,NULL,1,'A07 64GB','350151140594091',430,'2026-05-13 12:48:44',NULL,NULL,NULL,'2026-05-12 06:29:22','2026-05-13 12:48:44',625),(1139,NULL,7,NULL,1,'A07 64GB','350151140600609',430,'2026-05-12 10:36:25',NULL,NULL,NULL,'2026-05-12 06:29:22','2026-05-12 10:36:25',557),(1140,NULL,7,NULL,1,'A07 64GB','350151140600625',430,'2026-05-14 13:52:03',NULL,NULL,NULL,'2026-05-12 06:29:22','2026-05-14 13:52:03',701),(1141,NULL,7,NULL,1,'A07 64GB','350151140600575',430,'2026-05-14 12:30:21',NULL,NULL,NULL,'2026-05-12 06:29:22','2026-05-14 12:30:21',692),(1142,NULL,7,NULL,1,'A07 64GB','350151140598050',430,'2026-05-15 11:21:18',NULL,NULL,NULL,'2026-05-12 06:29:22','2026-05-15 11:21:18',738),(1143,NULL,7,NULL,1,'A07 64GB','351929930720458',430,'2026-05-12 14:46:56',NULL,NULL,NULL,'2026-05-12 10:32:29','2026-05-12 14:46:56',581),(1144,NULL,7,NULL,1,'A07 64GB','354201381975594',430,'2026-05-15 11:11:02',NULL,NULL,NULL,'2026-05-12 10:32:29','2026-05-15 11:11:02',735),(1145,NULL,7,NULL,1,'A07 64GB','350151140573731',430,'2026-05-16 18:32:45',NULL,NULL,NULL,'2026-05-12 10:32:29','2026-05-16 18:32:45',844),(1146,NULL,7,NULL,1,'A07 64GB','350151145447279',430,'2026-05-12 14:40:19',NULL,NULL,NULL,'2026-05-12 10:32:29','2026-05-12 14:40:19',580),(1147,NULL,7,NULL,1,'A07 64GB','350151140598993',430,'2026-05-12 14:55:36',NULL,NULL,NULL,'2026-05-12 10:32:29','2026-05-12 14:55:36',583),(1148,NULL,7,NULL,1,'A07 64GB','350151145444136',430,'2026-05-13 09:49:54',NULL,NULL,NULL,'2026-05-12 11:43:07','2026-05-13 09:49:54',608),(1149,NULL,7,NULL,1,'A07 64GB','350151145442593',430,'2026-05-12 14:18:38',NULL,NULL,NULL,'2026-05-12 11:43:07','2026-05-12 14:18:38',577),(1150,NULL,7,NULL,1,'A07 64GB','350151145442528',430,'2026-05-16 08:31:21',NULL,NULL,NULL,'2026-05-12 11:43:07','2026-05-16 08:31:21',776),(1151,NULL,7,NULL,1,'A07 64GB','350151145450216',430,'2026-05-12 13:46:48',NULL,NULL,NULL,'2026-05-12 11:43:07','2026-05-12 13:46:48',576),(1152,NULL,7,NULL,1,'A07 64GB','350151145443708',430,'2026-05-13 10:46:03',NULL,NULL,NULL,'2026-05-13 07:07:28','2026-05-13 10:46:03',612),(1153,NULL,7,NULL,1,'A07 64GB','350151145443328',430,'2026-05-14 10:29:11',NULL,NULL,NULL,'2026-05-13 07:07:28','2026-05-14 10:29:11',685),(1154,NULL,7,NULL,1,'A07 64GB','350151145449804',430,'2026-05-14 07:18:51',NULL,NULL,NULL,'2026-05-13 07:07:28','2026-05-14 07:18:51',664),(1155,NULL,7,NULL,1,'A07 64GB','350151145444052',430,'2026-05-14 14:00:41',NULL,NULL,NULL,'2026-05-13 07:07:28','2026-05-14 14:00:41',702),(1156,NULL,7,NULL,1,'A07 64GB','350151145446917',430,'2026-05-14 18:01:33',NULL,NULL,NULL,'2026-05-13 07:07:28','2026-05-14 18:01:33',715),(1157,NULL,7,NULL,1,'A07 64GB','350151145449739',430,'2026-05-13 13:22:07',NULL,NULL,NULL,'2026-05-13 07:07:28','2026-05-13 13:22:07',629),(1158,NULL,7,NULL,1,'A07 64GB','350151145450133',430,'2026-05-16 11:13:49',NULL,NULL,NULL,'2026-05-13 07:07:28','2026-05-16 11:13:49',788),(1159,NULL,7,NULL,1,'A07 64GB','350151145450141',430,'2026-05-14 10:31:11',NULL,NULL,NULL,'2026-05-13 07:07:28','2026-05-14 10:31:11',686),(1160,NULL,7,NULL,1,'A07 64GB','350151145450430',430,'2026-05-15 16:30:05',NULL,NULL,NULL,'2026-05-13 07:07:28','2026-05-15 16:30:05',766),(1161,NULL,7,NULL,1,'A07 64GB','350151145450109',430,'2026-05-16 09:49:50',NULL,NULL,NULL,'2026-05-13 07:07:28','2026-05-16 09:49:50',780),(1162,NULL,21,NULL,1,'A07 64GB','351416736313662',430,'2026-05-14 11:59:20',NULL,NULL,NULL,'2026-05-13 08:19:59','2026-05-14 11:59:20',689),(1163,NULL,7,NULL,1,'A07 64GB','350151145450315',430,'2026-05-13 15:43:23',NULL,NULL,NULL,'2026-05-13 14:13:44','2026-05-13 15:43:23',642),(1164,NULL,7,NULL,1,'A07 64GB','350151145450265',430,'2026-05-14 09:33:44',NULL,NULL,NULL,'2026-05-13 14:13:44','2026-05-14 09:33:44',677),(1165,NULL,7,NULL,1,'A07 64GB','350151145450414',430,'2026-05-14 08:03:47',NULL,NULL,NULL,'2026-05-13 14:13:44','2026-05-14 08:03:47',669),(1166,NULL,27,NULL,1,'A07 64GB','351929935978366',430,'2026-05-13 16:58:51',NULL,NULL,NULL,'2026-05-13 16:50:03','2026-05-13 16:58:51',654),(1167,NULL,28,NULL,1,'A07 64GB','351929931662527',430,'2026-05-14 16:12:59',NULL,NULL,NULL,'2026-05-14 15:43:20','2026-05-14 16:12:59',710),(1168,NULL,29,NULL,1,'A07 64GB','350151141444676',430,'2026-05-15 10:30:27',NULL,NULL,NULL,'2026-05-15 10:21:42','2026-05-15 10:30:27',732),(1169,NULL,21,NULL,1,'A07 64GB','351416736301923',430,'2026-05-16 18:18:37',NULL,NULL,NULL,'2026-05-15 12:04:41','2026-05-16 18:18:37',841),(1170,NULL,21,NULL,1,'A07 64GB','351416736307292',430,'2026-05-18 16:40:00',NULL,NULL,NULL,'2026-05-15 12:04:41','2026-05-18 16:40:00',920),(1171,NULL,21,NULL,1,'A07 64GB','351416736301402',430,'2026-05-22 13:56:36',NULL,NULL,NULL,'2026-05-15 12:04:41','2026-05-22 13:56:36',1089),(1172,NULL,21,NULL,1,'A07 64GB','351416736307342',430,'2026-05-21 08:46:45',NULL,NULL,NULL,'2026-05-15 12:04:41','2026-05-21 08:46:45',1034),(1173,NULL,21,NULL,1,'A07 64GB','351416736306807',430,'2026-05-17 13:04:47',NULL,NULL,NULL,'2026-05-15 12:04:41','2026-05-17 13:04:47',859),(1174,NULL,21,NULL,1,'A07 64GB','351416736307169',430,'2026-05-15 15:39:38',NULL,NULL,NULL,'2026-05-15 12:04:41','2026-05-15 15:39:38',760),(1175,NULL,21,NULL,1,'A07 64GB','351416736304406',430,NULL,NULL,NULL,NULL,'2026-05-15 12:04:41','2026-05-15 12:04:41',NULL),(1176,NULL,21,NULL,1,'A07 64GB','351416736307052',430,'2026-05-18 11:33:29',NULL,NULL,NULL,'2026-05-15 12:04:41','2026-05-18 11:33:29',884),(1177,NULL,21,NULL,1,'A07 64GB','351416736307193',430,'2026-05-16 17:03:06',NULL,NULL,NULL,'2026-05-15 12:04:41','2026-05-16 17:03:06',836),(1178,NULL,21,NULL,1,'A07 64GB','351416736301618',430,'2026-05-16 11:15:25',NULL,NULL,NULL,'2026-05-15 12:04:41','2026-05-16 11:15:25',789),(1179,NULL,21,NULL,1,'A07 64GB','351416736307201',430,'2026-05-16 15:07:33',NULL,NULL,NULL,'2026-05-15 12:04:41','2026-05-16 15:07:33',822),(1180,NULL,21,NULL,1,'A07 64GB','351416736307250',430,'2026-05-15 16:30:08',NULL,NULL,NULL,'2026-05-15 12:04:42','2026-05-15 16:30:08',767),(1181,NULL,21,NULL,1,'A07 64GB','351416736307185',430,'2026-05-21 10:30:51',NULL,NULL,NULL,'2026-05-15 12:04:42','2026-05-21 10:30:51',1042),(1182,NULL,21,NULL,1,'A07 64GB','351416736303119',430,'2026-05-18 17:39:19',NULL,NULL,NULL,'2026-05-15 12:40:16','2026-05-18 17:39:19',926),(1183,NULL,21,NULL,1,'A07 64GB','351416736305080',430,'2026-05-20 18:05:13',NULL,NULL,NULL,'2026-05-15 12:40:16','2026-05-20 18:05:13',1027),(1184,NULL,21,NULL,1,'A07 64GB','351416736306450',430,'2026-05-20 11:39:19',NULL,NULL,NULL,'2026-05-15 12:40:16','2026-05-20 11:39:19',999),(1185,NULL,21,NULL,1,'A07 64GB','354201386370726',430,'2026-05-16 08:46:32',NULL,NULL,NULL,'2026-05-15 12:40:16','2026-05-16 08:46:32',777),(1186,NULL,21,NULL,1,'A07 64GB','354201386370742',430,'2026-05-18 10:06:16',NULL,NULL,NULL,'2026-05-15 12:40:16','2026-05-18 10:06:16',873),(1187,NULL,30,NULL,1,'A07 64GB','351929931663038',430,'2026-05-15 14:59:33',NULL,NULL,NULL,'2026-05-15 14:54:45','2026-05-15 14:59:33',756),(1188,NULL,33,NULL,1,'A07 64GB','350151141447026',430,'2026-05-15 15:51:21',NULL,NULL,NULL,'2026-05-15 15:44:21','2026-05-15 15:51:21',761),(1189,NULL,35,NULL,1,'A07 64GB','351416738917460',430,NULL,NULL,NULL,NULL,'2026-05-15 17:44:45','2026-05-15 17:44:45',NULL),(1190,NULL,35,NULL,1,'A07 64GB','351416738936627',430,NULL,NULL,NULL,NULL,'2026-05-15 17:44:45','2026-05-15 17:44:45',NULL),(1191,NULL,35,NULL,1,'A07 64GB','351416738936650',430,NULL,NULL,NULL,NULL,'2026-05-15 17:44:45','2026-05-15 17:44:45',NULL),(1192,NULL,35,NULL,1,'A07 64GB','351416738917403',430,NULL,NULL,NULL,NULL,'2026-05-15 17:44:45','2026-05-15 17:44:45',NULL),(1193,NULL,35,NULL,1,'A07 64GB','351416738936684',430,NULL,NULL,NULL,NULL,'2026-05-15 17:44:45','2026-05-15 17:44:45',NULL),(1194,NULL,35,NULL,1,'A07 64GB','351416738936700',430,NULL,NULL,NULL,NULL,'2026-05-15 17:44:45','2026-05-15 17:44:45',NULL),(1195,NULL,35,NULL,1,'A07 64GB','351416738936734',430,NULL,NULL,NULL,NULL,'2026-05-15 17:44:45','2026-05-15 17:44:45',NULL),(1196,NULL,35,NULL,1,'A07 64GB','351416738936593',430,NULL,NULL,NULL,NULL,'2026-05-15 17:44:45','2026-05-15 17:44:45',NULL),(1197,NULL,35,NULL,1,'A07 64GB','351416738936767',430,NULL,NULL,NULL,NULL,'2026-05-15 17:44:45','2026-05-15 17:44:45',NULL),(1198,NULL,35,NULL,1,'A07 64GB','351416738936783',430,NULL,NULL,NULL,NULL,'2026-05-15 17:44:45','2026-05-15 17:44:45',NULL),(1199,NULL,35,NULL,1,'A07 64GB','351416738936726',430,NULL,NULL,NULL,NULL,'2026-05-15 17:44:45','2026-05-15 17:44:45',NULL),(1200,NULL,35,NULL,1,'A07 64GB','351416738936775',430,NULL,NULL,NULL,NULL,'2026-05-15 17:44:45','2026-05-15 17:44:45',NULL),(1201,NULL,35,NULL,1,'A07 64GB','351416738917452',430,NULL,NULL,NULL,NULL,'2026-05-15 17:44:45','2026-05-15 17:44:45',NULL),(1202,NULL,35,NULL,1,'A07 64GB','351416738936411',430,NULL,NULL,NULL,NULL,'2026-05-15 17:44:45','2026-05-15 17:44:45',NULL),(1203,NULL,35,NULL,1,'A07 64GB','351416738936643',430,NULL,NULL,NULL,NULL,'2026-05-15 17:44:45','2026-05-15 17:44:45',NULL),(1204,NULL,35,NULL,1,'A07 64GB','351416738936619',430,NULL,NULL,NULL,NULL,'2026-05-15 17:44:45','2026-05-15 17:44:45',NULL),(1205,NULL,35,NULL,1,'A07 64GB','351416738936668',430,NULL,NULL,NULL,NULL,'2026-05-15 17:44:45','2026-05-15 17:44:45',NULL),(1206,NULL,35,NULL,1,'A07 64GB','351416738936692',430,NULL,NULL,NULL,NULL,'2026-05-15 17:44:45','2026-05-15 17:44:45',NULL),(1207,NULL,35,NULL,1,'A07 64GB','351416738936759',430,NULL,NULL,NULL,NULL,'2026-05-15 17:44:45','2026-05-15 17:44:45',NULL),(1208,NULL,35,NULL,1,'A07 64GB','351416738917320',430,NULL,NULL,NULL,NULL,'2026-05-15 17:44:45','2026-05-15 17:44:45',NULL),(1209,NULL,35,NULL,1,'A07 64GB','351416736513279',430,'2026-05-28 08:58:14',NULL,NULL,NULL,'2026-05-15 17:44:45','2026-05-28 08:58:14',1239),(1210,NULL,35,NULL,1,'A07 64GB','351416736511653',430,'2026-05-27 11:21:36',NULL,NULL,NULL,'2026-05-15 17:44:45','2026-05-27 11:21:36',1223),(1211,NULL,35,NULL,1,'A07 64GB','351416736513113',430,'2026-05-26 11:39:50',NULL,NULL,NULL,'2026-05-15 17:44:45','2026-05-26 11:39:50',1207),(1212,NULL,35,NULL,1,'A07 64GB','351416736513527',430,NULL,NULL,NULL,NULL,'2026-05-15 17:44:45','2026-05-15 17:44:45',NULL),(1213,NULL,35,NULL,1,'A07 64GB','351416736523658',430,NULL,NULL,NULL,NULL,'2026-05-15 17:44:45','2026-05-15 17:44:45',NULL),(1214,NULL,35,NULL,1,'A07 64GB','351416736494496',430,'2026-05-26 12:56:50',NULL,NULL,NULL,'2026-05-15 17:44:45','2026-05-26 12:56:50',1210),(1215,NULL,35,NULL,1,'A07 64GB','351416736521090',430,NULL,NULL,NULL,NULL,'2026-05-15 17:44:45','2026-05-15 17:44:45',NULL),(1216,NULL,35,NULL,1,'A07 64GB','351416736494454',430,NULL,NULL,NULL,NULL,'2026-05-15 17:44:45','2026-05-15 17:44:45',NULL),(1217,NULL,35,NULL,1,'A07 64GB','351416736522676',430,'2026-05-26 10:35:39',NULL,NULL,NULL,'2026-05-15 17:44:45','2026-05-26 10:35:39',1205),(1218,NULL,35,NULL,1,'A07 64GB','351416736513337',430,'2026-05-26 10:28:35',NULL,NULL,NULL,'2026-05-15 17:44:45','2026-05-26 10:28:35',1204),(1219,NULL,35,NULL,1,'A07 64GB','351416736513519',430,NULL,NULL,NULL,NULL,'2026-05-15 17:44:45','2026-05-15 17:44:45',NULL),(1220,NULL,35,NULL,1,'A07 64GB','351416736513253',430,'2026-05-25 17:35:32',NULL,NULL,NULL,'2026-05-15 17:44:45','2026-05-25 17:35:32',1181),(1221,NULL,35,NULL,1,'A07 64GB','351416736513220',430,'2026-05-26 15:23:03',NULL,NULL,NULL,'2026-05-15 17:44:45','2026-05-26 15:23:03',1215),(1222,NULL,35,NULL,1,'A07 64GB','351416736513303',430,NULL,NULL,NULL,NULL,'2026-05-15 17:44:45','2026-05-15 17:44:45',NULL),(1223,NULL,35,NULL,1,'A07 64GB','351416736494462',430,'2026-05-28 08:50:10',NULL,NULL,NULL,'2026-05-15 17:44:45','2026-05-28 08:50:10',1238),(1224,NULL,35,NULL,1,'A07 64GB','351416736494504',430,NULL,NULL,NULL,NULL,'2026-05-15 17:44:45','2026-05-15 17:44:45',NULL),(1225,NULL,35,NULL,1,'A07 64GB','351416736494405',430,NULL,NULL,NULL,NULL,'2026-05-15 17:44:45','2026-05-15 17:44:45',NULL),(1226,NULL,35,NULL,1,'A07 64GB','351416736494447',430,'2026-05-26 10:27:39',NULL,NULL,NULL,'2026-05-15 17:44:45','2026-05-26 10:27:39',1203),(1227,NULL,35,NULL,1,'A07 64GB','351416736513311',430,'2026-05-27 11:51:17',NULL,NULL,NULL,'2026-05-15 17:44:45','2026-05-27 11:51:17',1225),(1228,NULL,35,NULL,1,'A07 64GB','351416736520548',430,NULL,NULL,NULL,NULL,'2026-05-15 17:44:45','2026-05-15 17:44:45',NULL),(1229,NULL,35,NULL,1,'A07 64GB','351416733178316',430,'2026-05-20 07:33:20',NULL,NULL,NULL,'2026-05-15 17:44:45','2026-05-20 07:33:20',982),(1230,NULL,35,NULL,1,'A07 64GB','351416733178290',430,'2026-05-19 14:43:44',NULL,NULL,NULL,'2026-05-15 17:44:45','2026-05-19 14:43:44',961),(1231,NULL,35,NULL,1,'A07 64GB','351416733193406',430,'2026-05-21 12:26:58',NULL,NULL,NULL,'2026-05-15 17:44:45','2026-05-21 12:26:58',1052),(1232,NULL,35,NULL,1,'A07 64GB','351416733193539',430,'2026-05-18 10:40:22',NULL,NULL,NULL,'2026-05-15 17:44:45','2026-05-18 10:40:22',878),(1233,NULL,35,NULL,1,'A07 64GB','351416733193810',430,'2026-05-23 14:43:51',NULL,NULL,NULL,'2026-05-15 17:44:45','2026-05-23 14:43:51',1119),(1234,NULL,35,NULL,1,'A07 64GB','351416733193588',430,'2026-05-18 14:07:34',NULL,NULL,NULL,'2026-05-15 17:44:45','2026-05-18 14:07:34',903),(1235,NULL,35,NULL,1,'A07 64GB','351416733193950',430,'2026-05-18 12:04:31',NULL,NULL,NULL,'2026-05-15 17:44:45','2026-05-18 12:04:31',889),(1236,NULL,35,NULL,1,'A07 64GB','351416733194719',430,'2026-05-26 12:28:58',NULL,NULL,NULL,'2026-05-15 17:44:45','2026-05-26 12:28:58',1209),(1237,NULL,35,NULL,1,'A07 64GB','351416733194107',430,'2026-05-18 12:00:43',NULL,NULL,NULL,'2026-05-15 17:44:45','2026-05-18 12:00:43',888),(1238,NULL,35,NULL,1,'A07 64GB','351416733194263',430,'2026-05-19 08:46:10',NULL,NULL,NULL,'2026-05-15 17:44:45','2026-05-19 08:46:10',935),(1239,NULL,35,NULL,1,'A07 64GB','351416733195419',430,'2026-05-21 10:13:30',NULL,NULL,NULL,'2026-05-15 17:44:45','2026-05-21 10:13:30',1041),(1240,NULL,35,NULL,1,'A07 64GB','351416733194032',430,'2026-05-20 11:14:08',NULL,NULL,NULL,'2026-05-15 17:44:45','2026-05-20 11:14:08',998),(1241,NULL,35,NULL,1,'A07 64GB','351416733193604',430,'2026-05-18 15:55:03',NULL,NULL,NULL,'2026-05-15 17:44:45','2026-05-18 15:55:03',912),(1242,NULL,35,NULL,1,'A07 64GB','351416733193836',430,'2026-05-20 10:22:37',NULL,NULL,NULL,'2026-05-15 17:44:45','2026-05-20 10:22:37',996),(1243,NULL,35,NULL,1,'A07 64GB','351416733193570',430,'2026-05-18 13:12:00',NULL,NULL,NULL,'2026-05-15 17:44:45','2026-05-18 13:12:00',894),(1244,NULL,35,NULL,1,'A07 64GB','351416733193422',430,'2026-05-18 16:44:30',NULL,NULL,NULL,'2026-05-15 17:44:45','2026-05-18 16:44:30',921),(1245,NULL,35,NULL,1,'A07 64GB','351416733187127',430,'2026-05-18 10:35:47',NULL,NULL,NULL,'2026-05-15 17:44:45','2026-05-18 10:35:47',877),(1246,NULL,35,NULL,1,'A07 64GB','351416733178308',430,'2026-05-21 12:47:47',NULL,NULL,NULL,'2026-05-15 17:44:45','2026-05-21 12:47:47',1054),(1247,NULL,35,NULL,1,'A07 64GB','351416733178324',430,'2026-05-19 15:05:09',NULL,NULL,NULL,'2026-05-15 17:44:45','2026-05-19 15:05:09',965),(1248,NULL,35,NULL,1,'A07 64GB','351416737093172',430,NULL,NULL,NULL,NULL,'2026-05-15 17:44:45','2026-05-15 17:44:45',NULL),(1249,NULL,35,NULL,1,'A07 64GB','351416737092968',430,NULL,NULL,NULL,NULL,'2026-05-15 17:44:45','2026-05-15 17:44:45',NULL),(1250,NULL,35,NULL,1,'A07 64GB','351416737093206',430,NULL,NULL,NULL,NULL,'2026-05-15 17:44:45','2026-05-15 17:44:45',NULL),(1251,NULL,35,NULL,1,'A07 64GB','351416737087810',430,NULL,NULL,NULL,NULL,'2026-05-15 17:44:45','2026-05-15 17:44:45',NULL),(1252,NULL,35,NULL,1,'A07 64GB','351416737087869',430,NULL,NULL,NULL,NULL,'2026-05-15 17:44:45','2026-05-15 17:44:45',NULL),(1253,NULL,35,NULL,1,'A07 64GB','351416737087943',430,NULL,NULL,NULL,NULL,'2026-05-15 17:44:45','2026-05-15 17:44:45',NULL),(1254,NULL,35,NULL,1,'A07 64GB','351416737088313',430,NULL,NULL,NULL,NULL,'2026-05-15 17:44:45','2026-05-15 17:44:45',NULL),(1255,NULL,35,NULL,1,'A07 64GB','351416737087778',430,NULL,NULL,NULL,NULL,'2026-05-15 17:44:45','2026-05-15 17:44:45',NULL),(1256,NULL,35,NULL,1,'A07 64GB','351416737088297',430,NULL,NULL,NULL,NULL,'2026-05-15 17:44:45','2026-05-15 17:44:45',NULL),(1257,NULL,35,NULL,1,'A07 64GB','351416737087794',430,NULL,NULL,NULL,NULL,'2026-05-15 17:44:45','2026-05-15 17:44:45',NULL),(1258,NULL,35,NULL,1,'A07 64GB','351416737092786',430,NULL,NULL,NULL,NULL,'2026-05-15 17:44:45','2026-05-15 17:44:45',NULL),(1259,NULL,35,NULL,1,'A07 64GB','351416737087968',430,NULL,NULL,NULL,NULL,'2026-05-15 17:44:45','2026-05-15 17:44:45',NULL),(1260,NULL,35,NULL,1,'A07 64GB','351416737087786',430,NULL,NULL,NULL,NULL,'2026-05-15 17:44:45','2026-05-15 17:44:45',NULL),(1261,NULL,35,NULL,1,'A07 64GB','351416737087661',430,NULL,NULL,NULL,NULL,'2026-05-15 17:44:45','2026-05-15 17:44:45',NULL),(1262,NULL,35,NULL,1,'A07 64GB','351416737087851',430,NULL,NULL,NULL,NULL,'2026-05-15 17:44:45','2026-05-15 17:44:45',NULL),(1263,NULL,35,NULL,1,'A07 64GB','351416737087893',430,NULL,NULL,NULL,NULL,'2026-05-15 17:44:45','2026-05-15 17:44:45',NULL),(1264,NULL,35,NULL,1,'A07 64GB','351416737087950',430,NULL,NULL,NULL,NULL,'2026-05-15 17:44:45','2026-05-15 17:44:45',NULL),(1265,NULL,35,NULL,1,'A07 64GB','351416737087885',430,NULL,NULL,NULL,NULL,'2026-05-15 17:44:45','2026-05-15 17:44:45',NULL),(1266,NULL,35,NULL,1,'A07 64GB','351416737087844',430,NULL,NULL,NULL,NULL,'2026-05-15 17:44:45','2026-05-15 17:44:45',NULL),(1267,NULL,35,NULL,1,'A07 64GB','351416737087901',430,NULL,NULL,NULL,NULL,'2026-05-15 17:44:45','2026-05-15 17:44:45',NULL),(1268,NULL,35,NULL,1,'A07 64GB','350151140582393',430,NULL,NULL,NULL,NULL,'2026-05-15 17:44:45','2026-05-15 17:44:45',NULL),(1269,NULL,35,NULL,1,'A07 64GB','350151140595437',430,'2026-05-25 06:31:04',NULL,NULL,NULL,'2026-05-15 17:44:45','2026-05-25 06:31:04',1145),(1270,NULL,35,NULL,1,'A07 64GB','350151140605442',430,'2026-05-25 13:47:52',NULL,NULL,NULL,'2026-05-15 17:44:45','2026-05-25 13:47:52',1162),(1271,NULL,35,NULL,1,'A07 64GB','350151140605848',430,NULL,NULL,NULL,NULL,'2026-05-15 17:44:45','2026-05-15 17:44:45',NULL),(1272,NULL,35,NULL,1,'A07 64GB','350151140606572',430,NULL,NULL,NULL,NULL,'2026-05-15 17:44:45','2026-05-15 17:44:45',NULL),(1273,NULL,35,NULL,1,'A07 64GB','350151140606598',430,NULL,NULL,NULL,NULL,'2026-05-15 17:44:45','2026-05-15 17:44:45',NULL),(1274,NULL,35,NULL,1,'A07 64GB','350151140606648',430,NULL,NULL,NULL,NULL,'2026-05-15 17:44:45','2026-05-15 17:44:45',NULL),(1275,NULL,35,NULL,1,'A07 64GB','350151140605103',430,'2026-05-23 10:01:08',NULL,NULL,NULL,'2026-05-15 17:44:45','2026-05-23 10:01:08',1109),(1276,NULL,35,NULL,1,'A07 64GB','350151140605186',430,NULL,NULL,NULL,NULL,'2026-05-15 17:44:45','2026-05-15 17:44:45',NULL),(1277,NULL,35,NULL,1,'A07 64GB','350151140605251',430,'2026-05-26 15:34:54',NULL,NULL,NULL,'2026-05-15 17:44:45','2026-05-26 15:34:54',1216),(1278,NULL,35,NULL,1,'A07 64GB','350151140594323',430,'2026-05-21 10:54:44',NULL,NULL,NULL,'2026-05-15 17:44:45','2026-05-21 10:54:44',1044),(1279,NULL,35,NULL,1,'A07 64GB','350151140605343',430,NULL,NULL,NULL,NULL,'2026-05-15 17:44:45','2026-05-15 17:44:45',NULL),(1280,NULL,35,NULL,1,'A07 64GB','350151140605020',430,'2026-05-25 12:45:14',NULL,NULL,NULL,'2026-05-15 17:44:45','2026-05-25 12:45:14',1158),(1281,NULL,35,NULL,1,'A07 64GB','350151140605178',430,'2026-05-21 14:24:16',NULL,NULL,NULL,'2026-05-15 17:44:45','2026-05-21 14:24:16',1059),(1282,NULL,35,NULL,1,'A07 64GB','350151140605228',430,NULL,NULL,NULL,NULL,'2026-05-15 17:44:45','2026-05-15 17:44:45',NULL),(1283,NULL,35,NULL,1,'A07 64GB','350151140605673',430,'2026-05-25 15:02:18',NULL,NULL,NULL,'2026-05-15 17:44:45','2026-05-25 15:02:18',1166),(1284,NULL,35,NULL,1,'A07 64GB','350151140606580',430,'2026-05-25 17:15:30',NULL,NULL,NULL,'2026-05-15 17:44:45','2026-05-25 17:15:30',1180),(1285,NULL,35,NULL,1,'A07 64GB','350151140606432',430,'2026-05-28 09:52:58',NULL,NULL,NULL,'2026-05-15 17:44:45','2026-05-28 09:52:58',1242),(1286,NULL,35,NULL,1,'A07 64GB','350151140606663',430,'2026-05-23 16:47:18',NULL,NULL,NULL,'2026-05-15 17:44:45','2026-05-23 16:47:18',1124),(1287,NULL,35,NULL,1,'A07 64GB','350151140606606',430,'2026-05-25 18:35:38',NULL,NULL,NULL,'2026-05-15 17:44:45','2026-05-25 18:35:38',1190),(1288,NULL,35,NULL,1,'A07 64GB','351416731360759',430,NULL,NULL,NULL,NULL,'2026-05-15 17:44:45','2026-05-15 17:44:45',NULL),(1289,NULL,35,NULL,1,'A07 64GB','351416731360676',430,NULL,NULL,NULL,NULL,'2026-05-15 17:44:45','2026-05-15 17:44:45',NULL),(1290,NULL,35,NULL,1,'A07 64GB','351416731360726',430,NULL,NULL,NULL,NULL,'2026-05-15 17:44:45','2026-05-15 17:44:45',NULL),(1291,NULL,35,NULL,1,'A07 64GB','351416731360684',430,NULL,NULL,NULL,NULL,'2026-05-15 17:44:45','2026-05-15 17:44:45',NULL),(1292,NULL,35,NULL,1,'A07 64GB','351416731360668',430,NULL,NULL,NULL,NULL,'2026-05-15 17:44:45','2026-05-15 17:44:45',NULL),(1293,NULL,35,NULL,1,'A07 64GB','351416731359892',430,NULL,NULL,NULL,NULL,'2026-05-15 17:44:46','2026-05-15 17:44:46',NULL),(1294,NULL,35,NULL,1,'A07 64GB','351416731360627',430,NULL,NULL,NULL,NULL,'2026-05-15 17:44:46','2026-05-15 17:44:46',NULL),(1295,NULL,35,NULL,1,'A07 64GB','351416731360635',430,NULL,NULL,NULL,NULL,'2026-05-15 17:44:46','2026-05-15 17:44:46',NULL),(1296,NULL,35,NULL,1,'A07 64GB','351416731360734',430,NULL,NULL,NULL,NULL,'2026-05-15 17:44:46','2026-05-15 17:44:46',NULL),(1297,NULL,35,NULL,1,'A07 64GB','351416731360544',430,NULL,NULL,NULL,NULL,'2026-05-15 17:44:46','2026-05-15 17:44:46',NULL),(1298,NULL,35,NULL,1,'A07 64GB','351416731360650',430,NULL,NULL,NULL,NULL,'2026-05-15 17:44:46','2026-05-15 17:44:46',NULL),(1299,NULL,35,NULL,1,'A07 64GB','351416731360643',430,NULL,NULL,NULL,NULL,'2026-05-15 17:44:46','2026-05-15 17:44:46',NULL),(1300,NULL,35,NULL,1,'A07 64GB','351416731360767',430,NULL,NULL,NULL,NULL,'2026-05-15 17:44:46','2026-05-15 17:44:46',NULL),(1301,NULL,35,NULL,1,'A07 64GB','351416731360338',430,NULL,NULL,NULL,NULL,'2026-05-15 17:44:46','2026-05-15 17:44:46',NULL),(1302,NULL,35,NULL,1,'A07 64GB','351416731360718',430,NULL,NULL,NULL,NULL,'2026-05-15 17:44:46','2026-05-15 17:44:46',NULL),(1303,NULL,35,NULL,1,'A07 64GB','351416731360551',430,NULL,NULL,NULL,NULL,'2026-05-15 17:44:46','2026-05-15 17:44:46',NULL),(1304,NULL,35,NULL,1,'A07 64GB','351416731360569',430,NULL,NULL,NULL,NULL,'2026-05-15 17:44:46','2026-05-15 17:44:46',NULL),(1305,NULL,35,NULL,1,'A07 64GB','351416731360577',430,NULL,NULL,NULL,NULL,'2026-05-15 17:44:46','2026-05-15 17:44:46',NULL),(1306,NULL,35,NULL,1,'A07 64GB','351416731360775',430,NULL,NULL,NULL,NULL,'2026-05-15 17:44:46','2026-05-15 17:44:46',NULL),(1307,NULL,35,NULL,1,'A07 64GB','351416731360742',430,NULL,NULL,NULL,NULL,'2026-05-15 17:44:46','2026-05-15 17:44:46',NULL),(1308,NULL,35,NULL,1,'A07 64GB','350151140590305',430,'2026-05-20 14:52:28',NULL,NULL,NULL,'2026-05-15 17:44:46','2026-05-20 14:52:28',1016),(1309,NULL,35,NULL,1,'A07 64GB','350151140590248',430,'2026-05-19 15:52:36',NULL,NULL,NULL,'2026-05-15 17:44:46','2026-05-19 15:52:36',970),(1310,NULL,35,NULL,1,'A07 64GB','350151140590115',430,'2026-05-24 14:48:39',NULL,NULL,NULL,'2026-05-15 17:44:46','2026-05-24 14:48:39',1144),(1311,NULL,35,NULL,1,'A07 64GB','350151140590073',430,NULL,NULL,NULL,NULL,'2026-05-15 17:44:46','2026-05-15 17:44:46',NULL),(1312,NULL,35,NULL,1,'A07 64GB','350151140589539',430,'2026-05-24 14:05:17',NULL,NULL,NULL,'2026-05-15 17:44:46','2026-05-24 14:05:17',1142),(1313,NULL,35,NULL,1,'A07 64GB','350151140586105',430,'2026-05-20 14:34:48',NULL,NULL,NULL,'2026-05-15 17:44:46','2026-05-20 14:34:48',1013),(1314,NULL,35,NULL,1,'A07 64GB','350151140589018',430,NULL,NULL,NULL,NULL,'2026-05-15 17:44:46','2026-05-15 17:44:46',NULL),(1315,NULL,35,NULL,1,'A07 64GB','350151140585743',430,'2026-05-25 16:18:27',NULL,NULL,NULL,'2026-05-15 17:44:46','2026-05-25 16:18:27',1173),(1316,NULL,35,NULL,1,'A07 64GB','350151140588994',430,NULL,NULL,NULL,NULL,'2026-05-15 17:44:46','2026-05-15 17:44:46',NULL),(1317,NULL,35,NULL,1,'A07 64GB','350151140585669',430,NULL,NULL,NULL,NULL,'2026-05-15 17:44:46','2026-05-15 17:44:46',NULL),(1318,NULL,35,NULL,1,'A07 64GB','350151140583631',430,'2026-05-22 15:20:06',NULL,NULL,NULL,'2026-05-15 17:44:46','2026-05-22 15:20:06',1093),(1319,NULL,35,NULL,1,'A07 64GB','350151140585115',430,NULL,NULL,NULL,NULL,'2026-05-15 17:44:46','2026-05-15 17:44:46',NULL),(1320,NULL,35,NULL,1,'A07 64GB','350151140570901',430,'2026-05-25 15:33:50',NULL,NULL,NULL,'2026-05-15 17:44:46','2026-05-25 15:33:50',1169),(1321,NULL,35,NULL,1,'A07 64GB','350151140578219',430,'2026-05-20 18:01:41',NULL,NULL,NULL,'2026-05-15 17:44:46','2026-05-20 18:01:41',1026),(1322,NULL,35,NULL,1,'A07 64GB','350151140585701',430,'2026-05-28 08:42:45',NULL,NULL,NULL,'2026-05-15 17:44:46','2026-05-28 08:42:45',1237),(1323,NULL,35,NULL,1,'A07 64GB','350151140590297',430,'2026-05-20 12:04:45',NULL,NULL,NULL,'2026-05-15 17:44:46','2026-05-20 12:04:45',1001),(1324,NULL,35,NULL,1,'A07 64GB','350151140590081',430,'2026-05-25 16:25:38',NULL,NULL,NULL,'2026-05-15 17:44:46','2026-05-25 16:25:38',1174),(1325,NULL,35,NULL,1,'A07 64GB','350151140589182',430,'2026-05-24 10:49:04',NULL,NULL,NULL,'2026-05-15 17:44:46','2026-05-24 10:49:04',1135),(1326,NULL,35,NULL,1,'A07 64GB','350151140589984',430,'2026-05-20 08:53:19',NULL,NULL,NULL,'2026-05-15 17:44:46','2026-05-20 08:53:19',987),(1327,NULL,35,NULL,1,'A07 64GB','350151140590180',430,'2026-05-19 10:01:12',NULL,NULL,NULL,'2026-05-15 17:44:46','2026-05-19 10:01:12',939),(1328,NULL,35,NULL,1,'A07 64GB','350151141936200',430,'2026-05-20 16:56:59',NULL,NULL,NULL,'2026-05-15 17:44:46','2026-05-20 16:56:59',1024),(1329,NULL,35,NULL,1,'A07 64GB','350151141936218',430,'2026-05-18 15:05:28',NULL,NULL,NULL,'2026-05-15 17:44:46','2026-05-18 15:05:28',907),(1330,NULL,35,NULL,1,'A07 64GB','350151141936317',430,'2026-05-27 11:34:05',NULL,NULL,NULL,'2026-05-15 17:44:46','2026-05-27 11:34:05',1224),(1331,NULL,35,NULL,1,'A07 64GB','350151141936390',430,NULL,NULL,NULL,NULL,'2026-05-15 17:44:46','2026-05-15 17:44:46',NULL),(1332,NULL,35,NULL,1,'A07 64GB','350151141936408',430,NULL,NULL,NULL,NULL,'2026-05-15 17:44:46','2026-05-15 17:44:46',NULL),(1333,NULL,35,NULL,1,'A07 64GB','350151141936424',430,'2026-05-20 07:16:33',NULL,NULL,NULL,'2026-05-15 17:44:46','2026-05-20 07:16:33',981),(1334,NULL,35,NULL,1,'A07 64GB','350151141936440',430,'2026-05-18 09:02:19',NULL,NULL,NULL,'2026-05-15 17:44:46','2026-05-18 09:02:19',870),(1335,NULL,35,NULL,1,'A07 64GB','350151141936523',430,'2026-05-23 19:05:58',NULL,NULL,NULL,'2026-05-15 17:44:46','2026-05-23 19:05:58',1131),(1336,NULL,35,NULL,1,'A07 64GB','350151141936549',430,NULL,NULL,NULL,NULL,'2026-05-15 17:44:46','2026-05-15 17:44:46',NULL),(1337,NULL,35,NULL,1,'A07 64GB','350151141936606',430,'2026-05-18 08:47:09',NULL,NULL,NULL,'2026-05-15 17:44:46','2026-05-18 08:47:09',869),(1338,NULL,35,NULL,1,'A07 64GB','350151141936721',430,'2026-05-18 15:07:53',NULL,NULL,NULL,'2026-05-15 17:44:46','2026-05-18 15:07:53',909),(1339,NULL,35,NULL,1,'A07 64GB','350151141936739',430,'2026-05-19 16:49:47',NULL,NULL,NULL,'2026-05-15 17:44:46','2026-05-19 16:49:47',974),(1340,NULL,35,NULL,1,'A07 64GB','350151141936754',430,NULL,NULL,NULL,NULL,'2026-05-15 17:44:46','2026-05-15 17:44:46',NULL),(1341,NULL,35,NULL,1,'A07 64GB','350151141936820',430,'2026-05-21 08:27:50',NULL,NULL,NULL,'2026-05-15 17:44:46','2026-05-21 08:27:50',1033),(1342,NULL,35,NULL,1,'A07 64GB','350151141937752',430,'2026-05-20 10:17:15',NULL,NULL,NULL,'2026-05-15 17:44:46','2026-05-20 10:17:15',994),(1343,NULL,35,NULL,1,'A07 64GB','350151141937893',430,'2026-05-18 15:57:44',NULL,NULL,NULL,'2026-05-15 17:44:46','2026-05-18 15:57:44',913),(1344,NULL,35,NULL,1,'A07 64GB','350151141938032',430,NULL,NULL,NULL,NULL,'2026-05-15 17:44:46','2026-05-15 17:44:46',NULL),(1345,NULL,35,NULL,1,'A07 64GB','350151141938107',430,NULL,NULL,NULL,NULL,'2026-05-15 17:44:46','2026-05-15 17:44:46',NULL),(1346,NULL,35,NULL,1,'A07 64GB','350151141938487',430,'2026-05-19 12:06:39',NULL,NULL,NULL,'2026-05-15 17:44:46','2026-05-19 12:06:39',950),(1347,NULL,35,NULL,1,'A07 64GB','350151141936622',430,'2026-05-18 16:09:08',NULL,NULL,NULL,'2026-05-15 17:44:46','2026-05-18 16:09:08',914),(1348,NULL,35,NULL,1,'A07 64GB','351416736521868',430,'2026-05-26 16:38:14',NULL,NULL,NULL,'2026-05-15 17:44:46','2026-05-26 16:38:14',1217),(1349,NULL,35,NULL,1,'A07 64GB','351416736494520',430,'2026-05-19 18:29:19',NULL,NULL,NULL,'2026-05-15 17:44:46','2026-05-19 18:29:19',977),(1350,NULL,35,NULL,1,'A07 64GB','351416736494587',430,NULL,NULL,NULL,NULL,'2026-05-15 17:44:46','2026-05-15 17:44:46',NULL),(1351,NULL,35,NULL,1,'A07 64GB','351416736494249',430,'2026-05-22 10:26:45',NULL,NULL,NULL,'2026-05-15 17:44:46','2026-05-22 10:26:45',1079),(1352,NULL,35,NULL,1,'A07 64GB','351416736511802',430,'2026-05-22 10:32:55',NULL,NULL,NULL,'2026-05-15 17:44:46','2026-05-22 10:32:55',1080),(1353,NULL,35,NULL,1,'A07 64GB','351416736494538',430,'2026-05-20 18:18:50',NULL,NULL,NULL,'2026-05-15 17:44:46','2026-05-20 18:18:50',1029),(1354,NULL,35,NULL,1,'A07 64GB','351416736494314',430,'2026-05-19 10:51:44',NULL,NULL,NULL,'2026-05-15 17:44:46','2026-05-19 10:51:44',943),(1355,NULL,35,NULL,1,'A07 64GB','351416736513485',430,NULL,NULL,NULL,NULL,'2026-05-15 17:44:46','2026-05-15 17:44:46',NULL),(1356,NULL,35,NULL,1,'A07 64GB','351416736494470',430,'2026-05-20 16:17:15',NULL,NULL,NULL,'2026-05-15 17:44:46','2026-05-20 16:17:15',1022),(1357,NULL,35,NULL,1,'A07 64GB','351416736510499',430,'2026-05-19 11:06:06',NULL,NULL,NULL,'2026-05-15 17:44:46','2026-05-19 11:06:06',945),(1358,NULL,35,NULL,1,'A07 64GB','351416736518948',430,NULL,NULL,NULL,NULL,'2026-05-15 17:44:46','2026-05-15 17:44:46',NULL),(1359,NULL,35,NULL,1,'A07 64GB','351416736522577',430,NULL,NULL,NULL,NULL,'2026-05-15 17:44:46','2026-05-15 17:44:46',NULL),(1360,NULL,35,NULL,1,'A07 64GB','351416736523187',430,'2026-05-25 18:17:30',NULL,NULL,NULL,'2026-05-15 17:44:46','2026-05-25 18:17:30',1188),(1361,NULL,35,NULL,1,'A07 64GB','351416736494603',430,NULL,NULL,NULL,NULL,'2026-05-15 17:44:46','2026-05-15 17:44:46',NULL),(1362,NULL,35,NULL,1,'A07 64GB','351416736513428',430,'2026-05-20 08:55:47',NULL,NULL,NULL,'2026-05-15 17:44:46','2026-05-20 08:55:47',988),(1363,NULL,35,NULL,1,'A07 64GB','351416736494561',430,'2026-05-23 09:38:56',NULL,NULL,NULL,'2026-05-15 17:44:46','2026-05-23 09:38:56',1108),(1364,NULL,35,NULL,1,'A07 64GB','351416736494439',430,'2026-05-22 11:31:24',NULL,NULL,NULL,'2026-05-15 17:44:46','2026-05-22 11:31:24',1084),(1365,NULL,35,NULL,1,'A07 64GB','351416736494488',430,'2026-05-28 16:47:55',NULL,NULL,NULL,'2026-05-15 17:44:46','2026-05-28 16:47:55',1254),(1366,NULL,35,NULL,1,'A07 64GB','351416736521843',430,NULL,NULL,NULL,NULL,'2026-05-15 17:44:46','2026-05-15 17:44:46',NULL),(1367,NULL,35,NULL,1,'A07 64GB','351416736494256',430,'2026-05-25 18:44:23',NULL,NULL,NULL,'2026-05-15 17:44:46','2026-05-25 18:44:23',1191),(1368,NULL,35,NULL,1,'A07 64GB','351416735788310',430,'2026-05-25 17:10:04',NULL,NULL,NULL,'2026-05-15 17:44:46','2026-05-25 17:10:04',1179),(1369,NULL,35,NULL,1,'A07 64GB','351416735763602',430,'2026-05-24 07:09:44',NULL,NULL,NULL,'2026-05-15 17:44:46','2026-05-24 07:09:44',1132),(1370,NULL,35,NULL,1,'A07 64GB','351416735788179',430,'2026-05-20 10:17:54',NULL,NULL,NULL,'2026-05-15 17:44:46','2026-05-20 10:17:54',995),(1371,NULL,35,NULL,1,'A07 64GB','351416735788757',430,'2026-05-21 12:20:42',NULL,NULL,NULL,'2026-05-15 17:44:46','2026-05-21 12:20:42',1051),(1372,NULL,35,NULL,1,'A07 64GB','351416735787882',430,NULL,NULL,NULL,NULL,'2026-05-15 17:44:46','2026-05-15 17:44:46',NULL),(1373,NULL,35,NULL,1,'A07 64GB','351416735788385',430,'2026-05-20 13:09:03',NULL,NULL,NULL,'2026-05-15 17:44:46','2026-05-20 13:09:03',1006),(1374,NULL,35,NULL,1,'A07 64GB','351416735788740',430,NULL,NULL,NULL,NULL,'2026-05-15 17:44:46','2026-05-15 17:44:46',NULL),(1375,NULL,35,NULL,1,'A07 64GB','351416735788674',430,'2026-05-25 10:28:54',NULL,NULL,NULL,'2026-05-15 17:44:46','2026-05-25 10:28:54',1152),(1376,NULL,35,NULL,1,'A07 64GB','351416735788443',430,'2026-05-21 18:33:48',NULL,NULL,NULL,'2026-05-15 17:44:46','2026-05-21 18:33:48',1071),(1377,NULL,35,NULL,1,'A07 64GB','351416735788765',430,NULL,NULL,NULL,NULL,'2026-05-15 17:44:46','2026-05-15 17:44:46',NULL),(1378,NULL,35,NULL,1,'A07 64GB','351416735787734',430,NULL,NULL,NULL,NULL,'2026-05-15 17:44:46','2026-05-15 17:44:46',NULL),(1379,NULL,35,NULL,1,'A07 64GB','351416735788575',430,'2026-05-25 12:28:04',NULL,NULL,NULL,'2026-05-15 17:44:46','2026-05-25 12:28:04',1155),(1380,NULL,35,NULL,1,'A07 64GB','351416735779343',430,'2026-05-22 18:16:46',NULL,NULL,NULL,'2026-05-15 17:44:46','2026-05-22 18:16:46',1103),(1381,NULL,35,NULL,1,'A07 64GB','351416735788864',430,'2026-05-22 18:09:35',NULL,NULL,NULL,'2026-05-15 17:44:46','2026-05-22 18:09:35',1102),(1382,NULL,35,NULL,1,'A07 64GB','351416735788112',430,NULL,NULL,NULL,NULL,'2026-05-15 17:44:46','2026-05-15 17:44:46',NULL),(1383,NULL,35,NULL,1,'A07 64GB','351416735788849',430,'2026-05-25 11:28:00',NULL,NULL,NULL,'2026-05-15 17:44:46','2026-05-25 11:28:00',1153),(1384,NULL,35,NULL,1,'A07 64GB','351416735788534',430,'2026-05-25 13:48:04',NULL,NULL,NULL,'2026-05-15 17:44:46','2026-05-25 13:48:04',1163),(1385,NULL,35,NULL,1,'A07 64GB','351416735788302',430,'2026-05-25 16:16:19',NULL,NULL,NULL,'2026-05-15 17:44:46','2026-05-25 16:16:19',1172),(1386,NULL,35,NULL,1,'A07 64GB','351416735788518',430,'2026-05-21 09:46:07',NULL,NULL,NULL,'2026-05-15 17:44:46','2026-05-21 09:46:07',1038),(1387,NULL,35,NULL,1,'A07 64GB','351416735787601',430,'2026-05-22 10:41:11',NULL,NULL,NULL,'2026-05-15 17:44:46','2026-05-22 10:41:11',1081),(1388,NULL,32,NULL,1,'A07 64GB','351416735788799',430,'2026-05-19 10:59:22',NULL,NULL,NULL,'2026-05-15 18:42:53','2026-05-19 10:59:22',944),(1389,NULL,32,NULL,1,'A07 64GB','351416735788856',430,'2026-05-22 12:59:22',NULL,NULL,NULL,'2026-05-15 18:42:53','2026-05-22 12:59:22',1087),(1390,NULL,32,NULL,1,'A07 64GB','351416735789060',430,NULL,NULL,NULL,NULL,'2026-05-15 18:42:53','2026-05-15 18:42:53',NULL),(1391,NULL,32,NULL,1,'A07 64GB','351416735789029',430,'2026-05-21 13:54:23',NULL,NULL,NULL,'2026-05-15 18:42:53','2026-05-21 13:54:23',1057),(1392,NULL,32,NULL,1,'A07 64GB','351416735788773',430,NULL,NULL,NULL,NULL,'2026-05-15 18:42:53','2026-05-15 18:42:53',NULL),(1393,NULL,32,NULL,1,'A07 64GB','351416735787866',430,'2026-05-21 17:55:02',NULL,NULL,NULL,'2026-05-15 18:42:53','2026-05-21 17:55:02',1069),(1394,NULL,32,NULL,1,'A07 64GB','351416735779053',430,NULL,NULL,NULL,NULL,'2026-05-15 18:42:53','2026-05-15 18:42:53',NULL),(1395,NULL,32,NULL,1,'A07 64GB','351416735778741',430,'2026-05-23 12:47:30',NULL,NULL,NULL,'2026-05-15 18:42:53','2026-05-23 12:47:30',1115),(1396,NULL,32,NULL,1,'A07 64GB','351416735789045',430,'2026-05-18 12:25:21',NULL,NULL,NULL,'2026-05-15 18:42:53','2026-05-18 12:25:21',891),(1397,NULL,32,NULL,1,'A07 64GB','351416735788955',430,'2026-05-21 09:58:53',NULL,NULL,NULL,'2026-05-15 18:42:53','2026-05-21 09:58:53',1039),(1398,NULL,32,NULL,1,'A07 64GB','351416736518237',430,'2026-05-20 11:46:09',NULL,NULL,NULL,'2026-05-15 19:05:42','2026-05-20 11:46:09',1000),(1399,NULL,32,NULL,1,'A07 64GB','351416736513287',430,'2026-05-18 16:18:27',NULL,NULL,NULL,'2026-05-15 19:05:42','2026-05-18 16:18:27',916),(1400,NULL,32,NULL,1,'A07 64GB','351416736522171',430,'2026-05-18 15:06:03',NULL,NULL,NULL,'2026-05-15 19:05:42','2026-05-18 15:06:03',908),(1401,NULL,32,NULL,1,'A07 64GB','351416736521934',430,'2026-05-21 16:19:52',NULL,NULL,NULL,'2026-05-15 19:05:42','2026-05-21 16:19:52',1065),(1402,NULL,32,NULL,1,'A07 64GB','351416736521546',430,'2026-05-18 14:02:44',NULL,NULL,NULL,'2026-05-15 19:05:42','2026-05-18 14:02:44',902),(1403,NULL,32,NULL,1,'A07 64GB','351416736513097',430,'2026-05-18 15:08:03',NULL,NULL,NULL,'2026-05-15 19:05:42','2026-05-18 15:08:03',910),(1404,NULL,32,NULL,1,'A07 64GB','351416736521728',430,'2026-05-18 17:07:00',NULL,NULL,NULL,'2026-05-15 19:05:42','2026-05-18 17:07:00',924),(1405,NULL,32,NULL,1,'A07 64GB','351416736515605',430,'2026-05-20 07:57:20',NULL,NULL,NULL,'2026-05-15 19:05:42','2026-05-20 07:57:20',983),(1406,NULL,32,NULL,1,'A07 64GB','351416736512735',430,'2026-05-19 13:03:32',NULL,NULL,NULL,'2026-05-15 19:05:42','2026-05-19 13:03:32',954),(1407,NULL,32,NULL,1,'A07 64GB','351416736522197',430,'2026-05-21 09:21:45',NULL,NULL,NULL,'2026-05-15 19:05:42','2026-05-21 09:21:45',1036),(1408,NULL,32,NULL,1,'A07 64GB','351416736512982',430,'2026-05-17 10:37:42',NULL,NULL,NULL,'2026-05-15 19:05:42','2026-05-17 10:37:42',854),(1409,NULL,32,NULL,1,'A07 64GB','351416736512701',430,'2026-05-18 12:28:57',NULL,NULL,NULL,'2026-05-15 19:05:42','2026-05-18 12:28:57',892),(1410,NULL,32,NULL,1,'A07 64GB','351416736522106',430,'2026-05-18 15:03:23',NULL,NULL,NULL,'2026-05-15 19:05:42','2026-05-18 15:03:23',905),(1411,NULL,32,NULL,1,'A07 64GB','351416736521645',430,'2026-05-22 16:43:17',NULL,NULL,NULL,'2026-05-15 19:05:42','2026-05-22 16:43:17',1101),(1412,NULL,32,NULL,1,'A07 64GB','351416736512859',430,'2026-05-19 14:46:48',NULL,NULL,NULL,'2026-05-15 19:05:42','2026-05-19 14:46:48',962),(1413,NULL,32,NULL,1,'A07 64GB','351416736513089',430,'2026-05-21 14:33:36',NULL,NULL,NULL,'2026-05-15 19:05:42','2026-05-21 14:33:36',1062),(1414,NULL,32,NULL,1,'A07 64GB','351416736521207',430,'2026-05-21 11:15:50',NULL,NULL,NULL,'2026-05-15 19:05:42','2026-05-21 11:15:50',1045),(1415,NULL,32,NULL,1,'A07 64GB','351416736521819',430,'2026-05-19 11:44:50',NULL,NULL,NULL,'2026-05-15 19:05:42','2026-05-19 11:44:50',948),(1416,NULL,32,NULL,1,'A07 64GB','351416736512750',430,'2026-05-19 11:43:29',NULL,NULL,NULL,'2026-05-15 19:05:42','2026-05-19 11:43:29',947),(1417,NULL,32,NULL,1,'A07 64GB','351416736521611',430,'2026-05-20 07:06:50',NULL,NULL,NULL,'2026-05-15 19:05:42','2026-05-20 07:06:50',978),(1418,NULL,32,NULL,1,'A07 64GB','351416736518906',430,NULL,NULL,NULL,NULL,'2026-05-15 19:05:42','2026-05-15 19:05:42',NULL),(1419,NULL,32,NULL,1,'A07 64GB','351416736522296',430,NULL,NULL,NULL,NULL,'2026-05-15 19:05:42','2026-05-15 19:05:42',NULL),(1420,NULL,32,NULL,1,'A07 64GB','351416736522338',430,NULL,NULL,NULL,NULL,'2026-05-15 19:05:42','2026-05-15 19:05:42',NULL),(1421,NULL,32,NULL,1,'A07 64GB','351416736522957',430,NULL,NULL,NULL,NULL,'2026-05-15 19:05:42','2026-05-15 19:05:42',NULL),(1422,NULL,32,NULL,1,'A07 64GB','351416736523500',430,NULL,NULL,NULL,NULL,'2026-05-15 19:05:42','2026-05-15 19:05:42',NULL),(1423,NULL,32,NULL,1,'A07 64GB','351416736522924',430,NULL,NULL,NULL,NULL,'2026-05-15 19:05:42','2026-05-15 19:05:42',NULL),(1424,NULL,32,NULL,1,'A07 64GB','351416736519649',430,NULL,NULL,NULL,NULL,'2026-05-15 19:05:42','2026-05-15 19:05:42',NULL),(1425,NULL,32,NULL,1,'A07 64GB','351416736511679',430,NULL,NULL,NULL,NULL,'2026-05-15 19:05:42','2026-05-15 19:05:42',NULL),(1426,NULL,32,NULL,1,'A07 64GB','351416736521967',430,NULL,NULL,NULL,NULL,'2026-05-15 19:05:42','2026-05-15 19:05:42',NULL),(1427,NULL,32,NULL,1,'A07 64GB','351416736523526',430,NULL,NULL,NULL,NULL,'2026-05-15 19:05:42','2026-05-15 19:05:42',NULL),(1428,NULL,32,NULL,1,'A07 64GB','351416736523617',430,NULL,NULL,NULL,NULL,'2026-05-15 19:05:42','2026-05-15 19:05:42',NULL),(1429,NULL,32,NULL,1,'A07 64GB','351416736512560',430,NULL,NULL,NULL,NULL,'2026-05-15 19:05:42','2026-05-15 19:05:42',NULL),(1430,NULL,32,NULL,1,'A07 64GB','351416736523419',430,NULL,NULL,NULL,NULL,'2026-05-15 19:05:42','2026-05-15 19:05:42',NULL),(1431,NULL,32,NULL,1,'A07 64GB','351416736523286',430,NULL,NULL,NULL,NULL,'2026-05-15 19:05:42','2026-05-15 19:05:42',NULL),(1432,NULL,32,NULL,1,'A07 64GB','351416736521959',430,NULL,NULL,NULL,NULL,'2026-05-15 19:05:42','2026-05-15 19:05:42',NULL),(1433,NULL,32,NULL,1,'A07 64GB','351416736522775',430,NULL,NULL,NULL,NULL,'2026-05-15 19:05:42','2026-05-15 19:05:42',NULL),(1434,NULL,32,NULL,1,'A07 64GB','351416736522700',430,NULL,NULL,NULL,NULL,'2026-05-15 19:05:42','2026-05-15 19:05:42',NULL),(1435,NULL,32,NULL,1,'A07 64GB','351416736523559',430,NULL,NULL,NULL,NULL,'2026-05-15 19:05:42','2026-05-15 19:05:42',NULL),(1436,NULL,32,NULL,1,'A07 64GB','351416736521660',430,NULL,NULL,NULL,NULL,'2026-05-15 19:05:42','2026-05-15 19:05:42',NULL),(1437,NULL,32,NULL,1,'A07 64GB','351416736512644',430,NULL,NULL,NULL,NULL,'2026-05-15 19:05:42','2026-05-15 19:05:42',NULL),(1438,NULL,32,NULL,1,'A07 64GB','351416737400484',430,NULL,NULL,NULL,NULL,'2026-05-15 19:05:42','2026-05-15 19:05:42',NULL),(1439,NULL,32,NULL,1,'A07 64GB','351416737400625',430,NULL,NULL,NULL,NULL,'2026-05-15 19:05:42','2026-05-15 19:05:42',NULL),(1440,NULL,32,NULL,1,'A07 64GB','351416737400773',430,NULL,NULL,NULL,NULL,'2026-05-15 19:05:42','2026-05-15 19:05:42',NULL),(1441,NULL,32,NULL,1,'A07 64GB','351416737400823',430,NULL,NULL,NULL,NULL,'2026-05-15 19:05:42','2026-05-15 19:05:42',NULL),(1442,NULL,32,NULL,1,'A07 64GB','351416737400864',430,NULL,NULL,NULL,NULL,'2026-05-15 19:05:42','2026-05-15 19:05:42',NULL),(1443,NULL,32,NULL,1,'A07 64GB','351416737400898',430,NULL,NULL,NULL,NULL,'2026-05-15 19:05:42','2026-05-15 19:05:42',NULL),(1444,NULL,32,NULL,1,'A07 64GB','351416737400914',430,NULL,NULL,NULL,NULL,'2026-05-15 19:05:42','2026-05-15 19:05:42',NULL),(1445,NULL,32,NULL,1,'A07 64GB','351416737402845',430,NULL,NULL,NULL,NULL,'2026-05-15 19:05:42','2026-05-15 19:05:42',NULL),(1446,NULL,32,NULL,1,'A07 64GB','351416737404932',430,NULL,NULL,NULL,NULL,'2026-05-15 19:05:42','2026-05-15 19:05:42',NULL),(1447,NULL,32,NULL,1,'A07 64GB','351416737408487',430,NULL,NULL,NULL,NULL,'2026-05-15 19:05:42','2026-05-15 19:05:42',NULL),(1448,NULL,32,NULL,1,'A07 64GB','351416737402977',430,NULL,NULL,NULL,NULL,'2026-05-15 19:05:42','2026-05-15 19:05:42',NULL),(1449,NULL,32,NULL,1,'A07 64GB','351416737407976',430,NULL,NULL,NULL,NULL,'2026-05-15 19:05:42','2026-05-15 19:05:42',NULL),(1450,NULL,32,NULL,1,'A07 64GB','351416737400930',430,NULL,NULL,NULL,NULL,'2026-05-15 19:05:42','2026-05-15 19:05:42',NULL),(1451,NULL,32,NULL,1,'A07 64GB','351416737400906',430,NULL,NULL,NULL,NULL,'2026-05-15 19:05:42','2026-05-15 19:05:42',NULL),(1452,NULL,32,NULL,1,'A07 64GB','351416737400872',430,NULL,NULL,NULL,NULL,'2026-05-15 19:05:42','2026-05-15 19:05:42',NULL),(1453,NULL,32,NULL,1,'A07 64GB','351416737400856',430,NULL,NULL,NULL,NULL,'2026-05-15 19:05:42','2026-05-15 19:05:42',NULL),(1454,NULL,32,NULL,1,'A07 64GB','351416737400799',430,NULL,NULL,NULL,NULL,'2026-05-15 19:05:42','2026-05-15 19:05:42',NULL),(1455,NULL,32,NULL,1,'A07 64GB','351416737400666',430,NULL,NULL,NULL,NULL,'2026-05-15 19:05:42','2026-05-15 19:05:42',NULL),(1456,NULL,32,NULL,1,'A07 64GB','351416737400450',430,NULL,NULL,NULL,NULL,'2026-05-15 19:05:42','2026-05-15 19:05:42',NULL),(1457,NULL,32,NULL,1,'A07 64GB','351416737400567',430,NULL,NULL,NULL,NULL,'2026-05-15 19:05:42','2026-05-15 19:05:42',NULL),(1458,NULL,32,NULL,1,'A07 64GB','351416736522080',430,NULL,NULL,NULL,NULL,'2026-05-15 19:05:42','2026-05-15 19:05:42',NULL),(1459,NULL,32,NULL,1,'A07 64GB','351416736521777',430,NULL,NULL,NULL,NULL,'2026-05-15 19:05:42','2026-05-15 19:05:42',NULL),(1460,NULL,32,NULL,1,'A07 64GB','351416736522130',430,NULL,NULL,NULL,NULL,'2026-05-15 19:05:42','2026-05-15 19:05:42',NULL),(1461,NULL,32,NULL,1,'A07 64GB','351416736521827',430,NULL,NULL,NULL,NULL,'2026-05-15 19:05:42','2026-05-15 19:05:42',NULL),(1462,NULL,32,NULL,1,'A07 64GB','351416736522213',430,NULL,NULL,NULL,NULL,'2026-05-15 19:05:42','2026-05-15 19:05:42',NULL),(1463,NULL,32,NULL,1,'A07 64GB','351416736497754',430,NULL,NULL,NULL,NULL,'2026-05-15 19:05:42','2026-05-15 19:05:42',NULL),(1464,NULL,32,NULL,1,'A07 64GB','351416736521942',430,NULL,NULL,NULL,NULL,'2026-05-15 19:05:42','2026-05-15 19:05:42',NULL),(1465,NULL,32,NULL,1,'A07 64GB','351416736497945',430,NULL,NULL,NULL,NULL,'2026-05-15 19:05:42','2026-05-15 19:05:42',NULL),(1466,NULL,32,NULL,1,'A07 64GB','351416736497853',430,NULL,NULL,NULL,NULL,'2026-05-15 19:05:42','2026-05-15 19:05:42',NULL),(1467,NULL,32,NULL,1,'A07 64GB','351416736497572',430,NULL,NULL,NULL,NULL,'2026-05-15 19:05:42','2026-05-15 19:05:42',NULL),(1468,NULL,32,NULL,1,'A07 64GB','351416736522122',430,NULL,NULL,NULL,NULL,'2026-05-15 19:05:42','2026-05-15 19:05:42',NULL),(1469,NULL,32,NULL,1,'A07 64GB','351416736519318',430,NULL,NULL,NULL,NULL,'2026-05-15 19:05:42','2026-05-15 19:05:42',NULL),(1470,NULL,32,NULL,1,'A07 64GB','351416736521850',430,NULL,NULL,NULL,NULL,'2026-05-15 19:05:42','2026-05-15 19:05:42',NULL),(1471,NULL,32,NULL,1,'A07 64GB','351416736522148',430,NULL,NULL,NULL,NULL,'2026-05-15 19:05:42','2026-05-15 19:05:42',NULL),(1472,NULL,32,NULL,1,'A07 64GB','351416736522064',430,NULL,NULL,NULL,NULL,'2026-05-15 19:05:42','2026-05-15 19:05:42',NULL),(1473,NULL,32,NULL,1,'A07 64GB','351416736497564',430,NULL,NULL,NULL,NULL,'2026-05-15 19:05:42','2026-05-15 19:05:42',NULL),(1474,NULL,32,NULL,1,'A07 64GB','351416736497440',430,NULL,NULL,NULL,NULL,'2026-05-15 19:05:42','2026-05-15 19:05:42',NULL),(1475,NULL,32,NULL,1,'A07 64GB','351416736510168',430,NULL,NULL,NULL,NULL,'2026-05-15 19:05:42','2026-05-15 19:05:42',NULL),(1476,NULL,32,NULL,1,'A07 64GB','351416736521264',430,NULL,NULL,NULL,NULL,'2026-05-15 19:05:42','2026-05-15 19:05:42',NULL),(1477,NULL,32,NULL,1,'A07 64GB','351416736522163',430,NULL,NULL,NULL,NULL,'2026-05-15 19:05:42','2026-05-15 19:05:42',NULL),(1478,NULL,32,NULL,1,'A07 64GB','351416736516801',430,NULL,NULL,NULL,NULL,'2026-05-15 19:05:42','2026-05-15 19:05:42',NULL),(1479,NULL,32,NULL,1,'A07 64GB','351416736513667',430,NULL,NULL,NULL,NULL,'2026-05-15 19:05:42','2026-05-15 19:05:42',NULL),(1480,NULL,32,NULL,1,'A07 64GB','351416736516561',430,NULL,NULL,NULL,NULL,'2026-05-15 19:05:42','2026-05-15 19:05:42',NULL),(1481,NULL,32,NULL,1,'A07 64GB','351416736516702',430,NULL,NULL,NULL,NULL,'2026-05-15 19:05:42','2026-05-15 19:05:42',NULL),(1482,NULL,32,NULL,1,'A07 64GB','351416736515043',430,NULL,NULL,NULL,NULL,'2026-05-15 19:05:42','2026-05-15 19:05:42',NULL),(1483,NULL,32,NULL,1,'A07 64GB','351416736513741',430,NULL,NULL,NULL,NULL,'2026-05-15 19:05:42','2026-05-15 19:05:42',NULL),(1484,NULL,32,NULL,1,'A07 64GB','351416736516553',430,NULL,NULL,NULL,NULL,'2026-05-15 19:05:42','2026-05-15 19:05:42',NULL),(1485,NULL,32,NULL,1,'A07 64GB','351416736514061',430,NULL,NULL,NULL,NULL,'2026-05-15 19:05:42','2026-05-15 19:05:42',NULL),(1486,NULL,32,NULL,1,'A07 64GB','351416736499016',430,NULL,NULL,NULL,NULL,'2026-05-15 19:05:42','2026-05-15 19:05:42',NULL),(1487,NULL,32,NULL,1,'A07 64GB','351416736516280',430,NULL,NULL,NULL,NULL,'2026-05-15 19:05:42','2026-05-15 19:05:42',NULL),(1488,NULL,32,NULL,1,'A07 64GB','351416736516926',430,NULL,NULL,NULL,NULL,'2026-05-15 19:05:42','2026-05-15 19:05:42',NULL),(1489,NULL,32,NULL,1,'A07 64GB','351416736515811',430,NULL,NULL,NULL,NULL,'2026-05-15 19:05:42','2026-05-15 19:05:42',NULL),(1490,NULL,32,NULL,1,'A07 64GB','351416736516843',430,NULL,NULL,NULL,NULL,'2026-05-15 19:05:42','2026-05-15 19:05:42',NULL),(1491,NULL,32,NULL,1,'A07 64GB','351416736516835',430,NULL,NULL,NULL,NULL,'2026-05-15 19:05:42','2026-05-15 19:05:42',NULL),(1492,NULL,32,NULL,1,'A07 64GB','351416736516785',430,NULL,NULL,NULL,NULL,'2026-05-15 19:05:42','2026-05-15 19:05:42',NULL),(1493,NULL,32,NULL,1,'A07 64GB','351416736516827',430,NULL,NULL,NULL,NULL,'2026-05-15 19:05:42','2026-05-15 19:05:42',NULL),(1494,NULL,32,NULL,1,'A07 64GB','351416736516595',430,NULL,NULL,NULL,NULL,'2026-05-15 19:05:42','2026-05-15 19:05:42',NULL),(1495,NULL,32,NULL,1,'A07 64GB','351416736503999',430,NULL,NULL,NULL,NULL,'2026-05-15 19:05:42','2026-05-15 19:05:42',NULL),(1496,NULL,32,NULL,1,'A07 64GB','351416736516819',430,NULL,NULL,NULL,NULL,'2026-05-15 19:05:42','2026-05-15 19:05:42',NULL),(1497,NULL,32,NULL,1,'A07 64GB','351416736514863',430,NULL,NULL,NULL,NULL,'2026-05-15 19:05:42','2026-05-15 19:05:42',NULL),(1498,NULL,32,NULL,1,'A07 64GB','351416737094915',430,'2026-05-20 09:40:11',NULL,NULL,NULL,'2026-05-15 19:05:42','2026-05-20 09:40:11',992),(1499,NULL,32,NULL,1,'A07 64GB','351416737094907',430,'2026-05-23 12:47:09',NULL,NULL,NULL,'2026-05-15 19:05:42','2026-05-23 12:47:09',1114),(1500,NULL,32,NULL,1,'A07 64GB','351416737094584',430,'2026-05-16 17:55:41',NULL,NULL,NULL,'2026-05-15 19:05:42','2026-05-16 17:55:41',839),(1501,NULL,32,NULL,1,'A07 64GB','351416737094899',430,NULL,NULL,NULL,NULL,'2026-05-15 19:05:42','2026-05-15 19:05:42',NULL),(1502,NULL,32,NULL,1,'A07 64GB','351416737094923',430,'2026-05-21 11:39:56',NULL,NULL,NULL,'2026-05-15 19:05:42','2026-05-21 11:39:56',1049),(1503,NULL,32,NULL,1,'A07 64GB','351416737094873',430,'2026-05-19 14:43:16',NULL,NULL,NULL,'2026-05-15 19:05:42','2026-05-19 14:43:16',960),(1504,NULL,32,NULL,1,'A07 64GB','351416737094576',430,'2026-05-20 09:39:14',NULL,NULL,NULL,'2026-05-15 19:05:42','2026-05-20 09:39:14',991),(1505,NULL,32,NULL,1,'A07 64GB','351416737094865',430,'2026-05-24 12:40:05',NULL,NULL,NULL,'2026-05-15 19:05:42','2026-05-24 12:40:05',1139),(1506,NULL,32,NULL,1,'A07 64GB','351416737094790',430,'2026-05-18 16:56:35',NULL,NULL,NULL,'2026-05-15 19:05:42','2026-05-18 16:56:35',922),(1507,NULL,32,NULL,1,'A07 64GB','351416737094774',430,'2026-05-16 15:50:56',NULL,NULL,NULL,'2026-05-15 19:05:42','2026-05-16 15:50:56',825),(1508,NULL,32,NULL,1,'A07 64GB','351416737094998',430,'2026-05-23 14:56:21',NULL,NULL,NULL,'2026-05-15 19:05:42','2026-05-23 14:56:21',1120),(1509,NULL,32,NULL,1,'A07 64GB','351416737094436',430,'2026-05-19 08:48:27',NULL,NULL,NULL,'2026-05-15 19:05:42','2026-05-19 08:48:27',936),(1510,NULL,32,NULL,1,'A07 64GB','351416737094840',430,'2026-05-18 13:55:44',NULL,NULL,NULL,'2026-05-15 19:05:42','2026-05-18 13:55:44',901),(1511,NULL,32,NULL,1,'A07 64GB','351416737094766',430,'2026-05-16 13:13:21',NULL,NULL,NULL,'2026-05-15 19:05:42','2026-05-16 13:13:21',799),(1512,NULL,32,NULL,1,'A07 64GB','351416737083975',430,NULL,NULL,NULL,NULL,'2026-05-15 19:05:42','2026-05-15 19:05:42',NULL),(1513,NULL,32,NULL,1,'A07 64GB','351416737094550',430,'2026-05-20 15:09:11',NULL,NULL,NULL,'2026-05-15 19:05:42','2026-05-20 15:09:11',1020),(1514,NULL,32,NULL,1,'A07 64GB','351416737094345',430,'2026-05-18 10:16:56',NULL,NULL,NULL,'2026-05-15 19:05:42','2026-05-18 10:16:56',875),(1515,NULL,32,NULL,1,'A07 64GB','351416737094857',430,'2026-05-18 11:47:57',NULL,NULL,NULL,'2026-05-15 19:05:42','2026-05-18 11:47:57',885),(1516,NULL,32,NULL,1,'A07 64GB','351416737095003',430,'2026-05-19 14:49:22',NULL,NULL,NULL,'2026-05-15 19:05:42','2026-05-19 14:49:22',963),(1517,NULL,32,NULL,1,'A07 64GB','351416737094816',430,'2026-05-16 11:54:54',NULL,NULL,NULL,'2026-05-15 19:05:42','2026-05-16 11:54:54',792),(1518,NULL,32,NULL,1,'A07 64GB','351416737343296',430,NULL,NULL,NULL,NULL,'2026-05-15 19:05:42','2026-05-15 19:05:42',NULL),(1519,NULL,32,NULL,1,'A07 64GB','351416737360407',430,NULL,NULL,NULL,NULL,'2026-05-15 19:05:42','2026-05-15 19:05:42',NULL),(1520,NULL,32,NULL,1,'A07 64GB','351416737346125',430,NULL,NULL,NULL,NULL,'2026-05-15 19:05:42','2026-05-15 19:05:42',NULL),(1521,NULL,32,NULL,1,'A07 64GB','351416737369143',430,NULL,NULL,NULL,NULL,'2026-05-15 19:05:42','2026-05-15 19:05:42',NULL),(1522,NULL,32,NULL,1,'A07 64GB','351416737380314',430,NULL,NULL,NULL,NULL,'2026-05-15 19:05:42','2026-05-15 19:05:42',NULL),(1523,NULL,32,NULL,1,'A07 64GB','351416737379902',430,NULL,NULL,NULL,NULL,'2026-05-15 19:05:42','2026-05-15 19:05:42',NULL),(1524,NULL,32,NULL,1,'A07 64GB','351416737379878',430,NULL,NULL,NULL,NULL,'2026-05-15 19:05:42','2026-05-15 19:05:42',NULL),(1525,NULL,32,NULL,1,'A07 64GB','351416737380330',430,NULL,NULL,NULL,NULL,'2026-05-15 19:05:42','2026-05-15 19:05:42',NULL),(1526,NULL,32,NULL,1,'A07 64GB','351416737396666',430,NULL,NULL,NULL,NULL,'2026-05-15 19:05:42','2026-05-15 19:05:42',NULL),(1527,NULL,32,NULL,1,'A07 64GB','351416737380413',430,NULL,NULL,NULL,NULL,'2026-05-15 19:05:42','2026-05-15 19:05:42',NULL),(1528,NULL,32,NULL,1,'A07 64GB','351416737380405',430,NULL,NULL,NULL,NULL,'2026-05-15 19:05:43','2026-05-15 19:05:43',NULL),(1529,NULL,32,NULL,1,'A07 64GB','351416737395387',430,NULL,NULL,NULL,NULL,'2026-05-15 19:05:43','2026-05-15 19:05:43',NULL),(1530,NULL,32,NULL,1,'A07 64GB','351416737379886',430,NULL,NULL,NULL,NULL,'2026-05-15 19:05:43','2026-05-15 19:05:43',NULL),(1531,NULL,32,NULL,1,'A07 64GB','351416737380322',430,NULL,NULL,NULL,NULL,'2026-05-15 19:05:43','2026-05-15 19:05:43',NULL),(1532,NULL,32,NULL,1,'A07 64GB','351416737380256',430,NULL,NULL,NULL,NULL,'2026-05-15 19:05:43','2026-05-15 19:05:43',NULL),(1533,NULL,32,NULL,1,'A07 64GB','351416737378144',430,NULL,NULL,NULL,NULL,'2026-05-15 19:05:43','2026-05-15 19:05:43',NULL),(1534,NULL,32,NULL,1,'A07 64GB','351416737354269',430,NULL,NULL,NULL,NULL,'2026-05-15 19:05:43','2026-05-15 19:05:43',NULL),(1535,NULL,32,NULL,1,'A07 64GB','351416737343825',430,NULL,NULL,NULL,NULL,'2026-05-15 19:05:43','2026-05-15 19:05:43',NULL),(1536,NULL,32,NULL,1,'A07 64GB','351416737335847',430,NULL,NULL,NULL,NULL,'2026-05-15 19:05:43','2026-05-15 19:05:43',NULL),(1537,NULL,32,NULL,1,'A07 64GB','351416737363567',430,NULL,NULL,NULL,NULL,'2026-05-15 19:05:43','2026-05-15 19:05:43',NULL),(1538,NULL,32,NULL,1,'A07 64GB','351416736826101',430,NULL,NULL,NULL,NULL,'2026-05-15 19:05:43','2026-05-15 19:05:43',NULL),(1539,NULL,32,NULL,1,'A07 64GB','351416736825673',430,NULL,NULL,NULL,NULL,'2026-05-15 19:05:43','2026-05-15 19:05:43',NULL),(1540,NULL,32,NULL,1,'A07 64GB','351416736825707',430,NULL,NULL,NULL,NULL,'2026-05-15 19:05:43','2026-05-15 19:05:43',NULL),(1541,NULL,32,NULL,1,'A07 64GB','351416736825749',430,NULL,NULL,NULL,NULL,'2026-05-15 19:05:43','2026-05-15 19:05:43',NULL),(1542,NULL,32,NULL,1,'A07 64GB','351416736834873',430,NULL,NULL,NULL,NULL,'2026-05-15 19:05:43','2026-05-15 19:05:43',NULL),(1543,NULL,32,NULL,1,'A07 64GB','351416736825145',430,NULL,NULL,NULL,NULL,'2026-05-15 19:05:43','2026-05-15 19:05:43',NULL),(1544,NULL,32,NULL,1,'A07 64GB','351416736849079',430,NULL,NULL,NULL,NULL,'2026-05-15 19:05:43','2026-05-15 19:05:43',NULL),(1545,NULL,32,NULL,1,'A07 64GB','351416736836712',430,NULL,NULL,NULL,NULL,'2026-05-15 19:05:43','2026-05-15 19:05:43',NULL),(1546,NULL,32,NULL,1,'A07 64GB','351416736826184',430,NULL,NULL,NULL,NULL,'2026-05-15 19:05:43','2026-05-15 19:05:43',NULL),(1547,NULL,32,NULL,1,'A07 64GB','351416736847321',430,NULL,NULL,NULL,NULL,'2026-05-15 19:05:43','2026-05-15 19:05:43',NULL),(1548,NULL,32,NULL,1,'A07 64GB','351416736825780',430,NULL,NULL,NULL,NULL,'2026-05-15 19:05:43','2026-05-15 19:05:43',NULL),(1549,NULL,32,NULL,1,'A07 64GB','351416736825681',430,NULL,NULL,NULL,NULL,'2026-05-15 19:05:43','2026-05-15 19:05:43',NULL),(1550,NULL,32,NULL,1,'A07 64GB','351416736825731',430,NULL,NULL,NULL,NULL,'2026-05-15 19:05:43','2026-05-15 19:05:43',NULL),(1551,NULL,32,NULL,1,'A07 64GB','351416736825665',430,NULL,NULL,NULL,NULL,'2026-05-15 19:05:43','2026-05-15 19:05:43',NULL),(1552,NULL,32,NULL,1,'A07 64GB','351416736826143',430,NULL,NULL,NULL,NULL,'2026-05-15 19:05:43','2026-05-15 19:05:43',NULL),(1553,NULL,32,NULL,1,'A07 64GB','351416736829477',430,NULL,NULL,NULL,NULL,'2026-05-15 19:05:43','2026-05-15 19:05:43',NULL),(1554,NULL,32,NULL,1,'A07 64GB','351416736836654',430,NULL,NULL,NULL,NULL,'2026-05-15 19:05:43','2026-05-15 19:05:43',NULL),(1555,NULL,32,NULL,1,'A07 64GB','351416736845697',430,NULL,NULL,NULL,NULL,'2026-05-15 19:05:43','2026-05-15 19:05:43',NULL),(1556,NULL,32,NULL,1,'A07 64GB','351416736849004',430,NULL,NULL,NULL,NULL,'2026-05-15 19:05:43','2026-05-15 19:05:43',NULL),(1557,NULL,32,NULL,1,'A07 64GB','351416736849087',430,NULL,NULL,NULL,NULL,'2026-05-15 19:05:43','2026-05-15 19:05:43',NULL),(1558,NULL,32,NULL,1,'A07 64GB','351416736515860',430,NULL,NULL,NULL,NULL,'2026-05-15 19:05:43','2026-05-15 19:05:43',NULL),(1559,NULL,32,NULL,1,'A07 64GB','351416736516371',430,NULL,NULL,NULL,NULL,'2026-05-15 19:05:43','2026-05-15 19:05:43',NULL),(1560,NULL,32,NULL,1,'A07 64GB','351416736515217',430,NULL,NULL,NULL,NULL,'2026-05-15 19:05:43','2026-05-15 19:05:43',NULL),(1561,NULL,32,NULL,1,'A07 64GB','351416736516058',430,NULL,NULL,NULL,NULL,'2026-05-15 19:05:43','2026-05-15 19:05:43',NULL),(1562,NULL,32,NULL,1,'A07 64GB','351416736515514',430,NULL,NULL,NULL,NULL,'2026-05-15 19:05:43','2026-05-15 19:05:43',NULL),(1563,NULL,32,NULL,1,'A07 64GB','351416736508642',430,NULL,NULL,NULL,NULL,'2026-05-15 19:05:43','2026-05-15 19:05:43',NULL),(1564,NULL,32,NULL,1,'A07 64GB','351416736513709',430,NULL,NULL,NULL,NULL,'2026-05-15 19:05:43','2026-05-15 19:05:43',NULL),(1565,NULL,32,NULL,1,'A07 64GB','351416736515548',430,NULL,NULL,NULL,NULL,'2026-05-15 19:05:43','2026-05-15 19:05:43',NULL),(1566,NULL,32,NULL,1,'A07 64GB','351416736516223',430,NULL,NULL,NULL,NULL,'2026-05-15 19:05:43','2026-05-15 19:05:43',NULL),(1567,NULL,32,NULL,1,'A07 64GB','351416736514632',430,NULL,NULL,NULL,NULL,'2026-05-15 19:05:43','2026-05-15 19:05:43',NULL),(1568,NULL,32,NULL,1,'A07 64GB','351416736516504',430,NULL,NULL,NULL,NULL,'2026-05-15 19:05:43','2026-05-15 19:05:43',NULL),(1569,NULL,32,NULL,1,'A07 64GB','351416736514939',430,NULL,NULL,NULL,NULL,'2026-05-15 19:05:43','2026-05-15 19:05:43',NULL),(1570,NULL,32,NULL,1,'A07 64GB','351416736516033',430,NULL,NULL,NULL,NULL,'2026-05-15 19:05:43','2026-05-15 19:05:43',NULL),(1571,NULL,32,NULL,1,'A07 64GB','351416736515852',430,NULL,NULL,NULL,NULL,'2026-05-15 19:05:43','2026-05-15 19:05:43',NULL),(1572,NULL,32,NULL,1,'A07 64GB','351416736516173',430,NULL,NULL,NULL,NULL,'2026-05-15 19:05:43','2026-05-15 19:05:43',NULL),(1573,NULL,32,NULL,1,'A07 64GB','351416736513451',430,NULL,NULL,NULL,NULL,'2026-05-15 19:05:43','2026-05-15 19:05:43',NULL),(1574,NULL,32,NULL,1,'A07 64GB','351416736515761',430,NULL,NULL,NULL,NULL,'2026-05-15 19:05:43','2026-05-15 19:05:43',NULL),(1575,NULL,32,NULL,1,'A07 64GB','351416736516066',430,NULL,NULL,NULL,NULL,'2026-05-15 19:05:43','2026-05-15 19:05:43',NULL),(1576,NULL,32,NULL,1,'A07 64GB','351416736516272',430,NULL,NULL,NULL,NULL,'2026-05-15 19:05:43','2026-05-15 19:05:43',NULL),(1577,NULL,32,NULL,1,'A07 64GB','351416736516082',430,NULL,NULL,NULL,NULL,'2026-05-15 19:05:43','2026-05-15 19:05:43',NULL),(1578,NULL,32,NULL,1,'A07 64GB','351416733199361',430,NULL,NULL,NULL,NULL,'2026-05-15 19:05:43','2026-05-15 19:05:43',NULL),(1579,NULL,32,NULL,1,'A07 64GB','351416733197084',430,NULL,NULL,NULL,NULL,'2026-05-15 19:05:43','2026-05-15 19:05:43',NULL),(1580,NULL,32,NULL,1,'A07 64GB','351416733187861',430,NULL,NULL,NULL,NULL,'2026-05-15 19:05:43','2026-05-15 19:05:43',NULL),(1581,NULL,32,NULL,1,'A07 64GB','351416733193687',430,NULL,NULL,NULL,NULL,'2026-05-15 19:05:43','2026-05-15 19:05:43',NULL),(1582,NULL,32,NULL,1,'A07 64GB','351416733192150',430,NULL,NULL,NULL,NULL,'2026-05-15 19:05:43','2026-05-15 19:05:43',NULL),(1583,NULL,32,NULL,1,'A07 64GB','351416733196045',430,NULL,NULL,NULL,NULL,'2026-05-15 19:05:43','2026-05-15 19:05:43',NULL),(1584,NULL,32,NULL,1,'A07 64GB','351416733184751',430,NULL,NULL,NULL,NULL,'2026-05-15 19:05:43','2026-05-15 19:05:43',NULL),(1585,NULL,32,NULL,1,'A07 64GB','351416733184702',430,NULL,NULL,NULL,NULL,'2026-05-15 19:05:43','2026-05-15 19:05:43',NULL),(1586,NULL,32,NULL,1,'A07 64GB','351416733175973',430,NULL,NULL,NULL,NULL,'2026-05-15 19:05:43','2026-05-15 19:05:43',NULL),(1587,NULL,32,NULL,1,'A07 64GB','351416733204120',430,NULL,NULL,NULL,NULL,'2026-05-15 19:05:43','2026-05-15 19:05:43',NULL),(1588,NULL,32,NULL,1,'A07 64GB','351416733198231',430,NULL,NULL,NULL,NULL,'2026-05-15 19:05:43','2026-05-15 19:05:43',NULL),(1589,NULL,32,NULL,1,'A07 64GB','351416733192283',430,NULL,NULL,NULL,NULL,'2026-05-15 19:05:43','2026-05-15 19:05:43',NULL),(1590,NULL,32,NULL,1,'A07 64GB','351416733196169',430,NULL,NULL,NULL,NULL,'2026-05-15 19:05:43','2026-05-15 19:05:43',NULL),(1591,NULL,32,NULL,1,'A07 64GB','351416733192077',430,NULL,NULL,NULL,NULL,'2026-05-15 19:05:43','2026-05-15 19:05:43',NULL),(1592,NULL,32,NULL,1,'A07 64GB','351416733194313',430,NULL,NULL,NULL,NULL,'2026-05-15 19:05:43','2026-05-15 19:05:43',NULL),(1593,NULL,32,NULL,1,'A07 64GB','351416733186020',430,NULL,NULL,NULL,NULL,'2026-05-15 19:05:43','2026-05-15 19:05:43',NULL),(1594,NULL,32,NULL,1,'A07 64GB','351416733181393',430,NULL,NULL,NULL,NULL,'2026-05-15 19:05:43','2026-05-15 19:05:43',NULL),(1595,NULL,32,NULL,1,'A07 64GB','351416733174083',430,NULL,NULL,NULL,NULL,'2026-05-15 19:05:43','2026-05-15 19:05:43',NULL),(1596,NULL,32,NULL,1,'A07 64GB','351416733199619',430,NULL,NULL,NULL,NULL,'2026-05-15 19:05:43','2026-05-15 19:05:43',NULL),(1597,NULL,32,NULL,1,'A07 64GB','351416733184736',430,NULL,NULL,NULL,NULL,'2026-05-15 19:05:43','2026-05-15 19:05:43',NULL),(1598,NULL,32,NULL,1,'A07 64GB','350151140921385',430,NULL,NULL,NULL,NULL,'2026-05-15 19:26:34','2026-05-15 19:26:34',NULL),(1599,NULL,32,NULL,1,'A07 64GB','350151140947679',430,NULL,NULL,NULL,NULL,'2026-05-15 19:26:34','2026-05-15 19:26:34',NULL),(1600,NULL,32,NULL,1,'A07 64GB','350151140911964',430,'2026-05-22 08:27:15',NULL,NULL,NULL,'2026-05-15 19:26:34','2026-05-22 08:27:15',1074),(1601,NULL,32,NULL,1,'A07 64GB','350151140605657',430,'2026-05-25 17:35:43',NULL,NULL,NULL,'2026-05-15 19:26:34','2026-05-25 17:35:43',1182),(1602,NULL,32,NULL,1,'A07 64GB','350151140604635',430,'2026-05-23 17:11:06',NULL,NULL,NULL,'2026-05-15 19:26:34','2026-05-23 17:11:06',1126),(1603,NULL,32,NULL,1,'A07 64GB','350151140604379',430,'2026-05-23 10:06:44',NULL,NULL,NULL,'2026-05-15 19:26:34','2026-05-23 10:06:44',1110),(1604,NULL,32,NULL,1,'A07 64GB','350151140600997',430,'2026-05-25 14:11:03',NULL,NULL,NULL,'2026-05-15 19:26:34','2026-05-25 14:11:03',1164),(1605,NULL,32,NULL,1,'A07 64GB','350151140586493',430,NULL,NULL,NULL,NULL,'2026-05-15 19:26:34','2026-05-15 19:26:34',NULL),(1606,NULL,32,NULL,1,'A07 64GB','350151140577716',430,NULL,NULL,NULL,NULL,'2026-05-15 19:26:34','2026-05-15 19:26:34',NULL),(1607,NULL,32,NULL,1,'A07 64GB','350151140572642',430,'2026-05-25 18:47:38',NULL,NULL,NULL,'2026-05-15 19:26:34','2026-05-25 18:47:38',1192),(1608,NULL,32,NULL,1,'A07 64GB','350151140944643',430,'2026-05-26 14:28:43',NULL,NULL,NULL,'2026-05-15 19:26:34','2026-05-26 14:28:43',1213),(1609,NULL,32,NULL,1,'A07 64GB','350151140919637',430,NULL,NULL,NULL,NULL,'2026-05-15 19:26:34','2026-05-15 19:26:34',NULL),(1610,NULL,32,NULL,1,'A07 64GB','350151140604403',430,NULL,NULL,NULL,NULL,'2026-05-15 19:26:34','2026-05-15 19:26:34',NULL),(1611,NULL,32,NULL,1,'A07 64GB','350151140605061',430,'2026-05-22 14:01:43',NULL,NULL,NULL,'2026-05-15 19:26:34','2026-05-22 14:01:43',1090),(1612,NULL,32,NULL,1,'A07 64GB','350151140606424',430,NULL,NULL,NULL,NULL,'2026-05-15 19:26:34','2026-05-15 19:26:34',NULL),(1613,NULL,32,NULL,1,'A07 64GB','350151140603074',430,NULL,NULL,NULL,NULL,'2026-05-15 19:26:34','2026-05-15 19:26:34',NULL),(1614,NULL,32,NULL,1,'A07 64GB','350151140600674',430,'2026-05-22 08:25:07',NULL,NULL,NULL,'2026-05-15 19:26:34','2026-05-22 08:25:07',1073),(1615,NULL,32,NULL,1,'A07 64GB','350151140585685',430,NULL,NULL,NULL,NULL,'2026-05-15 19:26:34','2026-05-15 19:26:34',NULL),(1616,NULL,32,NULL,1,'A07 64GB','350151140573541',430,'2026-05-22 14:54:11',NULL,NULL,NULL,'2026-05-15 19:26:34','2026-05-22 14:54:11',1092),(1617,NULL,32,NULL,1,'A07 64GB','350151140571404',430,NULL,NULL,NULL,NULL,'2026-05-15 19:26:34','2026-05-15 19:26:34',NULL),(1618,NULL,32,NULL,1,'A07 64GB','351416739623950',430,NULL,NULL,NULL,NULL,'2026-05-15 19:26:34','2026-05-15 19:26:34',NULL),(1619,NULL,32,NULL,1,'A07 64GB','351416739626813',430,NULL,NULL,NULL,NULL,'2026-05-15 19:26:34','2026-05-15 19:26:34',NULL),(1620,NULL,32,NULL,1,'A07 64GB','351416739625088',430,NULL,NULL,NULL,NULL,'2026-05-15 19:26:34','2026-05-15 19:26:34',NULL),(1621,NULL,32,NULL,1,'A07 64GB','351416739623935',430,NULL,NULL,NULL,NULL,'2026-05-15 19:26:34','2026-05-15 19:26:34',NULL),(1622,NULL,32,NULL,1,'A07 64GB','351416739623919',430,NULL,NULL,NULL,NULL,'2026-05-15 19:26:34','2026-05-15 19:26:34',NULL),(1623,NULL,32,NULL,1,'A07 64GB','351416739623893',430,NULL,NULL,NULL,NULL,'2026-05-15 19:26:34','2026-05-15 19:26:34',NULL),(1624,NULL,32,NULL,1,'A07 64GB','351416739623646',430,NULL,NULL,NULL,NULL,'2026-05-15 19:26:34','2026-05-15 19:26:34',NULL),(1625,NULL,32,NULL,1,'A07 64GB','351416739589318',430,NULL,NULL,NULL,NULL,'2026-05-15 19:26:34','2026-05-15 19:26:34',NULL),(1626,NULL,32,NULL,1,'A07 64GB','351416739581026',430,NULL,NULL,NULL,NULL,'2026-05-15 19:26:34','2026-05-15 19:26:34',NULL),(1627,NULL,32,NULL,1,'A07 64GB','351416739577784',430,NULL,NULL,NULL,NULL,'2026-05-15 19:26:34','2026-05-15 19:26:34',NULL),(1628,NULL,32,NULL,1,'A07 64GB','351416739625534',430,NULL,NULL,NULL,NULL,'2026-05-15 19:26:34','2026-05-15 19:26:34',NULL),(1629,NULL,32,NULL,1,'A07 64GB','351416739623943',430,NULL,NULL,NULL,NULL,'2026-05-15 19:26:34','2026-05-15 19:26:34',NULL),(1630,NULL,32,NULL,1,'A07 64GB','351416739623927',430,NULL,NULL,NULL,NULL,'2026-05-15 19:26:34','2026-05-15 19:26:34',NULL),(1631,NULL,32,NULL,1,'A07 64GB','351416739624040',430,NULL,NULL,NULL,NULL,'2026-05-15 19:26:34','2026-05-15 19:26:34',NULL),(1632,NULL,32,NULL,1,'A07 64GB','351416739623901',430,NULL,NULL,NULL,NULL,'2026-05-15 19:26:34','2026-05-15 19:26:34',NULL),(1633,NULL,32,NULL,1,'A07 64GB','351416739589326',430,NULL,NULL,NULL,NULL,'2026-05-15 19:26:34','2026-05-15 19:26:34',NULL),(1634,NULL,32,NULL,1,'A07 64GB','351416739623653',430,NULL,NULL,NULL,NULL,'2026-05-15 19:26:34','2026-05-15 19:26:34',NULL),(1635,NULL,32,NULL,1,'A07 64GB','351416739583311',430,NULL,NULL,NULL,NULL,'2026-05-15 19:26:34','2026-05-15 19:26:34',NULL),(1636,NULL,32,NULL,1,'A07 64GB','351416739578352',430,NULL,NULL,NULL,NULL,'2026-05-15 19:26:34','2026-05-15 19:26:34',NULL),(1637,NULL,32,NULL,1,'A07 64GB','351416739577438',430,NULL,NULL,NULL,NULL,'2026-05-15 19:26:34','2026-05-15 19:26:34',NULL),(1638,NULL,32,NULL,1,'A07 64GB','351416731360098',430,'2026-05-26 06:24:04',NULL,NULL,NULL,'2026-05-15 19:26:34','2026-05-26 06:24:04',1193),(1639,NULL,32,NULL,1,'A07 64GB','351416731360148',430,NULL,NULL,NULL,NULL,'2026-05-15 19:26:34','2026-05-15 19:26:34',NULL),(1640,NULL,32,NULL,1,'A07 64GB','351416731359991',430,'2026-05-20 13:43:59',NULL,NULL,NULL,'2026-05-15 19:26:34','2026-05-20 13:43:59',1007),(1641,NULL,32,NULL,1,'A07 64GB','351416731360155',430,'2026-05-25 18:35:29',NULL,NULL,NULL,'2026-05-15 19:26:34','2026-05-25 18:35:29',1189),(1642,NULL,32,NULL,1,'A07 64GB','351416731360163',430,NULL,NULL,NULL,NULL,'2026-05-15 19:26:34','2026-05-15 19:26:34',NULL),(1643,NULL,32,NULL,1,'A07 64GB','351416731360189',430,NULL,NULL,NULL,NULL,'2026-05-15 19:26:34','2026-05-15 19:26:34',NULL),(1644,NULL,32,NULL,1,'A07 64GB','351416731360056',430,'2026-05-20 12:48:06',NULL,NULL,NULL,'2026-05-15 19:26:34','2026-05-20 12:48:06',1004),(1645,NULL,32,NULL,1,'A07 64GB','351416731360064',430,'2026-05-21 14:13:26',NULL,NULL,NULL,'2026-05-15 19:26:34','2026-05-21 14:13:26',1058),(1646,NULL,32,NULL,1,'A07 64GB','351416731360122',430,'2026-05-23 12:42:07',NULL,NULL,NULL,'2026-05-15 19:26:34','2026-05-23 12:42:07',1113),(1647,NULL,32,NULL,1,'A07 64GB','351416731360007',430,NULL,NULL,NULL,NULL,'2026-05-15 19:26:34','2026-05-15 19:26:34',NULL),(1648,NULL,32,NULL,1,'A07 64GB','351416731360114',430,'2026-05-25 18:06:21',NULL,NULL,NULL,'2026-05-15 19:26:34','2026-05-25 18:06:21',1186),(1649,NULL,32,NULL,1,'A07 64GB','351416731359835',430,NULL,NULL,NULL,NULL,'2026-05-15 19:26:34','2026-05-15 19:26:34',NULL),(1650,NULL,32,NULL,1,'A07 64GB','351416731360072',430,'2026-05-28 15:51:57',NULL,NULL,NULL,'2026-05-15 19:26:34','2026-05-28 15:51:57',1251),(1651,NULL,32,NULL,1,'A07 64GB','351416731359793',430,NULL,NULL,NULL,NULL,'2026-05-15 19:26:34','2026-05-15 19:26:34',NULL),(1652,NULL,32,NULL,1,'A07 64GB','351416731360031',430,'2026-05-21 09:28:02',NULL,NULL,NULL,'2026-05-15 19:26:34','2026-05-21 09:28:02',1037),(1653,NULL,32,NULL,1,'A07 64GB','351416731360049',430,NULL,NULL,NULL,NULL,'2026-05-15 19:26:34','2026-05-15 19:26:34',NULL),(1654,NULL,32,NULL,1,'A07 64GB','351416731357011',430,NULL,NULL,NULL,NULL,'2026-05-15 19:26:34','2026-05-15 19:26:34',NULL),(1655,NULL,32,NULL,1,'A07 64GB','351416731360171',430,NULL,NULL,NULL,NULL,'2026-05-15 19:26:34','2026-05-15 19:26:34',NULL),(1656,NULL,32,NULL,1,'A07 64GB','351416731360015',430,NULL,NULL,NULL,NULL,'2026-05-15 19:26:34','2026-05-15 19:26:34',NULL),(1657,NULL,32,NULL,1,'A07 64GB','351416731360080',430,'2026-05-22 15:36:36',NULL,NULL,NULL,'2026-05-15 19:26:34','2026-05-22 15:36:36',1096),(1658,NULL,7,NULL,1,'A07 64GB','350151140246981',430,'2026-05-16 12:09:40',NULL,NULL,NULL,'2026-05-16 09:16:55','2026-05-16 12:09:40',794),(1659,NULL,7,NULL,1,'A07 64GB','350151140265635',430,'2026-05-16 16:29:34',NULL,NULL,NULL,'2026-05-16 09:16:55','2026-05-16 16:29:34',829),(1660,NULL,32,NULL,1,'A07 64GB','351416736305312',430,'2026-05-16 16:12:23',NULL,NULL,NULL,'2026-05-16 10:04:56','2026-05-16 16:12:23',826),(1661,NULL,32,NULL,1,'A07 64GB','354201386370775',430,'2026-05-16 17:00:41',NULL,NULL,NULL,'2026-05-16 10:04:56','2026-05-16 17:00:41',835),(1662,NULL,32,NULL,1,'A07 64GB','354201386370700',430,'2026-05-16 14:44:53',NULL,NULL,NULL,'2026-05-16 10:04:56','2026-05-16 14:44:53',820),(1663,NULL,32,NULL,1,'A07 64GB','354201386351783',430,'2026-05-16 14:49:02',NULL,NULL,NULL,'2026-05-16 10:04:56','2026-05-16 14:49:02',821),(1664,NULL,32,NULL,1,'A07 64GB','354201386351734',430,'2026-05-16 13:23:47',NULL,NULL,NULL,'2026-05-16 10:04:56','2026-05-16 13:23:47',803),(1665,NULL,32,NULL,1,'A07 64GB','354201386370684',430,'2026-05-16 14:43:31',NULL,NULL,NULL,'2026-05-16 10:04:56','2026-05-16 14:43:31',819),(1666,NULL,32,NULL,1,'A07 64GB','354201386370676',430,'2026-05-16 16:14:38',NULL,NULL,NULL,'2026-05-16 10:04:56','2026-05-16 16:14:38',827),(1667,NULL,32,NULL,1,'A07 64GB','351416736305551',430,'2026-05-19 16:53:16',NULL,NULL,NULL,'2026-05-16 10:04:56','2026-05-19 16:53:16',975),(1668,NULL,32,NULL,1,'A07 64GB','354201386362038',430,'2026-05-16 13:19:08',NULL,NULL,NULL,'2026-05-16 11:11:46','2026-05-16 13:19:08',802),(1669,NULL,32,NULL,1,'A07 64GB','354201386370783',430,'2026-05-16 18:25:05',NULL,NULL,NULL,'2026-05-16 11:11:46','2026-05-16 18:25:05',842),(1670,NULL,38,NULL,1,'A07 64GB','350151141446218',430,'2026-05-16 13:37:29',NULL,NULL,NULL,'2026-05-16 13:07:37','2026-05-16 13:37:29',806),(1671,NULL,21,NULL,1,'A07 64GB','354201382410567',430,'2026-05-17 08:32:41',NULL,NULL,NULL,'2026-05-16 15:50:33','2026-05-17 08:32:41',848),(1672,NULL,39,NULL,1,'A07 64GB','355758267211948',430,'2026-05-16 16:59:25',NULL,NULL,NULL,'2026-05-16 16:29:35','2026-05-16 16:59:25',832),(1673,NULL,41,NULL,1,'A07 64GB','355758267213100',430,'2026-05-16 18:31:08',NULL,NULL,NULL,'2026-05-16 18:17:26','2026-05-16 18:31:08',843),(1674,NULL,32,NULL,1,'A07 64GB','354201386348029',430,'2026-05-20 14:47:17',NULL,NULL,NULL,'2026-05-18 08:50:51','2026-05-20 14:47:17',1015),(1675,NULL,32,NULL,1,'A07 64GB','354201386369538',430,'2026-05-20 18:13:07',NULL,NULL,NULL,'2026-05-18 08:50:51','2026-05-20 18:13:07',1028),(1676,NULL,32,NULL,1,'A07 64GB','351416736297352',430,'2026-05-18 18:54:32',NULL,NULL,NULL,'2026-05-18 08:50:51','2026-05-18 18:54:32',932),(1677,NULL,32,NULL,1,'A07 64GB','351416736307151',430,'2026-05-20 12:28:26',NULL,NULL,NULL,'2026-05-18 08:50:51','2026-05-20 12:28:26',1003),(1678,NULL,32,NULL,1,'A07 64GB','354201386370767',430,'2026-05-24 10:53:02',NULL,NULL,NULL,'2026-05-18 08:50:51','2026-05-24 10:53:02',1136),(1679,NULL,32,NULL,1,'A07 64GB','354201386369322',430,'2026-05-28 16:44:20',NULL,NULL,NULL,'2026-05-18 08:50:51','2026-05-28 16:44:20',1253),(1680,NULL,32,NULL,1,'A07 64GB','354201386369694',430,'2026-05-26 11:17:14',NULL,NULL,NULL,'2026-05-18 08:50:51','2026-05-26 11:17:14',1206),(1681,NULL,32,NULL,1,'A07 64GB','354201386370718',430,'2026-05-21 18:46:49',NULL,NULL,NULL,'2026-05-18 08:50:51','2026-05-21 18:46:49',1072),(1682,NULL,32,NULL,1,'A07 64GB','354201386351890',430,'2026-05-19 16:46:06',NULL,NULL,NULL,'2026-05-18 08:50:51','2026-05-19 16:46:06',973),(1683,NULL,32,NULL,1,'A07 64GB','351416736310213',430,'2026-05-21 18:06:09',NULL,NULL,NULL,'2026-05-18 08:50:51','2026-05-21 18:06:09',1070),(1684,NULL,32,NULL,1,'A07 64GB','354201386351759',430,'2026-05-23 16:26:08',NULL,NULL,NULL,'2026-05-18 08:59:16','2026-05-23 16:26:08',1123),(1685,NULL,32,NULL,1,'A07 64GB','354201386351858',430,'2026-05-25 16:47:28',NULL,NULL,NULL,'2026-05-18 08:59:16','2026-05-25 16:47:28',1176),(1686,NULL,32,NULL,1,'A07 64GB','354201386370734',430,'2026-05-22 08:50:05',NULL,NULL,NULL,'2026-05-18 08:59:16','2026-05-22 08:50:05',1075),(1687,NULL,32,NULL,1,'A07 64GB','351416736300917',430,'2026-05-22 14:36:34',NULL,NULL,NULL,'2026-05-18 09:18:16','2026-05-22 14:36:34',1091),(1688,NULL,32,NULL,1,'A07 64GB','351416736310841',430,'2026-05-19 09:32:02',NULL,NULL,NULL,'2026-05-18 09:18:16','2026-05-19 09:32:02',937),(1689,NULL,32,NULL,1,'A07 64GB','351416736300735',430,'2026-05-21 07:39:10',NULL,NULL,NULL,'2026-05-18 09:18:16','2026-05-21 07:39:10',1031),(1690,NULL,32,NULL,1,'A07 64GB','351416736309991',430,'2026-05-21 11:26:34',NULL,NULL,NULL,'2026-05-18 09:18:16','2026-05-21 11:26:34',1046),(1691,NULL,32,NULL,1,'A07 64GB','351416736310536',430,'2026-05-27 13:06:35',NULL,NULL,NULL,'2026-05-18 09:24:09','2026-05-27 13:06:35',1229),(1692,NULL,32,NULL,1,'A07 64GB','351416736310775',430,'2026-05-25 12:35:54',NULL,NULL,NULL,'2026-05-18 09:24:09','2026-05-25 12:35:54',1156),(1693,NULL,32,NULL,1,'A07 64GB','351416736310783',430,NULL,NULL,NULL,NULL,'2026-05-18 09:24:09','2026-05-18 09:24:09',NULL),(1694,NULL,32,NULL,1,'A07 64GB','351416736310726',430,'2026-05-23 09:33:16',NULL,NULL,NULL,'2026-05-18 09:24:09','2026-05-23 09:33:16',1107),(1695,NULL,32,NULL,1,'A07 64GB','351416736310866',430,'2026-05-20 07:09:12',NULL,NULL,NULL,'2026-05-18 09:24:09','2026-05-20 07:09:12',979),(1696,NULL,32,NULL,1,'A07 64GB','351416736310684',430,'2026-05-23 15:10:39',NULL,NULL,NULL,'2026-05-18 09:24:09','2026-05-23 15:10:39',1122),(1697,NULL,32,NULL,1,'A07 64GB','351416736310858',430,'2026-05-25 09:21:48',NULL,NULL,NULL,'2026-05-18 09:27:01','2026-05-25 09:21:48',1148),(1698,NULL,32,NULL,1,'A07 64GB','351416736310668',430,NULL,NULL,NULL,NULL,'2026-05-18 09:27:01','2026-05-18 09:27:01',NULL),(1699,NULL,32,NULL,1,'A07 64GB','351416736310759',430,'2026-05-25 18:05:07',NULL,NULL,NULL,'2026-05-18 09:27:01','2026-05-25 18:05:07',1185),(1700,NULL,32,NULL,1,'A07 64GB','351416736310361',430,'2026-05-25 18:13:13',NULL,NULL,NULL,'2026-05-18 09:27:01','2026-05-25 18:13:13',1187),(1701,NULL,32,NULL,1,'A07 64GB','351416736304380',430,'2026-05-23 17:11:54',NULL,NULL,NULL,'2026-05-18 09:27:01','2026-05-23 17:11:54',1127),(1702,NULL,42,NULL,1,'A07 64GB','351929931662733',430,'2026-05-18 09:48:06',NULL,NULL,NULL,'2026-05-18 09:43:52','2026-05-18 09:48:06',872),(1703,NULL,43,NULL,1,'A07 64GB','351929931658293',430,'2026-05-18 11:19:36',NULL,NULL,NULL,'2026-05-18 11:12:39','2026-05-18 11:19:36',883),(1704,NULL,32,NULL,1,'A07 64GB','351416736310718',430,NULL,NULL,NULL,NULL,'2026-05-18 11:30:35','2026-05-18 11:30:35',NULL),(1705,NULL,44,NULL,1,'A07 64GB','350151141446960',430,'2026-05-18 12:00:31',NULL,NULL,NULL,'2026-05-18 11:42:38','2026-05-18 15:49:53',911),(1706,NULL,45,NULL,1,'A07 64GB','350401997641580',430,'2026-05-18 13:43:42',NULL,NULL,NULL,'2026-05-18 13:30:15','2026-05-18 13:43:42',898),(1707,NULL,32,NULL,1,'A07 64GB','351416736300693',430,NULL,NULL,NULL,NULL,'2026-05-18 15:22:20','2026-05-18 15:22:20',NULL),(1708,NULL,32,NULL,1,'A07 64GB','351416736307144',430,'2026-05-20 12:18:14',NULL,NULL,NULL,'2026-05-18 15:22:20','2026-05-20 12:18:14',1002),(1709,NULL,32,NULL,1,'A07 64GB','350151149189943',430,NULL,NULL,NULL,NULL,'2026-05-19 09:16:25','2026-05-19 09:16:25',NULL),(1710,NULL,32,NULL,1,'A07 64GB','350151147338799',430,NULL,NULL,NULL,NULL,'2026-05-19 09:16:25','2026-05-19 09:16:25',NULL),(1711,NULL,32,NULL,1,'A07 64GB','350151149189877',430,NULL,NULL,NULL,NULL,'2026-05-19 09:16:25','2026-05-19 09:16:25',NULL),(1712,NULL,32,NULL,1,'A07 64GB','350151149189810',430,NULL,NULL,NULL,NULL,'2026-05-19 09:16:25','2026-05-19 09:16:25',NULL),(1713,NULL,32,NULL,1,'A07 64GB','350151149189786',430,'2026-05-27 13:05:35',NULL,NULL,NULL,'2026-05-19 09:16:25','2026-05-27 13:05:35',1228),(1714,NULL,32,NULL,1,'A07 64GB','350151149189836',430,NULL,NULL,NULL,NULL,'2026-05-19 09:16:25','2026-05-19 09:16:25',NULL),(1715,NULL,32,NULL,1,'A07 64GB','350151149189745',430,'2026-05-28 11:45:20',NULL,NULL,NULL,'2026-05-19 09:16:25','2026-05-28 11:45:20',1245),(1716,NULL,32,NULL,1,'A07 64GB','351416736309074',430,NULL,NULL,NULL,NULL,'2026-05-19 09:16:25','2026-05-19 09:16:25',NULL),(1717,NULL,32,NULL,1,'A07 64GB','351416736494588',430,'2026-05-21 11:53:25',NULL,NULL,NULL,'2026-05-19 09:57:32','2026-05-21 11:53:25',1050),(1718,NULL,32,NULL,1,'A07 64GB','350151140590077',430,'2026-05-23 10:22:34',NULL,NULL,NULL,'2026-05-19 09:57:32','2026-05-23 10:22:34',1111),(1719,NULL,32,NULL,1,'A07 64GB','350151149189802',430,NULL,NULL,NULL,NULL,'2026-05-19 12:06:38','2026-05-19 12:06:38',NULL),(1720,NULL,32,NULL,1,'A07 64GB','350151149189737',430,NULL,NULL,NULL,NULL,'2026-05-19 12:06:38','2026-05-19 12:06:38',NULL),(1721,NULL,32,NULL,1,'A07 64GB','350151149189695',430,NULL,NULL,NULL,NULL,'2026-05-19 12:06:38','2026-05-19 12:06:38',NULL),(1722,NULL,32,NULL,1,'A07 64GB','350151149190008',430,NULL,NULL,NULL,NULL,'2026-05-19 12:06:38','2026-05-19 12:06:38',NULL),(1723,NULL,32,NULL,1,'A07 64GB','350151149189679',430,NULL,NULL,NULL,NULL,'2026-05-19 12:06:38','2026-05-19 12:06:38',NULL),(1724,NULL,32,NULL,1,'A07 64GB','350151149188713',430,NULL,NULL,NULL,NULL,'2026-05-19 12:06:38','2026-05-19 12:06:38',NULL),(1725,NULL,32,NULL,1,'A07 64GB','350151149189950',430,NULL,NULL,NULL,NULL,'2026-05-19 12:06:38','2026-05-19 12:06:38',NULL),(1726,NULL,32,NULL,1,'A07 64GB','350151149189885',430,NULL,NULL,NULL,NULL,'2026-05-19 12:06:38','2026-05-19 12:06:38',NULL),(1727,NULL,32,NULL,1,'A07 64GB','350151149189794',430,NULL,NULL,NULL,NULL,'2026-05-19 12:06:38','2026-05-19 12:06:38',NULL),(1728,NULL,32,NULL,1,'A07 64GB','350151147338005',430,NULL,NULL,NULL,NULL,'2026-05-19 12:06:38','2026-05-19 12:06:38',NULL),(1729,NULL,32,NULL,1,'A07 64GB','350151149189984',430,NULL,NULL,NULL,NULL,'2026-05-19 12:06:38','2026-05-19 12:06:38',NULL),(1730,NULL,32,NULL,1,'A07 64GB','350151149189935',430,NULL,NULL,NULL,NULL,'2026-05-19 12:06:38','2026-05-19 12:06:38',NULL),(1731,NULL,32,NULL,1,'A07 64GB','350151149188622',430,NULL,NULL,NULL,NULL,'2026-05-19 12:06:38','2026-05-19 12:06:38',NULL),(1732,NULL,46,NULL,1,'A07 64GB','351929931658541',430,'2026-05-19 12:44:00',NULL,NULL,NULL,'2026-05-19 12:15:01','2026-05-19 12:44:00',952),(1733,NULL,47,NULL,1,'A07 64GB','350151148242057',430,'2026-05-19 14:26:23',NULL,NULL,NULL,'2026-05-19 14:07:30','2026-05-19 14:26:23',959),(1734,NULL,50,NULL,1,'A07 64GB','350151141446994',430,'2026-05-20 08:58:52',NULL,NULL,NULL,'2026-05-20 08:54:38','2026-05-20 08:58:52',989),(1735,NULL,32,NULL,1,'A07 64GB','351416733215282',430,'2026-05-24 10:47:30',NULL,NULL,NULL,'2026-05-21 07:46:45','2026-05-24 10:47:30',1134),(1736,NULL,32,NULL,1,'A07 64GB','351416733215274',430,NULL,NULL,NULL,NULL,'2026-05-21 07:46:45','2026-05-21 07:46:45',NULL),(1737,NULL,32,NULL,1,'A07 64GB','351416733215241',430,NULL,NULL,NULL,NULL,'2026-05-21 07:46:45','2026-05-21 07:46:45',NULL),(1738,NULL,32,NULL,1,'A07 64GB','351416733197779',430,NULL,NULL,NULL,NULL,'2026-05-21 07:46:45','2026-05-21 07:46:45',NULL),(1739,NULL,32,NULL,1,'A07 64GB','351416733204500',430,NULL,NULL,NULL,NULL,'2026-05-21 07:46:45','2026-05-21 07:46:45',NULL),(1740,NULL,32,NULL,1,'A07 64GB','351416733215100',430,'2026-05-26 09:09:28',NULL,NULL,NULL,'2026-05-21 07:46:45','2026-05-26 09:09:28',1199),(1741,NULL,32,NULL,1,'A07 64GB','351416733213626',430,NULL,NULL,NULL,NULL,'2026-05-21 07:46:45','2026-05-21 07:46:45',NULL),(1742,NULL,32,NULL,1,'A07 64GB','351416733215068',430,NULL,NULL,NULL,NULL,'2026-05-21 07:46:45','2026-05-21 07:46:45',NULL),(1743,NULL,32,NULL,1,'A07 64GB','351416733215142',430,NULL,NULL,NULL,NULL,'2026-05-21 07:46:45','2026-05-21 07:46:45',NULL),(1744,NULL,32,NULL,1,'A07 64GB','351416733209038',430,NULL,NULL,NULL,NULL,'2026-05-21 07:46:45','2026-05-21 07:46:45',NULL),(1745,NULL,32,NULL,1,'A07 64GB','351416733214855',430,NULL,NULL,NULL,NULL,'2026-05-21 07:46:45','2026-05-21 07:46:45',NULL),(1746,NULL,32,NULL,1,'A07 64GB','351416733214921',430,NULL,NULL,NULL,NULL,'2026-05-21 07:46:45','2026-05-21 07:46:45',NULL),(1747,NULL,32,NULL,1,'A07 64GB','351416733214657',430,NULL,NULL,NULL,NULL,'2026-05-21 07:46:45','2026-05-21 07:46:45',NULL),(1748,NULL,32,NULL,1,'A07 64GB','351416733201738',430,'2026-05-28 09:13:39',NULL,NULL,NULL,'2026-05-21 07:46:45','2026-05-28 09:13:39',1241),(1749,NULL,32,NULL,1,'A07 64GB','351416733210051',430,NULL,NULL,NULL,NULL,'2026-05-21 07:46:45','2026-05-21 07:46:45',NULL),(1750,NULL,32,NULL,1,'A07 64GB','351416733200557',430,'2026-05-22 11:03:08',NULL,NULL,NULL,'2026-05-21 07:46:45','2026-05-22 11:03:08',1082),(1751,NULL,32,NULL,1,'A07 64GB','351416733214566',430,'2026-05-28 13:16:01',NULL,NULL,NULL,'2026-05-21 07:46:45','2026-05-28 13:16:01',1248),(1752,NULL,32,NULL,1,'A07 64GB','351416733213428',430,NULL,NULL,NULL,NULL,'2026-05-21 07:46:45','2026-05-21 07:46:45',NULL),(1753,NULL,32,NULL,1,'A07 64GB','351416733201621',430,'2026-05-28 06:41:33',NULL,NULL,NULL,'2026-05-21 07:46:45','2026-05-28 06:41:33',1233),(1754,NULL,32,NULL,1,'A07 64GB','351416733215084',430,NULL,NULL,NULL,NULL,'2026-05-21 07:46:45','2026-05-21 07:46:45',NULL),(1755,NULL,32,NULL,1,'A07 64GB','351416736309140',430,'2026-05-25 17:09:18',NULL,NULL,NULL,'2026-05-21 08:18:51','2026-05-25 17:09:18',1178),(1756,NULL,32,NULL,1,'A07 64GB','351416736309157',430,'2026-05-25 16:10:27',NULL,NULL,NULL,'2026-05-21 08:18:51','2026-05-25 16:10:27',1171),(1757,NULL,32,NULL,1,'A07 64GB','351416736309173',430,'2026-05-26 10:07:01',NULL,NULL,NULL,'2026-05-21 08:18:51','2026-05-26 10:07:01',1200),(1758,NULL,32,NULL,1,'A07 64GB','351416736309116',430,'2026-05-26 08:22:15',NULL,NULL,NULL,'2026-05-21 08:18:51','2026-05-26 08:22:15',1197),(1759,NULL,32,NULL,1,'A07 64GB','351416736309066',430,'2026-05-21 16:58:42',NULL,NULL,NULL,'2026-05-21 08:18:51','2026-05-21 16:58:42',1068),(1760,NULL,32,NULL,1,'A07 64GB','351416736309017',430,NULL,NULL,NULL,NULL,'2026-05-21 08:18:51','2026-05-21 08:18:51',NULL),(1761,NULL,32,NULL,1,'A07 64GB','351416736309223',430,'2026-05-21 16:26:06',NULL,NULL,NULL,'2026-05-21 08:18:51','2026-05-21 16:26:06',1066),(1762,NULL,32,NULL,1,'A07 64GB','351416736309207',430,'2026-05-22 10:26:22',NULL,NULL,NULL,'2026-05-21 08:18:51','2026-05-22 10:26:22',1078),(1763,NULL,32,NULL,1,'A07 64GB','351416736308860',430,'2026-05-22 16:18:04',NULL,NULL,NULL,'2026-05-21 08:18:51','2026-05-22 16:18:04',1099),(1764,NULL,32,NULL,1,'A07 64GB','351416736308993',430,NULL,NULL,NULL,NULL,'2026-05-21 08:18:51','2026-05-21 08:18:51',NULL),(1765,NULL,32,NULL,1,'A07 64GB','351416736309025',430,NULL,NULL,NULL,NULL,'2026-05-21 08:18:51','2026-05-21 08:18:51',NULL),(1766,NULL,32,NULL,1,'A07 64GB','351416736309256',430,'2026-05-25 09:56:16',NULL,NULL,NULL,'2026-05-21 08:18:51','2026-05-25 09:56:16',1150),(1767,NULL,32,NULL,1,'A07 64GB','351416736309298',430,'2026-05-21 16:11:27',NULL,NULL,NULL,'2026-05-21 08:18:51','2026-05-21 16:11:27',1064),(1768,NULL,32,NULL,1,'A07 64GB','351416736300594',430,NULL,NULL,NULL,NULL,'2026-05-21 08:18:51','2026-05-21 08:18:51',NULL),(1769,NULL,32,NULL,1,'A07 64GB','351416736308027',430,'2026-05-27 13:55:18',NULL,NULL,NULL,'2026-05-21 08:18:51','2026-05-27 13:55:18',1230),(1770,NULL,32,NULL,1,'A07 64GB','351416736308852',430,NULL,NULL,NULL,NULL,'2026-05-21 08:18:51','2026-05-21 08:18:51',NULL),(1771,NULL,32,NULL,1,'A07 64GB','351416736300412',430,'2026-05-27 12:28:03',NULL,NULL,NULL,'2026-05-21 08:18:51','2026-05-27 12:28:03',1227),(1772,NULL,32,NULL,1,'A07 64GB','351416736308944',430,'2026-05-25 14:28:44',NULL,NULL,NULL,'2026-05-21 08:18:51','2026-05-25 14:28:44',1165),(1773,NULL,32,NULL,1,'A07 64GB','351416736308985',430,'2026-05-28 07:32:26',NULL,NULL,NULL,'2026-05-21 08:18:51','2026-05-28 07:32:26',1235),(1774,NULL,32,NULL,1,'A07 64GB','351416736309231',430,'2026-05-21 13:17:50',NULL,NULL,NULL,'2026-05-21 08:18:51','2026-05-21 13:17:50',1056),(1775,NULL,32,5,1,'A07 64GB','351416736311542',430,NULL,NULL,NULL,NULL,'2026-05-21 08:18:51','2026-05-21 14:20:37',NULL),(1776,NULL,32,5,1,'A07 64GB','351416736311534',430,'2026-05-24 10:34:05',NULL,NULL,NULL,'2026-05-21 08:18:51','2026-05-24 10:34:05',1133),(1777,NULL,32,5,1,'A07 64GB','351416736311401',430,'2026-05-23 13:15:44',NULL,NULL,NULL,'2026-05-21 08:18:51','2026-05-23 13:15:44',1117),(1778,NULL,32,5,1,'A07 64GB','351416736311419',430,'2026-05-23 15:06:43',NULL,NULL,NULL,'2026-05-21 08:18:51','2026-05-23 15:06:43',1121),(1779,NULL,32,5,1,'A07 64GB','351416736311484',430,'2026-05-28 17:19:42',NULL,NULL,NULL,'2026-05-21 08:18:51','2026-05-28 17:19:42',1256),(1780,NULL,32,5,1,'A07 64GB','351416736311468',430,'2026-05-26 12:57:23',NULL,NULL,NULL,'2026-05-21 08:18:51','2026-05-26 12:57:23',1211),(1781,NULL,32,5,1,'A07 64GB','351416736311443',430,NULL,NULL,NULL,NULL,'2026-05-21 08:18:51','2026-05-21 14:20:37',NULL),(1782,NULL,32,5,1,'A07 64GB','351416736311435',430,'2026-05-25 17:41:22',NULL,NULL,NULL,'2026-05-21 08:18:51','2026-05-25 17:41:22',1183),(1783,NULL,32,5,1,'A07 64GB','351416736311385',430,'2026-05-28 07:13:34',NULL,NULL,NULL,'2026-05-21 08:18:51','2026-05-28 07:13:34',1234),(1784,NULL,32,NULL,1,'A07 64GB','351416736311377',430,'2026-05-21 11:29:21',NULL,NULL,NULL,'2026-05-21 08:18:51','2026-05-21 11:29:21',1048),(1785,NULL,32,5,1,'A07 64GB','351416736311393',430,NULL,NULL,NULL,NULL,'2026-05-21 08:18:51','2026-05-21 14:20:37',NULL),(1786,NULL,32,5,1,'A07 64GB','351416736301667',430,NULL,NULL,NULL,NULL,'2026-05-21 08:18:51','2026-05-21 14:20:37',NULL),(1787,NULL,32,5,1,'A07 64GB','351416736301634',430,NULL,NULL,NULL,NULL,'2026-05-21 08:18:51','2026-05-21 14:20:37',NULL),(1788,NULL,32,5,1,'A07 64GB','351416736310809',430,NULL,NULL,NULL,NULL,'2026-05-21 08:18:51','2026-05-21 14:20:37',NULL),(1789,NULL,32,5,1,'A07 64GB','351416736307243',430,NULL,NULL,NULL,NULL,'2026-05-21 08:18:51','2026-05-21 14:20:37',NULL),(1790,NULL,32,5,1,'A07 64GB','351416736311351',430,NULL,NULL,NULL,NULL,'2026-05-21 08:18:51','2026-05-21 14:20:37',NULL),(1791,NULL,32,5,1,'A07 64GB','351416736311518',430,NULL,NULL,NULL,NULL,'2026-05-21 08:18:51','2026-05-21 14:20:37',NULL),(1792,NULL,32,5,1,'A07 64GB','351416736301659',430,NULL,NULL,NULL,NULL,'2026-05-21 08:18:51','2026-05-21 14:20:37',NULL),(1793,NULL,32,5,1,'A07 64GB','351416736311567',430,NULL,NULL,NULL,NULL,'2026-05-21 08:18:51','2026-05-21 14:20:37',NULL),(1794,NULL,32,5,1,'A07 64GB','351416736310445',430,NULL,NULL,NULL,NULL,'2026-05-21 08:18:51','2026-05-21 14:20:37',NULL),(1795,NULL,21,NULL,1,'A07 64GB','351416736304893',430,'2026-05-25 13:23:51',NULL,NULL,NULL,'2026-05-21 09:27:17','2026-05-25 13:23:51',1160),(1796,NULL,21,NULL,1,'A07 64GB','351416736304992',430,'2026-05-22 16:40:32',NULL,NULL,NULL,'2026-05-21 09:27:17','2026-05-22 16:40:32',1100),(1797,NULL,21,NULL,1,'A07 64GB','351416736301261',430,NULL,NULL,NULL,NULL,'2026-05-21 09:27:17','2026-05-21 09:27:17',NULL),(1798,NULL,21,NULL,1,'A07 64GB','351416736305007',430,NULL,NULL,NULL,NULL,'2026-05-21 09:27:17','2026-05-21 09:27:17',NULL),(1799,NULL,21,NULL,1,'A07 64GB','351416736305031',430,'2026-05-26 06:35:36',NULL,NULL,NULL,'2026-05-21 09:27:17','2026-05-26 06:35:36',1194),(1800,NULL,21,NULL,1,'A07 64GB','351416736304844',430,NULL,NULL,NULL,NULL,'2026-05-21 09:27:17','2026-05-21 09:27:17',NULL),(1801,NULL,21,NULL,1,'A07 64GB','351416736304984',430,NULL,NULL,NULL,NULL,'2026-05-21 09:27:17','2026-05-21 09:27:17',NULL),(1802,NULL,21,NULL,1,'A07 64GB','351416736305072',430,'2026-05-24 13:08:10',NULL,NULL,NULL,'2026-05-21 09:27:17','2026-05-24 13:08:10',1141),(1803,NULL,21,NULL,1,'A07 64GB','351416736305064',430,'2026-05-25 12:37:20',NULL,NULL,NULL,'2026-05-21 09:27:17','2026-05-25 12:37:20',1157),(1804,NULL,21,NULL,1,'A07 64GB','351416736305056',430,'2026-05-24 14:24:59',NULL,NULL,NULL,'2026-05-21 09:27:17','2026-05-24 14:24:59',1143),(1805,NULL,21,NULL,1,'A07 64GB','351416736304927',430,NULL,NULL,NULL,NULL,'2026-05-21 09:27:17','2026-05-21 09:27:17',NULL),(1806,NULL,21,NULL,1,'A07 64GB','351416736304620',430,'2026-05-23 17:05:35',NULL,NULL,NULL,'2026-05-21 09:27:17','2026-05-23 17:05:35',1125),(1807,NULL,21,NULL,1,'A07 64GB','351416736304935',430,'2026-05-21 16:34:00',NULL,NULL,NULL,'2026-05-21 09:27:17','2026-05-21 16:34:00',1067),(1808,NULL,21,NULL,1,'A07 64GB','351416736304786',430,'2026-05-21 14:31:41',NULL,NULL,NULL,'2026-05-21 09:27:17','2026-05-21 14:31:41',1060),(1809,NULL,21,NULL,1,'A07 64GB','351416736291918',430,'2026-05-25 16:51:32',NULL,NULL,NULL,'2026-05-21 09:27:17','2026-05-25 16:51:32',1177),(1810,NULL,21,NULL,1,'A07 64GB','351416736305023',430,'2026-05-27 10:50:04',NULL,NULL,NULL,'2026-05-21 09:27:17','2026-05-27 10:50:04',1222),(1811,NULL,21,NULL,1,'A07 64GB','351416736304968',430,'2026-05-28 09:02:58',NULL,NULL,NULL,'2026-05-21 09:27:17','2026-05-28 09:02:58',1240),(1812,NULL,21,NULL,1,'A07 64GB','351416736305098',430,'2026-05-28 15:03:29',NULL,NULL,NULL,'2026-05-21 09:27:17','2026-05-28 15:03:29',1250),(1813,NULL,21,NULL,1,'A07 64GB','351416736304851',430,'2026-05-26 14:03:07',NULL,NULL,NULL,'2026-05-21 09:27:17','2026-05-26 14:03:07',1212),(1814,NULL,21,NULL,1,'A07 64GB','351416736304943',430,'2026-05-22 09:42:10',NULL,NULL,NULL,'2026-05-21 09:27:17','2026-05-22 09:42:10',1076),(1815,NULL,21,NULL,1,'A07 64GB','351416733216306',430,NULL,NULL,NULL,NULL,'2026-05-21 09:27:17','2026-05-21 09:27:17',NULL),(1816,NULL,21,NULL,1,'A07 64GB','351416733218872',430,'2026-05-23 08:07:15',NULL,NULL,NULL,'2026-05-21 09:27:17','2026-05-23 08:07:15',1105),(1817,NULL,21,NULL,1,'A07 64GB','351416733187093',430,NULL,NULL,NULL,NULL,'2026-05-21 09:27:17','2026-05-21 09:27:17',NULL),(1818,NULL,21,NULL,1,'A07 64GB','351416733189933',430,'2026-05-25 13:45:17',NULL,NULL,NULL,'2026-05-21 09:27:17','2026-05-25 13:45:17',1161),(1819,NULL,21,NULL,1,'A07 64GB','351416733218948',430,'2026-05-25 15:09:44',NULL,NULL,NULL,'2026-05-21 09:27:17','2026-05-25 15:09:44',1167),(1820,NULL,21,NULL,1,'A07 64GB','351416733218997',430,'2026-05-22 16:01:49',NULL,NULL,NULL,'2026-05-21 09:27:17','2026-05-22 16:01:49',1098),(1821,NULL,21,NULL,1,'A07 64GB','351416733219052',430,'2026-05-28 07:54:12',NULL,NULL,NULL,'2026-05-21 09:27:17','2026-05-28 07:54:12',1236),(1822,NULL,21,NULL,1,'A07 64GB','351416733219045',430,'2026-05-27 14:06:17',NULL,NULL,NULL,'2026-05-21 09:27:17','2026-05-27 14:06:17',1231),(1823,NULL,21,NULL,1,'A07 64GB','351416733219037',430,NULL,NULL,NULL,NULL,'2026-05-21 09:27:17','2026-05-21 09:27:17',NULL),(1824,NULL,21,NULL,1,'A07 64GB','351416733199957',430,'2026-05-26 06:38:42',NULL,NULL,NULL,'2026-05-21 09:27:17','2026-05-26 06:38:42',1195),(1825,NULL,21,NULL,1,'A07 64GB','351416733216249',430,'2026-05-24 12:05:01',NULL,NULL,NULL,'2026-05-21 09:27:17','2026-05-24 12:05:01',1137),(1826,NULL,21,NULL,1,'A07 64GB','351416733217916',430,NULL,NULL,NULL,NULL,'2026-05-21 09:27:17','2026-05-21 09:27:17',NULL),(1827,NULL,21,NULL,1,'A07 64GB','351416733205515',430,'2026-05-28 10:31:47',NULL,NULL,NULL,'2026-05-21 09:27:17','2026-05-28 10:31:47',1244),(1828,NULL,21,NULL,1,'A07 64GB','351416733218880',430,'2026-05-28 14:27:32',NULL,NULL,NULL,'2026-05-21 09:27:17','2026-05-28 14:27:32',1249),(1829,NULL,21,NULL,1,'A07 64GB','351416733199940',430,'2026-05-25 16:04:55',NULL,NULL,NULL,'2026-05-21 09:27:17','2026-05-25 16:04:55',1170),(1830,NULL,21,NULL,1,'A07 64GB','351416733215845',430,'2026-05-23 17:53:42',NULL,NULL,NULL,'2026-05-21 09:27:17','2026-05-23 17:53:42',1128),(1831,NULL,21,NULL,1,'A07 64GB','351416733187408',430,NULL,NULL,NULL,NULL,'2026-05-21 09:27:17','2026-05-21 09:27:17',NULL),(1832,NULL,21,NULL,1,'A07 64GB','351416733218914',430,'2026-05-25 08:17:05',NULL,NULL,NULL,'2026-05-21 09:27:17','2026-05-25 08:17:05',1147),(1833,NULL,21,NULL,1,'A07 64GB','351416733216512',430,'2026-05-26 17:23:59',NULL,NULL,NULL,'2026-05-21 09:27:17','2026-05-26 17:23:59',1218),(1834,NULL,53,NULL,1,'A07 64GB','350401997642836',430,'2026-05-23 18:02:15',NULL,NULL,NULL,'2026-05-23 17:04:50','2026-05-23 18:02:15',1130),(1835,NULL,54,NULL,4,'Hot60i 128GB','350937078628822',429,'2026-05-25 17:22:22',NULL,42,NULL,'2026-05-25 17:21:01','2026-05-25 17:22:22',NULL),(1836,NULL,54,NULL,4,'Hot60i 128GB','350937071495336',429,'2026-05-25 17:22:22',NULL,42,NULL,'2026-05-25 17:21:01','2026-05-25 17:22:22',NULL),(1837,NULL,54,NULL,4,'Hot60i 128GB','350937074479519',429,'2026-05-25 17:22:22',NULL,42,NULL,'2026-05-25 17:21:01','2026-05-25 17:22:22',NULL),(1838,NULL,54,NULL,4,'Hot60i 128GB','350937071617426',429,'2026-05-25 17:22:22',NULL,42,NULL,'2026-05-25 17:21:01','2026-05-25 17:22:22',NULL),(1839,NULL,54,NULL,4,'Hot60i 128GB','350937070948806',429,'2026-05-25 17:22:22',NULL,42,NULL,'2026-05-25 17:21:01','2026-05-25 17:22:22',NULL),(1840,NULL,54,NULL,4,'Hot60i 128GB','350937070017842',429,'2026-05-25 17:22:22',NULL,42,NULL,'2026-05-25 17:21:01','2026-05-25 17:22:22',NULL),(1841,NULL,54,NULL,4,'Hot60i 128GB','350937076742336',429,'2026-05-25 17:22:22',NULL,42,NULL,'2026-05-25 17:21:01','2026-05-25 17:22:22',NULL),(1842,NULL,54,NULL,4,'Hot60i 128GB','350937079172069',429,'2026-05-25 17:22:22',NULL,42,NULL,'2026-05-25 17:21:01','2026-05-25 17:22:22',NULL),(1843,NULL,54,NULL,4,'Hot60i 128GB','350937070156343',429,'2026-05-25 17:22:22',NULL,42,NULL,'2026-05-25 17:21:01','2026-05-25 17:22:22',NULL),(1844,NULL,54,NULL,4,'Hot60i 128GB','350937070164669',429,'2026-05-25 17:22:22',NULL,42,NULL,'2026-05-25 17:21:01','2026-05-25 17:22:22',NULL),(1845,NULL,54,NULL,4,'Hot60i 128GB','350937071895287',429,'2026-05-25 17:22:22',NULL,42,NULL,'2026-05-25 17:21:01','2026-05-25 17:22:22',NULL),(1846,NULL,54,NULL,4,'Hot60i 128GB','350937071165624',429,'2026-05-25 17:22:22',NULL,42,NULL,'2026-05-25 17:21:01','2026-05-25 17:22:22',NULL),(1847,NULL,54,NULL,4,'Hot60i 128GB','350937071737216',429,'2026-05-25 17:22:22',NULL,42,NULL,'2026-05-25 17:21:01','2026-05-25 17:22:22',NULL),(1848,NULL,54,NULL,4,'Hot60i 128GB','350937071754518',429,'2026-05-25 17:22:22',NULL,42,NULL,'2026-05-25 17:21:02','2026-05-25 17:22:22',NULL),(1849,NULL,54,NULL,4,'Hot60i 128GB','350937070737381',429,'2026-05-25 17:22:22',NULL,42,NULL,'2026-05-25 17:21:02','2026-05-25 17:22:22',NULL),(1850,NULL,54,NULL,4,'Hot60i 128GB','350937078526653',429,'2026-05-25 17:22:22',NULL,42,NULL,'2026-05-25 17:21:02','2026-05-25 17:22:22',NULL),(1851,NULL,54,NULL,4,'Hot60i 128GB','350937070655021',429,'2026-05-25 17:22:22',NULL,42,NULL,'2026-05-25 17:21:02','2026-05-25 17:22:22',NULL),(1852,NULL,54,NULL,4,'Hot60i 128GB','350937071472707',429,'2026-05-25 17:22:22',NULL,42,NULL,'2026-05-25 17:21:02','2026-05-25 17:22:22',NULL),(1853,NULL,54,NULL,4,'Hot60i 128GB','350937074688937',429,'2026-05-25 17:22:22',NULL,42,NULL,'2026-05-25 17:21:02','2026-05-25 17:22:22',NULL),(1854,NULL,54,NULL,4,'Hot60i 128GB','350937070172035',429,'2026-05-25 17:22:22',NULL,42,NULL,'2026-05-25 17:21:02','2026-05-25 17:22:22',NULL),(1855,NULL,54,NULL,4,'Hot60i 128GB','350937070491799',429,'2026-05-25 17:22:22',NULL,42,NULL,'2026-05-25 17:21:02','2026-05-25 17:22:22',NULL),(1856,NULL,54,NULL,4,'Hot60i 128GB','350937070518948',429,'2026-05-25 17:22:22',NULL,42,NULL,'2026-05-25 17:21:02','2026-05-25 17:22:22',NULL),(1857,NULL,54,NULL,4,'Hot60i 128GB','350937078272944',429,'2026-05-25 17:22:22',NULL,42,NULL,'2026-05-25 17:21:02','2026-05-25 17:22:22',NULL),(1858,NULL,54,NULL,4,'Hot60i 128GB','350937070508790',429,'2026-05-25 17:22:22',NULL,42,NULL,'2026-05-25 17:21:02','2026-05-25 17:22:22',NULL),(1859,NULL,54,NULL,4,'Hot60i 128GB','350937070539365',429,'2026-05-25 17:22:22',NULL,42,NULL,'2026-05-25 17:21:02','2026-05-25 17:22:22',NULL),(1860,NULL,54,NULL,4,'Hot60i 128GB','350937079354691',429,'2026-05-25 17:22:22',NULL,42,NULL,'2026-05-25 17:21:02','2026-05-25 17:22:22',NULL),(1861,NULL,54,NULL,4,'Hot60i 128GB','350937070531586',429,'2026-05-25 17:22:22',NULL,42,NULL,'2026-05-25 17:21:02','2026-05-25 17:22:22',NULL),(1862,NULL,54,NULL,4,'Hot60i 128GB','350937078631057',429,'2026-05-25 17:22:22',NULL,42,NULL,'2026-05-25 17:21:02','2026-05-25 17:22:22',NULL),(1863,NULL,54,NULL,4,'Hot60i 128GB','350937070537047',429,'2026-05-25 17:22:22',NULL,42,NULL,'2026-05-25 17:21:02','2026-05-25 17:22:22',NULL),(1864,NULL,54,NULL,4,'Hot60i 128GB','350937073488289',429,'2026-05-25 17:22:22',NULL,42,NULL,'2026-05-25 17:21:02','2026-05-25 17:22:22',NULL),(1865,NULL,54,NULL,4,'Hot60i 128GB','350937070530745',429,'2026-05-25 17:22:22',NULL,42,NULL,'2026-05-25 17:21:02','2026-05-25 17:22:22',NULL),(1866,NULL,54,NULL,4,'Hot60i 128GB','350937072328569',429,'2026-05-25 17:22:22',NULL,42,NULL,'2026-05-25 17:21:02','2026-05-25 17:22:22',NULL),(1867,NULL,54,NULL,4,'Hot60i 128GB','350937073359464',429,'2026-05-25 17:22:22',NULL,42,NULL,'2026-05-25 17:21:02','2026-05-25 17:22:22',NULL),(1868,NULL,54,NULL,4,'Hot60i 128GB','350937070491864',429,'2026-05-25 17:22:22',NULL,42,NULL,'2026-05-25 17:21:02','2026-05-25 17:22:22',NULL),(1869,NULL,54,NULL,4,'Hot60i 128GB','350937078118618',429,'2026-05-25 17:22:22',NULL,42,NULL,'2026-05-25 17:21:02','2026-05-25 17:22:22',NULL),(1870,NULL,54,NULL,4,'Hot60i 128GB','350937072385189',429,'2026-05-25 17:22:22',NULL,42,NULL,'2026-05-25 17:21:02','2026-05-25 17:22:22',NULL),(1871,NULL,54,NULL,4,'Hot60i 128GB','350937070501928',429,'2026-05-25 17:22:22',NULL,42,NULL,'2026-05-25 17:21:02','2026-05-25 17:22:22',NULL),(1872,NULL,54,NULL,4,'Hot60i 128GB','350937074514182',429,'2026-05-25 17:22:22',NULL,42,NULL,'2026-05-25 17:21:02','2026-05-25 17:22:22',NULL),(1873,NULL,54,NULL,4,'Hot60i 128GB','350937074915256',429,'2026-05-25 17:22:22',NULL,42,NULL,'2026-05-25 17:21:02','2026-05-25 17:22:22',NULL),(1874,NULL,54,NULL,4,'Hot60i 128GB','350937072355547',429,'2026-05-25 17:22:22',NULL,42,NULL,'2026-05-25 17:21:02','2026-05-25 17:22:22',NULL),(1875,NULL,54,NULL,4,'Hot60i 128GB','350937071393713',429,'2026-05-25 17:22:22',NULL,42,NULL,'2026-05-25 17:21:02','2026-05-25 17:22:22',NULL),(1876,NULL,54,NULL,4,'Hot60i 128GB','350937071275290',429,'2026-05-25 17:22:22',NULL,42,NULL,'2026-05-25 17:21:02','2026-05-25 17:22:22',NULL),(1877,NULL,54,NULL,4,'Hot60i 128GB','350937071365018',429,'2026-05-25 17:22:22',NULL,42,NULL,'2026-05-25 17:21:02','2026-05-25 17:22:22',NULL),(1878,NULL,54,NULL,4,'Hot60i 128GB','350937071864804',429,'2026-05-25 17:22:22',NULL,42,NULL,'2026-05-25 17:21:02','2026-05-25 17:22:22',NULL),(1879,NULL,54,NULL,4,'Hot60i 128GB','350937071292683',429,'2026-05-25 17:22:22',NULL,42,NULL,'2026-05-25 17:21:02','2026-05-25 17:22:22',NULL),(1880,NULL,54,NULL,4,'Hot60i 128GB','350937072123960',429,'2026-05-25 17:22:22',NULL,42,NULL,'2026-05-25 17:21:02','2026-05-25 17:22:22',NULL),(1881,NULL,54,NULL,4,'Hot60i 128GB','350937071955800',429,'2026-05-25 17:22:22',NULL,42,NULL,'2026-05-25 17:21:02','2026-05-25 17:22:22',NULL),(1882,NULL,54,NULL,4,'Hot60i 128GB','350937071957368',429,'2026-05-25 17:22:22',NULL,42,NULL,'2026-05-25 17:21:02','2026-05-25 17:22:22',NULL),(1883,NULL,54,NULL,4,'Hot60i 128GB','350937071883176',429,'2026-05-25 17:22:22',NULL,42,NULL,'2026-05-25 17:21:02','2026-05-25 17:22:22',NULL),(1884,NULL,54,NULL,4,'Hot60i 128GB','350937074308114',429,'2026-05-25 17:22:22',NULL,42,NULL,'2026-05-25 17:21:02','2026-05-25 17:22:22',NULL),(1885,NULL,54,NULL,4,'Hot60i 128GB','350937072327512',429,'2026-05-25 17:22:22',NULL,42,NULL,'2026-05-25 17:21:02','2026-05-25 17:22:22',NULL),(1886,NULL,54,NULL,4,'Hot60i 128GB','350937071262306',429,'2026-05-25 17:22:22',NULL,42,NULL,'2026-05-25 17:21:02','2026-05-25 17:22:22',NULL),(1887,NULL,54,NULL,4,'Hot60i 128GB','350937072393928',429,'2026-05-25 17:22:22',NULL,42,NULL,'2026-05-25 17:21:02','2026-05-25 17:22:22',NULL),(1888,NULL,54,NULL,4,'Hot60i 128GB','350937071445869',429,'2026-05-25 17:22:22',NULL,42,NULL,'2026-05-25 17:21:02','2026-05-25 17:22:22',NULL),(1889,NULL,54,NULL,4,'Hot60i 128GB','350937071931850',429,'2026-05-25 17:22:22',NULL,42,NULL,'2026-05-25 17:21:02','2026-05-25 17:22:22',NULL),(1890,NULL,54,NULL,4,'Hot60i 128GB','350937072062671',429,'2026-05-25 17:22:22',NULL,42,NULL,'2026-05-25 17:21:02','2026-05-25 17:22:22',NULL),(1891,NULL,54,NULL,4,'Hot60i 128GB','350937071572886',429,'2026-05-25 17:22:22',NULL,42,NULL,'2026-05-25 17:21:02','2026-05-25 17:22:22',NULL),(1892,NULL,54,NULL,4,'Hot60i 128GB','350937071600059',429,'2026-05-25 17:22:22',NULL,42,NULL,'2026-05-25 17:21:02','2026-05-25 17:22:22',NULL),(1893,NULL,54,NULL,4,'Hot60i 128GB','350937071915291',429,'2026-05-25 17:22:22',NULL,42,NULL,'2026-05-25 17:21:02','2026-05-25 17:22:22',NULL),(1894,NULL,54,NULL,4,'Hot60i 128GB','350937071667819',429,'2026-05-25 17:22:22',NULL,42,NULL,'2026-05-25 17:21:02','2026-05-25 17:22:22',NULL),(1895,NULL,54,NULL,4,'Hot60i 128GB','350007352803150',429,'2026-05-25 17:22:22',NULL,42,NULL,'2026-05-25 17:21:02','2026-05-25 17:22:22',NULL),(1896,NULL,54,NULL,4,'Hot60i 128GB','350007353086227',429,'2026-05-25 17:22:22',NULL,42,NULL,'2026-05-25 17:21:02','2026-05-25 17:22:22',NULL),(1897,NULL,54,NULL,4,'Hot60i 128GB','350007350546439',429,'2026-05-25 17:22:22',NULL,42,NULL,'2026-05-25 17:21:02','2026-05-25 17:22:22',NULL),(1898,NULL,54,NULL,4,'Hot60i 128GB','350007350372695',429,'2026-05-25 17:22:22',NULL,42,NULL,'2026-05-25 17:21:02','2026-05-25 17:22:22',NULL),(1899,NULL,54,NULL,4,'Hot60i 128GB','350007350805397',429,'2026-05-25 17:22:22',NULL,42,NULL,'2026-05-25 17:21:02','2026-05-25 17:22:22',NULL),(1900,NULL,54,NULL,4,'Hot60i 128GB','350007353032809',429,'2026-05-25 17:22:22',NULL,42,NULL,'2026-05-25 17:21:02','2026-05-25 17:22:22',NULL),(1901,NULL,54,NULL,4,'Hot60i 128GB','350007353133078',429,'2026-05-25 17:22:22',NULL,42,NULL,'2026-05-25 17:21:02','2026-05-25 17:22:22',NULL),(1902,NULL,54,NULL,4,'Hot60i 128GB','350007353104921',429,'2026-05-25 17:22:22',NULL,42,NULL,'2026-05-25 17:21:02','2026-05-25 17:22:22',NULL),(1903,NULL,54,NULL,4,'Hot60i 128GB','350007357280008',429,'2026-05-25 17:22:22',NULL,42,NULL,'2026-05-25 17:21:02','2026-05-25 17:22:22',NULL),(1904,NULL,54,NULL,4,'Hot60i 128GB','350007353211593',429,'2026-05-25 17:22:22',NULL,42,NULL,'2026-05-25 17:21:02','2026-05-25 17:22:22',NULL),(1905,NULL,54,NULL,4,'Hot60i 128GB','350007350874336',429,'2026-05-25 17:22:22',NULL,42,NULL,'2026-05-25 17:21:02','2026-05-25 17:22:22',NULL),(1906,NULL,54,NULL,4,'Hot60i 128GB','350007353032429',429,'2026-05-25 17:22:22',NULL,42,NULL,'2026-05-25 17:21:02','2026-05-25 17:22:22',NULL),(1907,NULL,54,NULL,4,'Hot60i 128GB','350007350770856',429,'2026-05-25 17:22:22',NULL,42,NULL,'2026-05-25 17:21:02','2026-05-25 17:22:22',NULL),(1908,NULL,54,NULL,4,'Hot60i 128GB','350007353142541',429,'2026-05-25 17:22:22',NULL,42,NULL,'2026-05-25 17:21:02','2026-05-25 17:22:22',NULL),(1909,NULL,54,NULL,4,'Hot60i 128GB','350007353193940',429,'2026-05-25 17:22:22',NULL,42,NULL,'2026-05-25 17:21:02','2026-05-25 17:22:22',NULL),(1910,NULL,54,NULL,4,'Hot60i 128GB','350007350855129',429,'2026-05-25 17:22:22',NULL,42,NULL,'2026-05-25 17:21:02','2026-05-25 17:22:22',NULL),(1911,NULL,54,NULL,4,'Hot60i 128GB','350007356271644',429,'2026-05-25 17:22:22',NULL,42,NULL,'2026-05-25 17:21:02','2026-05-25 17:22:22',NULL),(1912,NULL,54,NULL,4,'Hot60i 128GB','350007353053912',429,'2026-05-25 17:22:22',NULL,42,NULL,'2026-05-25 17:21:02','2026-05-25 17:22:22',NULL),(1913,NULL,54,NULL,4,'Hot60i 128GB','350007350853058',429,'2026-05-25 17:22:22',NULL,42,NULL,'2026-05-25 17:21:02','2026-05-25 17:22:22',NULL),(1914,NULL,54,NULL,4,'Hot60i 128GB','350007353064125',429,'2026-05-25 17:22:22',NULL,42,NULL,'2026-05-25 17:21:02','2026-05-25 17:22:22',NULL),(1915,NULL,54,NULL,4,'Hot60i 128GB','350007352855853',429,'2026-05-25 17:22:22',NULL,42,NULL,'2026-05-25 17:21:02','2026-05-25 17:22:22',NULL),(1916,NULL,54,NULL,4,'Hot60i 128GB','350007352936125',429,'2026-05-25 17:22:22',NULL,42,NULL,'2026-05-25 17:21:02','2026-05-25 17:22:22',NULL),(1917,NULL,54,NULL,4,'Hot60i 128GB','350007356230434',429,'2026-05-25 17:22:22',NULL,42,NULL,'2026-05-25 17:21:02','2026-05-25 17:22:22',NULL),(1918,NULL,54,NULL,4,'Hot60i 128GB','350007352009287',429,'2026-05-25 17:22:22',NULL,42,NULL,'2026-05-25 17:21:02','2026-05-25 17:22:22',NULL),(1919,NULL,54,NULL,4,'Hot60i 128GB','350007357250324',429,'2026-05-25 17:22:22',NULL,42,NULL,'2026-05-25 17:21:02','2026-05-25 17:22:22',NULL),(1920,NULL,54,NULL,4,'Hot60i 128GB','350007356810508',429,'2026-05-25 17:22:22',NULL,42,NULL,'2026-05-25 17:21:02','2026-05-25 17:22:22',NULL),(1921,NULL,54,NULL,4,'Hot60i 128GB','350007353899389',429,'2026-05-25 17:22:22',NULL,42,NULL,'2026-05-25 17:21:02','2026-05-25 17:22:22',NULL),(1922,NULL,54,NULL,4,'Hot60i 128GB','350007353410617',429,'2026-05-25 17:22:22',NULL,42,NULL,'2026-05-25 17:21:02','2026-05-25 17:22:22',NULL),(1923,NULL,54,NULL,4,'Hot60i 128GB','350007353101505',429,'2026-05-25 17:22:22',NULL,42,NULL,'2026-05-25 17:21:03','2026-05-25 17:22:22',NULL),(1924,NULL,54,NULL,4,'Hot60i 128GB','350007353163778',429,'2026-05-25 17:22:22',NULL,42,NULL,'2026-05-25 17:21:03','2026-05-25 17:22:22',NULL),(1925,NULL,54,NULL,4,'Hot60i 128GB','350007353181747',429,'2026-05-25 17:22:22',NULL,42,NULL,'2026-05-25 17:21:03','2026-05-25 17:22:22',NULL),(1926,NULL,54,NULL,4,'Hot60i 128GB','350007353198352',429,'2026-05-25 17:22:22',NULL,42,NULL,'2026-05-25 17:21:03','2026-05-25 17:22:22',NULL),(1927,NULL,54,NULL,4,'Hot60i 128GB','350007353256879',429,'2026-05-25 17:22:22',NULL,42,NULL,'2026-05-25 17:21:03','2026-05-25 17:22:22',NULL),(1928,NULL,54,NULL,4,'Hot60i 128GB','350007353238976',429,'2026-05-25 17:22:22',NULL,42,NULL,'2026-05-25 17:21:03','2026-05-25 17:22:22',NULL),(1929,NULL,54,NULL,4,'Hot60i 128GB','350007353159016',429,'2026-05-25 17:22:22',NULL,42,NULL,'2026-05-25 17:21:03','2026-05-25 17:22:22',NULL),(1930,NULL,54,NULL,4,'Hot60i 128GB','350007351974119',429,'2026-05-25 17:22:22',NULL,42,NULL,'2026-05-25 17:21:03','2026-05-25 17:22:22',NULL),(1931,NULL,54,NULL,4,'Hot60i 128GB','350007352044714',429,'2026-05-25 17:22:22',NULL,42,NULL,'2026-05-25 17:21:03','2026-05-25 17:22:22',NULL),(1932,NULL,54,NULL,4,'Hot60i 128GB','350007350370533',429,'2026-05-25 17:22:22',NULL,42,NULL,'2026-05-25 17:21:03','2026-05-25 17:22:22',NULL),(1933,NULL,54,NULL,4,'Hot60i 128GB','350007351355079',429,'2026-05-25 17:22:22',NULL,42,NULL,'2026-05-25 17:21:03','2026-05-25 17:22:22',NULL),(1934,NULL,54,NULL,4,'Hot60i 128GB','350007351434163',429,'2026-05-25 17:22:22',NULL,42,NULL,'2026-05-25 17:21:03','2026-05-25 17:22:22',NULL),(1935,NULL,7,NULL,1,'A07 64GB','350151140657781',430,'2026-05-25 17:48:56',NULL,NULL,NULL,'2026-05-25 17:34:45','2026-05-25 17:48:56',1184),(1936,NULL,55,NULL,1,'A07 64GB','351929931658459',430,'2026-05-26 11:53:20',NULL,NULL,NULL,'2026-05-26 11:30:16','2026-05-26 11:53:20',1208),(1937,NULL,57,NULL,1,'Galaxy A06 64GB/4GB','354720734354843',95,'2026-05-26 17:10:37',NULL,43,NULL,'2026-05-26 17:07:07','2026-05-26 17:10:37',NULL),(1938,NULL,57,NULL,1,'Galaxy A06 64GB/4GB','354720734354785',95,'2026-05-26 17:10:37',NULL,43,NULL,'2026-05-26 17:07:07','2026-05-26 17:10:37',NULL),(1939,NULL,57,NULL,1,'Galaxy A06 64GB/4GB','354720734320976',95,'2026-05-26 17:10:37',NULL,43,NULL,'2026-05-26 17:07:07','2026-05-26 17:10:37',NULL),(1940,NULL,57,NULL,1,'Galaxy A06 64GB/4GB','354720734354702',95,'2026-05-26 17:10:37',NULL,43,NULL,'2026-05-26 17:07:07','2026-05-26 17:10:37',NULL),(1941,NULL,57,NULL,1,'Galaxy A06 64GB/4GB','354720734353969',95,'2026-05-26 17:10:37',NULL,43,NULL,'2026-05-26 17:07:07','2026-05-26 17:10:37',NULL),(1942,NULL,57,NULL,1,'Galaxy A06 64GB/4GB','354720734354868',95,'2026-05-26 17:10:37',NULL,43,NULL,'2026-05-26 17:07:07','2026-05-26 17:10:37',NULL),(1943,NULL,57,NULL,1,'Galaxy A06 64GB/4GB','354720734354918',95,'2026-05-26 17:10:37',NULL,43,NULL,'2026-05-26 17:07:07','2026-05-26 17:10:37',NULL),(1944,NULL,57,NULL,1,'Galaxy A06 64GB/4GB','354720734354934',95,'2026-05-26 17:10:37',NULL,43,NULL,'2026-05-26 17:07:07','2026-05-26 17:10:37',NULL),(1945,NULL,57,NULL,1,'Galaxy A06 64GB/4GB','354720734354900',95,'2026-05-26 17:10:37',NULL,43,NULL,'2026-05-26 17:07:07','2026-05-26 17:10:37',NULL),(1946,NULL,57,NULL,1,'Galaxy A06 64GB/4GB','354720734354835',95,'2026-05-26 17:10:37',NULL,43,NULL,'2026-05-26 17:07:07','2026-05-26 17:10:37',NULL),(1947,NULL,57,NULL,1,'Galaxy A06 64GB/4GB','354720734352995',95,'2026-05-26 17:10:37',NULL,43,NULL,'2026-05-26 17:07:07','2026-05-26 17:10:37',NULL),(1948,NULL,57,NULL,1,'Galaxy A06 64GB/4GB','354720734354983',95,'2026-05-26 17:10:37',NULL,43,NULL,'2026-05-26 17:07:07','2026-05-26 17:10:37',NULL),(1949,NULL,57,NULL,1,'Galaxy A06 64GB/4GB','354720734354637',95,'2026-05-26 17:10:37',NULL,43,NULL,'2026-05-26 17:07:07','2026-05-26 17:10:37',NULL),(1950,NULL,57,NULL,1,'Galaxy A06 64GB/4GB','354720734320679',95,'2026-05-26 17:10:37',NULL,43,NULL,'2026-05-26 17:07:07','2026-05-26 17:10:37',NULL),(1951,NULL,57,NULL,1,'Galaxy A06 64GB/4GB','354720734354827',95,'2026-05-26 17:10:37',NULL,43,NULL,'2026-05-26 17:07:07','2026-05-26 17:10:37',NULL),(1952,NULL,57,NULL,1,'Galaxy A06 64GB/4GB','354720734354736',95,'2026-05-26 17:10:37',NULL,43,NULL,'2026-05-26 17:07:07','2026-05-26 17:10:37',NULL),(1953,NULL,57,NULL,1,'Galaxy A06 64GB/4GB','354720734354850',95,'2026-05-26 17:10:37',NULL,43,NULL,'2026-05-26 17:07:07','2026-05-26 17:10:37',NULL),(1954,NULL,57,NULL,1,'Galaxy A06 64GB/4GB','354720734354355',95,'2026-05-26 17:10:37',NULL,43,NULL,'2026-05-26 17:07:07','2026-05-26 17:10:37',NULL),(1955,NULL,57,NULL,1,'Galaxy A06 64GB/4GB','354720734354801',95,'2026-05-26 17:10:37',NULL,43,NULL,'2026-05-26 17:07:07','2026-05-26 17:10:37',NULL),(1956,NULL,57,NULL,1,'Galaxy A06 64GB/4GB','354720734354082',95,'2026-05-26 17:10:37',NULL,43,NULL,'2026-05-26 17:07:07','2026-05-26 17:10:37',NULL),(1957,NULL,57,NULL,1,'Galaxy A06 64GB/4GB','354720734346849',95,'2026-05-26 17:10:37',NULL,43,NULL,'2026-05-26 17:07:07','2026-05-26 17:10:37',NULL),(1958,NULL,57,NULL,1,'Galaxy A06 64GB/4GB','354720734346773',95,'2026-05-26 17:10:37',NULL,43,NULL,'2026-05-26 17:07:07','2026-05-26 17:10:37',NULL),(1959,NULL,57,NULL,1,'Galaxy A06 64GB/4GB','354720734346864',95,'2026-05-26 17:10:37',NULL,43,NULL,'2026-05-26 17:07:07','2026-05-26 17:10:37',NULL),(1960,NULL,57,NULL,1,'Galaxy A06 64GB/4GB','354720734346740',95,'2026-05-26 17:10:37',NULL,43,NULL,'2026-05-26 17:07:07','2026-05-26 17:10:37',NULL),(1961,NULL,57,NULL,1,'Galaxy A06 64GB/4GB','354720734346617',95,'2026-05-26 17:10:37',NULL,43,NULL,'2026-05-26 17:07:07','2026-05-26 17:10:37',NULL),(1962,NULL,57,NULL,1,'Galaxy A06 64GB/4GB','354720734346575',95,'2026-05-26 17:10:37',NULL,43,NULL,'2026-05-26 17:07:07','2026-05-26 17:10:37',NULL),(1963,NULL,57,NULL,1,'Galaxy A06 64GB/4GB','354720734346641',95,'2026-05-26 17:10:37',NULL,43,NULL,'2026-05-26 17:07:07','2026-05-26 17:10:37',NULL),(1964,NULL,57,NULL,1,'Galaxy A06 64GB/4GB','354720734346724',95,'2026-05-26 17:10:37',NULL,43,NULL,'2026-05-26 17:07:07','2026-05-26 17:10:37',NULL),(1965,NULL,57,NULL,1,'Galaxy A06 64GB/4GB','354720734346583',95,'2026-05-26 17:10:37',NULL,43,NULL,'2026-05-26 17:07:07','2026-05-26 17:10:37',NULL),(1966,NULL,57,NULL,1,'Galaxy A06 64GB/4GB','354720734346757',95,'2026-05-26 17:10:37',NULL,43,NULL,'2026-05-26 17:07:07','2026-05-26 17:10:37',NULL),(1967,NULL,57,NULL,1,'Galaxy A06 64GB/4GB','354720734346781',95,'2026-05-26 17:10:37',NULL,43,NULL,'2026-05-26 17:07:07','2026-05-26 17:10:37',NULL),(1968,NULL,57,NULL,1,'Galaxy A06 64GB/4GB','354720734346070',95,'2026-05-26 17:10:37',NULL,43,NULL,'2026-05-26 17:07:07','2026-05-26 17:10:37',NULL),(1969,NULL,57,NULL,1,'Galaxy A06 64GB/4GB','354720734346823',95,'2026-05-26 17:10:37',NULL,43,NULL,'2026-05-26 17:07:07','2026-05-26 17:10:37',NULL),(1970,NULL,57,NULL,1,'Galaxy A06 64GB/4GB','354720734346716',95,'2026-05-26 17:10:37',NULL,43,NULL,'2026-05-26 17:07:07','2026-05-26 17:10:37',NULL),(1971,NULL,57,NULL,1,'Galaxy A06 64GB/4GB','354720734346732',95,'2026-05-26 17:10:37',NULL,43,NULL,'2026-05-26 17:07:07','2026-05-26 17:10:37',NULL),(1972,NULL,57,NULL,1,'Galaxy A06 64GB/4GB','354720734346765',95,'2026-05-26 17:10:37',NULL,43,NULL,'2026-05-26 17:07:07','2026-05-26 17:10:37',NULL),(1973,NULL,57,NULL,1,'Galaxy A06 64GB/4GB','354720734346872',95,'2026-05-26 17:10:37',NULL,43,NULL,'2026-05-26 17:07:07','2026-05-26 17:10:37',NULL),(1974,NULL,57,NULL,1,'Galaxy A06 64GB/4GB','354720734346898',95,'2026-05-26 17:10:37',NULL,43,NULL,'2026-05-26 17:07:07','2026-05-26 17:10:37',NULL),(1975,NULL,57,NULL,1,'Galaxy A06 64GB/4GB','354720734346401',95,'2026-05-26 17:10:37',NULL,43,NULL,'2026-05-26 17:07:07','2026-05-26 17:10:37',NULL),(1976,NULL,57,NULL,1,'Galaxy A06 64GB/4GB','354720734346997',95,'2026-05-26 17:10:37',NULL,43,NULL,'2026-05-26 17:07:07','2026-05-26 17:10:37',NULL),(1977,NULL,57,NULL,1,'Galaxy A06 64GB/4GB','350082558129619',95,'2026-05-26 17:10:37',NULL,43,NULL,'2026-05-26 17:07:07','2026-05-26 17:10:37',NULL),(1978,NULL,57,NULL,1,'Galaxy A06 64GB/4GB','350082558129585',95,'2026-05-26 17:10:37',NULL,43,NULL,'2026-05-26 17:07:07','2026-05-26 17:10:37',NULL),(1979,NULL,57,NULL,1,'Galaxy A06 64GB/4GB','350082558134353',95,'2026-05-26 17:10:37',NULL,43,NULL,'2026-05-26 17:07:07','2026-05-26 17:10:37',NULL),(1980,NULL,57,NULL,1,'Galaxy A06 64GB/4GB','350082558129601',95,'2026-05-26 17:10:37',NULL,43,NULL,'2026-05-26 17:07:07','2026-05-26 17:10:37',NULL),(1981,NULL,57,NULL,1,'Galaxy A06 64GB/4GB','350082558104802',95,'2026-05-26 17:10:37',NULL,43,NULL,'2026-05-26 17:07:07','2026-05-26 17:10:37',NULL),(1982,NULL,57,NULL,1,'Galaxy A06 64GB/4GB','350082558112821',95,'2026-05-26 17:10:37',NULL,43,NULL,'2026-05-26 17:07:07','2026-05-26 17:10:37',NULL),(1983,NULL,57,NULL,1,'Galaxy A06 64GB/4GB','350082558129437',95,'2026-05-26 17:10:37',NULL,43,NULL,'2026-05-26 17:07:07','2026-05-26 17:10:37',NULL),(1984,NULL,57,NULL,1,'Galaxy A06 64GB/4GB','350082558129445',95,'2026-05-26 17:10:37',NULL,43,NULL,'2026-05-26 17:07:07','2026-05-26 17:10:37',NULL),(1985,NULL,57,NULL,1,'Galaxy A06 64GB/4GB','350082558129478',95,'2026-05-26 17:10:37',NULL,43,NULL,'2026-05-26 17:07:07','2026-05-26 17:10:37',NULL),(1986,NULL,57,NULL,1,'Galaxy A06 64GB/4GB','350082558129452',95,'2026-05-26 17:10:37',NULL,43,NULL,'2026-05-26 17:07:07','2026-05-26 17:10:37',NULL),(1987,NULL,57,NULL,1,'Galaxy A06 64GB/4GB','350082558129577',95,'2026-05-26 17:10:37',NULL,43,NULL,'2026-05-26 17:07:07','2026-05-26 17:10:37',NULL),(1988,NULL,57,NULL,1,'Galaxy A06 64GB/4GB','350082558129593',95,'2026-05-26 17:10:37',NULL,43,NULL,'2026-05-26 17:07:07','2026-05-26 17:10:37',NULL),(1989,NULL,57,NULL,1,'Galaxy A06 64GB/4GB','350082558136044',95,'2026-05-26 17:10:37',NULL,43,NULL,'2026-05-26 17:07:07','2026-05-26 17:10:37',NULL),(1990,NULL,57,NULL,1,'Galaxy A06 64GB/4GB','350082558134932',95,'2026-05-26 17:10:37',NULL,43,NULL,'2026-05-26 17:07:07','2026-05-26 17:10:37',NULL),(1991,NULL,57,NULL,1,'Galaxy A06 64GB/4GB','350082558136614',95,'2026-05-26 17:10:37',NULL,43,NULL,'2026-05-26 17:07:07','2026-05-26 17:10:37',NULL),(1992,NULL,57,NULL,1,'Galaxy A06 64GB/4GB','350082558134312',95,'2026-05-26 17:10:37',NULL,43,NULL,'2026-05-26 17:07:07','2026-05-26 17:10:37',NULL),(1993,NULL,57,NULL,1,'Galaxy A06 64GB/4GB','350082558134254',95,'2026-05-26 17:10:37',NULL,43,NULL,'2026-05-26 17:07:07','2026-05-26 17:10:37',NULL),(1994,NULL,57,NULL,1,'Galaxy A06 64GB/4GB','350082558139956',95,'2026-05-26 17:10:37',NULL,43,NULL,'2026-05-26 17:07:07','2026-05-26 17:10:37',NULL),(1995,NULL,57,NULL,1,'Galaxy A06 64GB/4GB','350082558129023',95,'2026-05-26 17:10:37',NULL,43,NULL,'2026-05-26 17:07:07','2026-05-26 17:10:37',NULL),(1996,NULL,57,NULL,1,'Galaxy A06 64GB/4GB','350082558124057',95,'2026-05-26 17:10:37',NULL,43,NULL,'2026-05-26 17:07:07','2026-05-26 17:10:37',NULL),(1997,NULL,57,NULL,1,'Galaxy A06 64GB/4GB','354720734352185',95,'2026-05-26 17:10:37',NULL,43,NULL,'2026-05-26 17:07:07','2026-05-26 17:10:37',NULL),(1998,NULL,57,NULL,1,'Galaxy A06 64GB/4GB','354720734352268',95,'2026-05-26 17:10:37',NULL,43,NULL,'2026-05-26 17:07:07','2026-05-26 17:10:37',NULL),(1999,NULL,57,NULL,1,'Galaxy A06 64GB/4GB','354720734352292',95,'2026-05-26 17:10:37',NULL,43,NULL,'2026-05-26 17:07:07','2026-05-26 17:10:37',NULL),(2000,NULL,57,NULL,1,'Galaxy A06 64GB/4GB','354720734352219',95,'2026-05-26 17:10:37',NULL,43,NULL,'2026-05-26 17:07:07','2026-05-26 17:10:37',NULL),(2001,NULL,57,NULL,1,'Galaxy A06 64GB/4GB','354720734352300',95,'2026-05-26 17:10:37',NULL,43,NULL,'2026-05-26 17:07:07','2026-05-26 17:10:37',NULL),(2002,NULL,57,NULL,1,'Galaxy A06 64GB/4GB','354720734352326',95,'2026-05-26 17:10:37',NULL,43,NULL,'2026-05-26 17:07:07','2026-05-26 17:10:37',NULL),(2003,NULL,57,NULL,1,'Galaxy A06 64GB/4GB','354720734352250',95,'2026-05-26 17:10:37',NULL,43,NULL,'2026-05-26 17:07:07','2026-05-26 17:10:37',NULL),(2004,NULL,57,NULL,1,'Galaxy A06 64GB/4GB','354720734322618',95,'2026-05-26 17:10:37',NULL,43,NULL,'2026-05-26 17:07:07','2026-05-26 17:10:37',NULL),(2005,NULL,57,NULL,1,'Galaxy A06 64GB/4GB','354720734352334',95,'2026-05-26 17:10:37',NULL,43,NULL,'2026-05-26 17:07:07','2026-05-26 17:10:37',NULL),(2006,NULL,57,NULL,1,'Galaxy A06 64GB/4GB','354720734323244',95,'2026-05-26 17:10:37',NULL,43,NULL,'2026-05-26 17:07:07','2026-05-26 17:10:37',NULL),(2007,NULL,57,NULL,1,'Galaxy A06 64GB/4GB','354720734349942',95,'2026-05-26 17:10:37',NULL,43,NULL,'2026-05-26 17:07:07','2026-05-26 17:10:37',NULL),(2008,NULL,57,NULL,1,'Galaxy A06 64GB/4GB','354720734352417',95,'2026-05-26 17:10:37',NULL,43,NULL,'2026-05-26 17:07:07','2026-05-26 17:10:37',NULL),(2009,NULL,57,NULL,1,'Galaxy A06 64GB/4GB','354720734352466',95,'2026-05-26 17:10:37',NULL,43,NULL,'2026-05-26 17:07:07','2026-05-26 17:10:37',NULL),(2010,NULL,57,NULL,1,'Galaxy A06 64GB/4GB','354720734352441',95,'2026-05-26 17:10:37',NULL,43,NULL,'2026-05-26 17:07:07','2026-05-26 17:10:37',NULL),(2011,NULL,57,NULL,1,'Galaxy A06 64GB/4GB','354720734351013',95,'2026-05-26 17:10:37',NULL,43,NULL,'2026-05-26 17:07:07','2026-05-26 17:10:37',NULL),(2012,NULL,57,NULL,1,'Galaxy A06 64GB/4GB','354720734352342',95,'2026-05-26 17:10:37',NULL,43,NULL,'2026-05-26 17:07:07','2026-05-26 17:10:37',NULL),(2013,NULL,57,NULL,1,'Galaxy A06 64GB/4GB','354720734352474',95,'2026-05-26 17:10:37',NULL,43,NULL,'2026-05-26 17:07:07','2026-05-26 17:10:37',NULL),(2014,NULL,57,NULL,1,'Galaxy A06 64GB/4GB','354720734352516',95,'2026-05-26 17:10:37',NULL,43,NULL,'2026-05-26 17:07:07','2026-05-26 17:10:37',NULL),(2015,NULL,57,NULL,1,'Galaxy A06 64GB/4GB','354720734350411',95,'2026-05-26 17:10:37',NULL,43,NULL,'2026-05-26 17:07:07','2026-05-26 17:10:37',NULL),(2016,NULL,57,NULL,1,'Galaxy A06 64GB/4GB','354720734352458',95,'2026-05-26 17:10:37',NULL,43,NULL,'2026-05-26 17:07:07','2026-05-26 17:10:37',NULL),(2017,NULL,57,NULL,1,'Galaxy A06 64GB/4GB','354720731643602',95,'2026-05-26 17:10:37',NULL,43,NULL,'2026-05-26 17:07:07','2026-05-26 17:10:37',NULL),(2018,NULL,57,NULL,1,'Galaxy A06 64GB/4GB','354720731642588',95,'2026-05-26 17:10:37',NULL,43,NULL,'2026-05-26 17:07:07','2026-05-26 17:10:37',NULL),(2019,NULL,57,NULL,1,'Galaxy A06 64GB/4GB','354720731643990',95,'2026-05-26 17:10:37',NULL,43,NULL,'2026-05-26 17:07:07','2026-05-26 17:10:37',NULL),(2020,NULL,57,NULL,1,'Galaxy A06 64GB/4GB','354720731644576',95,'2026-05-26 17:10:37',NULL,43,NULL,'2026-05-26 17:07:07','2026-05-26 17:10:37',NULL),(2021,NULL,57,NULL,1,'Galaxy A06 64GB/4GB','354720731646555',95,'2026-05-26 17:10:37',NULL,43,NULL,'2026-05-26 17:07:07','2026-05-26 17:10:37',NULL),(2022,NULL,57,NULL,1,'Galaxy A06 64GB/4GB','354720731643032',95,'2026-05-26 17:10:37',NULL,43,NULL,'2026-05-26 17:07:07','2026-05-26 17:10:37',NULL),(2023,NULL,57,NULL,1,'Galaxy A06 64GB/4GB','354720731642307',95,'2026-05-26 17:10:37',NULL,43,NULL,'2026-05-26 17:07:07','2026-05-26 17:10:37',NULL),(2024,NULL,57,NULL,1,'Galaxy A06 64GB/4GB','354720731635012',95,'2026-05-26 17:10:37',NULL,43,NULL,'2026-05-26 17:07:07','2026-05-26 17:10:37',NULL),(2025,NULL,57,NULL,1,'Galaxy A06 64GB/4GB','354720731646795',95,'2026-05-26 17:10:37',NULL,43,NULL,'2026-05-26 17:07:07','2026-05-26 17:10:37',NULL),(2026,NULL,57,NULL,1,'Galaxy A06 64GB/4GB','354720731627209',95,'2026-05-26 17:10:37',NULL,43,NULL,'2026-05-26 17:07:07','2026-05-26 17:10:37',NULL),(2027,NULL,57,NULL,1,'Galaxy A06 64GB/4GB','354720731646787',95,'2026-05-26 17:10:37',NULL,43,NULL,'2026-05-26 17:07:07','2026-05-26 17:10:37',NULL),(2028,NULL,57,NULL,1,'Galaxy A06 64GB/4GB','354720731632282',95,'2026-05-26 17:10:37',NULL,43,NULL,'2026-05-26 17:07:07','2026-05-26 17:10:37',NULL),(2029,NULL,57,NULL,1,'Galaxy A06 64GB/4GB','354720731644923',95,'2026-05-26 17:10:37',NULL,43,NULL,'2026-05-26 17:07:07','2026-05-26 17:10:37',NULL),(2030,NULL,57,NULL,1,'Galaxy A06 64GB/4GB','354720731638123',95,'2026-05-26 17:10:37',NULL,43,NULL,'2026-05-26 17:07:07','2026-05-26 17:10:37',NULL),(2031,NULL,57,NULL,1,'Galaxy A06 64GB/4GB','354720731637653',95,'2026-05-26 17:10:37',NULL,43,NULL,'2026-05-26 17:07:07','2026-05-26 17:10:37',NULL),(2032,NULL,57,NULL,1,'Galaxy A06 64GB/4GB','354720731646803',95,'2026-05-26 17:10:37',NULL,43,NULL,'2026-05-26 17:07:07','2026-05-26 17:10:37',NULL),(2033,NULL,57,NULL,1,'Galaxy A06 64GB/4GB','354720731644675',95,'2026-05-26 17:10:37',NULL,43,NULL,'2026-05-26 17:07:07','2026-05-26 17:10:37',NULL),(2034,NULL,57,NULL,1,'Galaxy A06 64GB/4GB','354720731646639',95,'2026-05-26 17:10:37',NULL,43,NULL,'2026-05-26 17:07:07','2026-05-26 17:10:37',NULL),(2035,NULL,57,NULL,1,'Galaxy A06 64GB/4GB','354720731644253',95,'2026-05-26 17:10:37',NULL,43,NULL,'2026-05-26 17:07:07','2026-05-26 17:10:37',NULL),(2036,NULL,57,NULL,1,'Galaxy A06 64GB/4GB','354720731636416',95,'2026-05-26 17:10:37',NULL,43,NULL,'2026-05-26 17:07:07','2026-05-26 17:10:37',NULL),(2037,NULL,58,NULL,1,'A07 64GB','351929931658285',430,'2026-05-27 08:23:05',NULL,NULL,NULL,'2026-05-27 08:17:45','2026-05-27 08:23:05',1220),(2038,NULL,59,NULL,1,'A07 64GB','351416737392640',430,'2026-05-27 12:10:15',NULL,NULL,NULL,'2026-05-27 11:41:28','2026-05-27 12:10:15',1226),(2039,NULL,21,NULL,1,'A07 64GB','351929930667170',430,'2026-05-28 12:41:00',NULL,NULL,NULL,'2026-05-28 09:56:23','2026-05-28 12:41:00',1246);
/*!40000 ALTER TABLE `product_list` ENABLE KEYS */;
UNLOCK TABLES;

--
-- Table structure for table `purchase_lines`
--

DROP TABLE IF EXISTS `purchase_lines`;
/*!40101 SET @saved_cs_client     = @@character_set_client */;
/*!50503 SET character_set_client = utf8mb4 */;
CREATE TABLE `purchase_lines` (
  `id` bigint unsigned NOT NULL AUTO_INCREMENT,
  `purchase_id` bigint unsigned NOT NULL,
  `product_id` bigint unsigned NOT NULL,
  `quantity` int unsigned NOT NULL,
  `unit_price` decimal(15,2) NOT NULL,
  `sell_price` decimal(15,2) DEFAULT NULL,
  `limit_remaining` int unsigned NOT NULL,
  `created_at` timestamp NULL DEFAULT NULL,
  `updated_at` timestamp NULL DEFAULT NULL,
  PRIMARY KEY (`id`),
  UNIQUE KEY `purchase_lines_purchase_id_product_id_unique` (`purchase_id`,`product_id`),
  KEY `purchase_lines_product_id_foreign` (`product_id`),
  CONSTRAINT `purchase_lines_product_id_foreign` FOREIGN KEY (`product_id`) REFERENCES `models` (`id`) ON DELETE CASCADE,
  CONSTRAINT `purchase_lines_purchase_id_foreign` FOREIGN KEY (`purchase_id`) REFERENCES `purchases` (`id`) ON DELETE CASCADE
) ENGINE=InnoDB AUTO_INCREMENT=8 DEFAULT CHARSET=latin1;
/*!40101 SET character_set_client = @saved_cs_client */;

--
-- Dumping data for table `purchase_lines`
--

LOCK TABLES `purchase_lines` WRITE;
/*!40000 ALTER TABLE `purchase_lines` DISABLE KEYS */;
INSERT INTO `purchase_lines` VALUES (1,53,430,1,315000.00,NULL,0,'2026-05-23 17:01:57','2026-05-23 17:04:50'),(2,54,429,100,309000.00,320000.00,0,'2026-05-25 16:35:07','2026-05-25 17:21:03'),(3,55,430,1,315000.00,NULL,0,'2026-05-26 11:29:53','2026-05-26 11:30:16'),(5,57,95,100,203000.00,220000.00,0,'2026-05-26 14:16:32','2026-05-26 17:07:07'),(6,58,430,1,315000.00,NULL,0,'2026-05-27 08:16:29','2026-05-27 08:17:45'),(7,59,430,1,315000.00,NULL,0,'2026-05-27 11:40:36','2026-05-27 11:41:28');
/*!40000 ALTER TABLE `purchase_lines` ENABLE KEYS */;
UNLOCK TABLES;

--
-- Table structure for table `purchase_payments`
--

DROP TABLE IF EXISTS `purchase_payments`;
/*!40101 SET @saved_cs_client     = @@character_set_client */;
/*!50503 SET character_set_client = utf8mb4 */;
CREATE TABLE `purchase_payments` (
  `id` bigint unsigned NOT NULL AUTO_INCREMENT,
  `purchase_id` bigint unsigned NOT NULL,
  `payment_option_id` bigint unsigned DEFAULT NULL,
  `amount` decimal(15,2) NOT NULL,
  `paid_date` date DEFAULT NULL,
  `notes` text,
  `created_at` timestamp NULL DEFAULT NULL,
  `updated_at` timestamp NULL DEFAULT NULL,
  PRIMARY KEY (`id`),
  KEY `purchase_payments_purchase_id_foreign` (`purchase_id`),
  KEY `purchase_payments_payment_option_id_foreign` (`payment_option_id`),
  CONSTRAINT `purchase_payments_payment_option_id_foreign` FOREIGN KEY (`payment_option_id`) REFERENCES `payment_options` (`id`) ON DELETE SET NULL,
  CONSTRAINT `purchase_payments_purchase_id_foreign` FOREIGN KEY (`purchase_id`) REFERENCES `purchases` (`id`) ON DELETE CASCADE
) ENGINE=InnoDB AUTO_INCREMENT=48 DEFAULT CHARSET=latin1;
/*!40101 SET character_set_client = @saved_cs_client */;

--
-- Dumping data for table `purchase_payments`
--

LOCK TABLES `purchase_payments` WRITE;
/*!40000 ALTER TABLE `purchase_payments` DISABLE KEYS */;
INSERT INTO `purchase_payments` VALUES (1,10,3,12280000.00,'2026-05-02',NULL,'2026-05-03 07:32:13','2026-05-03 07:32:13'),(2,7,4,144000000.00,'2026-05-02',NULL,'2026-05-03 08:48:15','2026-05-03 08:48:15'),(3,8,4,48000000.00,'2026-05-02',NULL,'2026-05-03 08:49:14','2026-05-03 08:49:14'),(4,9,4,25000000.00,'2026-05-02',NULL,'2026-05-03 08:50:35','2026-05-03 08:50:35'),(5,12,2,1600000.00,'2026-01-01',NULL,'2026-05-03 09:10:42','2026-05-03 09:10:42'),(6,15,2,630000.00,'2026-01-01',NULL,'2026-05-03 09:12:46','2026-05-03 09:12:46'),(7,16,2,1425000.00,'2026-05-01',NULL,'2026-05-03 09:13:59','2026-05-03 09:13:59'),(8,14,2,579000.00,'2026-05-01',NULL,'2026-05-03 09:15:03','2026-05-03 09:15:03'),(9,13,2,177000.00,'2026-05-01',NULL,'2026-05-03 09:15:53','2026-05-03 09:15:53'),(10,17,4,330000.00,'2026-05-03',NULL,'2026-05-03 18:13:42','2026-05-03 18:13:42'),(11,18,4,699000.00,'2025-10-06',NULL,'2026-05-04 09:30:25','2026-05-04 09:30:25'),(12,19,4,800000.00,'2025-11-01',NULL,'2026-05-04 09:45:47','2026-05-04 09:45:47'),(13,20,4,5250000.00,'2025-10-01',NULL,'2026-05-04 09:53:56','2026-05-04 09:53:56'),(14,22,3,475000.00,'2026-05-04',NULL,'2026-05-05 04:59:52','2026-05-05 04:59:52'),(15,24,2,12750000.00,'2026-05-05',NULL,'2026-05-06 05:05:51','2026-05-06 05:05:51'),(16,23,2,10300000.00,'2026-05-05',NULL,'2026-05-06 05:07:01','2026-05-06 05:07:01'),(17,25,3,315000.00,'2026-05-11',NULL,'2026-05-12 04:10:31','2026-05-12 04:10:31'),(18,26,4,10200000.00,'2026-05-12',NULL,'2026-05-12 17:18:48','2026-05-12 17:18:48'),(19,27,3,315000.00,'2026-05-13',NULL,'2026-05-14 05:31:32','2026-05-14 05:31:32'),(20,21,1,220000000.00,'2026-05-14',NULL,'2026-05-14 20:22:02','2026-05-14 20:22:02'),(21,28,3,315000.00,'2026-05-14',NULL,'2026-05-15 05:48:17','2026-05-15 05:48:17'),(22,34,7,25625000.00,'2026-05-15',NULL,'2026-05-15 16:24:42','2026-05-15 16:24:42'),(23,33,3,315000.00,'2026-05-15',NULL,'2026-05-16 05:23:43','2026-05-16 05:23:43'),(24,30,3,315000.00,'2026-05-15',NULL,'2026-05-16 05:24:26','2026-05-16 05:24:26'),(25,29,3,315000.00,'2026-05-15',NULL,'2026-05-16 05:25:12','2026-05-16 05:25:12'),(26,36,4,13090000.00,'2026-05-16',NULL,'2026-05-16 13:03:04','2026-05-16 13:03:04'),(27,37,4,1025000.00,'2026-05-16',NULL,'2026-05-16 13:05:28','2026-05-16 13:05:28'),(28,38,3,315000.00,'2026-05-16',NULL,'2026-05-17 06:51:50','2026-05-17 06:51:50'),(29,39,3,315000.00,'2026-05-16',NULL,'2026-05-17 06:52:19','2026-05-17 06:52:19'),(30,41,3,315000.00,'2026-05-16',NULL,'2026-05-17 06:52:48','2026-05-17 06:52:48'),(31,42,3,315000.00,'2026-05-19',NULL,'2026-05-19 05:19:32','2026-05-19 05:19:32'),(32,43,3,315000.00,'2026-05-18',NULL,'2026-05-19 05:20:10','2026-05-19 05:20:10'),(33,44,3,315000.00,'2026-05-18',NULL,'2026-05-19 05:20:43','2026-05-19 05:20:43'),(34,45,3,315000.00,'2026-05-18',NULL,'2026-05-19 05:21:12','2026-05-19 05:21:12'),(35,48,7,200000.00,'2026-05-19',NULL,'2026-05-19 15:25:40','2026-05-19 15:25:40'),(36,49,7,285000.00,'2026-05-19',NULL,'2026-05-19 15:26:19','2026-05-19 15:26:19'),(37,46,3,315000.00,'2026-05-19',NULL,'2026-05-20 05:07:22','2026-05-20 05:07:22'),(38,47,3,315000.00,'2026-05-19',NULL,'2026-05-20 05:08:08','2026-05-20 05:08:08'),(40,52,2,20400000.00,'2026-05-20',NULL,'2026-05-20 10:18:32','2026-05-20 10:18:32'),(41,50,3,315000.00,'2026-05-20',NULL,'2026-05-21 04:23:35','2026-05-21 04:23:35'),(42,53,3,315000.00,'2026-05-23',NULL,'2026-05-24 07:17:16','2026-05-24 07:17:16'),(43,54,2,30900000.00,'2026-05-25',NULL,'2026-05-25 16:35:07','2026-05-25 16:35:07'),(44,57,2,20300000.00,'2026-05-26',NULL,'2026-05-26 14:18:01','2026-05-26 14:18:01'),(45,55,2,315000.00,'2026-05-26',NULL,'2026-05-27 06:20:33','2026-05-27 06:20:33'),(46,58,3,315000.00,'2026-05-27',NULL,'2026-05-28 04:09:10','2026-05-28 04:09:10'),(47,59,3,315000.00,'2026-05-27',NULL,'2026-05-28 04:10:11','2026-05-28 04:10:11');
/*!40000 ALTER TABLE `purchase_payments` ENABLE KEYS */;
UNLOCK TABLES;

--
-- Table structure for table `purchases`
--

DROP TABLE IF EXISTS `purchases`;
/*!40101 SET @saved_cs_client     = @@character_set_client */;
/*!50503 SET character_set_client = utf8mb4 */;
CREATE TABLE `purchases` (
  `id` bigint unsigned NOT NULL AUTO_INCREMENT,
  `name` varchar(255) DEFAULT NULL,
  `stock_id` bigint unsigned DEFAULT NULL,
  `branch_id` bigint unsigned DEFAULT NULL,
  `product_id` bigint unsigned NOT NULL,
  `quantity` int NOT NULL,
  `unit_price` decimal(15,2) NOT NULL,
  `distributor_name` varchar(255) DEFAULT NULL,
  `total_amount` decimal(15,2) DEFAULT NULL,
  `paid_date` date DEFAULT NULL,
  `paid_amount` decimal(15,2) NOT NULL DEFAULT '0.00',
  `payment_status` varchar(255) NOT NULL DEFAULT 'pending',
  `payment_receipt_image` varchar(255) DEFAULT NULL,
  `payment_option_id` bigint unsigned DEFAULT NULL,
  `date` date NOT NULL,
  `limit_status` varchar(255) NOT NULL DEFAULT 'pending',
  `limit_remaining` int unsigned DEFAULT NULL,
  `sell_price` decimal(15,2) DEFAULT NULL,
  `note` text,
  `is_passthrough` tinyint(1) NOT NULL DEFAULT '0',
  `created_at` timestamp NULL DEFAULT NULL,
  `updated_at` timestamp NULL DEFAULT NULL,
  PRIMARY KEY (`id`),
  KEY `purchases_product_id_foreign` (`product_id`),
  KEY `purchases_stock_id_foreign` (`stock_id`),
  KEY `purchases_branch_id_foreign` (`branch_id`),
  CONSTRAINT `purchases_branch_id_foreign` FOREIGN KEY (`branch_id`) REFERENCES `branches` (`id`) ON DELETE SET NULL,
  CONSTRAINT `purchases_product_id_foreign` FOREIGN KEY (`product_id`) REFERENCES `models` (`id`) ON DELETE CASCADE,
  CONSTRAINT `purchases_stock_id_foreign` FOREIGN KEY (`stock_id`) REFERENCES `stocks` (`id`) ON DELETE SET NULL
) ENGINE=InnoDB AUTO_INCREMENT=60 DEFAULT CHARSET=latin1;
/*!40101 SET character_set_client = @saved_cs_client */;

--
-- Dumping data for table `purchases`
--

LOCK TABLES `purchases` WRITE;
/*!40000 ALTER TABLE `purchases` DISABLE KEYS */;
INSERT INTO `purchases` VALUES (7,'Hamis-2026-04-21-17-42',NULL,2,430,600,240000.00,'Hamis',144000000.00,'2026-05-02',144000000.00,'paid',NULL,4,'2026-04-21','pending',225,440000.00,NULL,0,'2026-05-01 17:42:09','2026-05-25 17:34:45'),(8,'Hamis-2026-04-24-17-43',NULL,3,430,200,240000.00,'Hamis',48000000.00,'2026-05-02',48000000.00,'paid',NULL,4,'2026-04-24','pending',199,440000.00,NULL,0,'2026-05-01 17:43:38','2026-05-22 14:29:35'),(9,'Hamis-2026-04-30-17-45',NULL,2,431,126,206000.00,'Hamis',25956000.00,'2026-05-02',25000000.00,'partial',NULL,4,'2026-04-30','pending',126,220000.00,NULL,0,'2026-05-01 17:45:38','2026-05-03 08:50:52'),(10,'Willy-2026-04-30-17-47',NULL,2,429,40,307000.00,'Willy',12280000.00,'2026-05-02',12280000.00,'paid',NULL,3,'2026-04-30','pending',39,320000.00,NULL,0,'2026-05-01 17:47:11','2026-05-04 11:24:26'),(11,'Freedom-2026-02-16-17-58',NULL,2,95,500,215000.00,'Freedom',107500000.00,NULL,0.00,'pending',NULL,NULL,'2026-02-16','pending',500,NULL,NULL,0,'2026-05-01 17:58:57','2026-05-01 17:58:57'),(12,'Willy-2026-05-02-10-00',NULL,2,432,8,200000.00,'Willy',1600000.00,'2026-01-01',1600000.00,'paid',NULL,2,'2026-05-02','pending',7,NULL,NULL,0,'2026-05-02 10:00:12','2026-05-04 11:23:29'),(13,'Hamis-2025-10-04-10-09',NULL,2,89,1,177000.00,'Hamis',177000.00,'2026-05-01',177000.00,'paid',NULL,2,'2025-10-04','complete',0,NULL,NULL,0,'2026-05-02 10:09:06','2026-05-03 09:15:53'),(14,'Willy-2026-01-07-12-24',NULL,2,396,3,193000.00,'Willy',579000.00,'2026-05-01',579000.00,'paid',NULL,2,'2026-01-07','pending',2,213000.00,NULL,0,'2026-05-02 12:24:54','2026-05-04 11:21:45'),(15,'Willy-2026-01-08-12-28',NULL,2,394,3,210000.00,'Willy',630000.00,'2026-01-01',630000.00,'paid',NULL,2,'2026-01-08','pending',2,230000.00,NULL,0,'2026-05-02 12:28:15','2026-05-04 11:22:21'),(16,'Willy-2026-01-08-12-30',NULL,2,433,5,285000.00,'Willy',1425000.00,'2026-05-01',1425000.00,'paid',NULL,2,'2026-01-08','pending',5,305000.00,NULL,0,'2026-05-02 12:30:41','2026-05-03 09:13:59'),(17,'Hamis-2026-01-01-18-13',NULL,2,434,2,165000.00,'Hamis',330000.00,'2026-05-03',330000.00,'paid',NULL,4,'2026-01-01','pending',2,185000.00,NULL,0,'2026-05-03 18:13:42','2026-05-03 18:13:42'),(18,'Willy-2025-10-06-09-30',NULL,2,395,3,233000.00,'Willy',699000.00,'2025-10-06',699000.00,'paid',NULL,4,'2025-10-06','complete',0,270000.00,NULL,0,'2026-05-04 09:30:25','2026-05-04 11:20:37'),(19,'Leon-2025-11-01-09-45',NULL,2,89,4,200000.00,'Leon',800000.00,'2025-11-01',800000.00,'paid',NULL,4,'2025-11-01','pending',1,270000.00,NULL,0,'2026-05-04 09:45:47','2026-05-04 11:17:06'),(20,'Chacha-2025-10-01-09-53',NULL,2,88,30,175000.00,'Chacha',5250000.00,'2025-10-01',5250000.00,'paid',NULL,4,'2025-10-01','pending',30,330000.00,NULL,0,'2026-05-04 09:53:56','2026-05-04 09:53:56'),(21,'Hamis-2026-05-04-11-26',NULL,2,430,1000,240000.00,'Hamis',240000000.00,'2026-05-14',220000000.00,'partial',NULL,1,'2026-05-04','pending',184,440000.00,NULL,0,'2026-05-04 11:26:03','2026-05-28 09:56:23'),(22,'Chacha-2026-05-04-16-47',NULL,6,437,1,475000.00,'Chacha',475000.00,'2026-05-04',475000.00,'paid',NULL,3,'2026-05-04','complete',0,630000.00,NULL,0,'2026-05-04 16:47:24','2026-05-05 04:59:52'),(23,'Willy-2026-05-04-18-31',NULL,2,431,50,206000.00,'Willy',10300000.00,'2026-05-05',10300000.00,'paid',NULL,2,'2026-05-04','pending',50,221000.00,NULL,0,'2026-05-04 18:31:01','2026-05-06 05:07:01'),(24,'Willy-2026-05-04-18-31-2',NULL,2,438,50,255000.00,'Willy',12750000.00,'2026-05-05',12750000.00,'paid',NULL,2,'2026-05-04','pending',50,NULL,NULL,0,'2026-05-04 18:31:51','2026-05-06 05:05:51'),(25,'Chacha-2026-05-11-09-07',NULL,6,430,1,315000.00,'Chacha',315000.00,'2026-05-11',315000.00,'paid',NULL,3,'2026-05-11','complete',0,NULL,NULL,0,'2026-05-11 09:07:57','2026-05-12 04:10:31'),(26,'Willy-2026-05-12-17-18',NULL,2,95,50,204000.00,'Willy',10200000.00,'2026-05-12',10200000.00,'paid',NULL,4,'2026-05-12','pending',50,391400.00,NULL,0,'2026-05-12 17:18:48','2026-05-12 17:18:48'),(27,'Chacha-2026-05-13-16-49',NULL,6,430,1,315000.00,'Chacha',315000.00,'2026-05-13',315000.00,'paid',NULL,3,'2026-05-13','complete',0,NULL,NULL,0,'2026-05-13 16:49:04','2026-05-14 05:31:32'),(28,'Chacha-2026-05-14-15-42',NULL,6,430,1,315000.00,'Chacha',315000.00,'2026-05-14',315000.00,'paid',NULL,3,'2026-05-14','complete',0,NULL,NULL,0,'2026-05-14 15:42:37','2026-05-15 05:48:17'),(29,'Chacha-2026-05-15-10-18',NULL,6,430,1,315000.00,'Chacha',315000.00,'2026-05-15',315000.00,'paid',NULL,3,'2026-05-15','complete',0,NULL,NULL,0,'2026-05-15 10:18:00','2026-05-16 05:25:12'),(30,'Chacha-2026-05-15-14-52',NULL,6,430,1,315000.00,'Chacha',315000.00,'2026-05-15',315000.00,'paid',NULL,3,'2026-05-15','complete',0,NULL,NULL,0,'2026-05-15 14:52:30','2026-05-16 05:24:26'),(31,'Hamis-2026-05-15-15-23',NULL,2,95,400,205000.00,'Hamis',82000000.00,'2026-05-15',0.00,'pending',NULL,NULL,'2026-05-15','pending',400,NULL,NULL,0,'2026-05-15 15:23:38','2026-05-15 15:23:38'),(32,'Hamis-2026-05-15-15-26',NULL,2,430,400,240000.00,'Hamis',96000000.00,'2026-05-15',0.00,'pending',NULL,NULL,'2026-05-15','pending',6,NULL,NULL,0,'2026-05-15 15:26:02','2026-05-21 08:18:51'),(33,'Chacha-2026-05-15-15-43',NULL,6,430,1,315000.00,'Chacha',315000.00,'2026-05-15',315000.00,'paid',NULL,3,'2026-05-15','complete',0,NULL,NULL,0,'2026-05-15 15:43:26','2026-05-16 05:23:43'),(34,'Leon-2026-05-15-16-24',NULL,2,95,125,205000.00,'Leon',25625000.00,'2026-05-15',25625000.00,'paid',NULL,7,'2026-05-15','pending',125,391400.00,NULL,0,'2026-05-15 16:24:42','2026-05-15 16:24:42'),(35,'Hamis-2026-05-15-17-41',NULL,3,430,200,240000.00,'Hamis',48000000.00,'2026-05-15',0.00,'pending',NULL,NULL,'2026-05-15','pending',1,NULL,NULL,0,'2026-05-15 17:41:00','2026-05-15 17:44:46'),(36,'Chacha-2026-05-16-12-49',NULL,2,430,55,238000.00,'Chacha',13090000.00,'2026-05-16',13090000.00,'paid',NULL,4,'2026-05-16','pending',55,NULL,NULL,0,'2026-05-16 12:49:47','2026-05-16 13:03:03'),(37,'Chacha-2026-05-16-12-50',NULL,2,95,5,205000.00,'Chacha',1025000.00,'2026-05-16',1025000.00,'paid',NULL,4,'2026-05-16','pending',5,NULL,NULL,0,'2026-05-16 12:50:39','2026-05-16 13:05:28'),(38,'Chacha-2026-05-16-13-07',NULL,6,430,1,315000.00,'Chacha',315000.00,'2026-05-16',315000.00,'paid',NULL,3,'2026-05-16','complete',0,NULL,NULL,0,'2026-05-16 13:07:15','2026-05-17 06:51:50'),(39,'Chacha-2026-05-16-16-28',NULL,6,430,1,315000.00,'Chacha',315000.00,'2026-05-16',315000.00,'paid',NULL,3,'2026-05-16','complete',0,NULL,NULL,0,'2026-05-16 16:28:57','2026-05-17 06:52:19'),(41,'Chacha-2026-05-16-18-13',NULL,6,430,1,315000.00,'Chacha',315000.00,'2026-05-16',315000.00,'paid',NULL,3,'2026-05-16','complete',0,NULL,NULL,0,'2026-05-16 18:13:50','2026-05-17 06:52:48'),(42,'Chacha-2026-05-18-09-43',NULL,6,430,1,315000.00,'Chacha',315000.00,'2026-05-19',315000.00,'paid',NULL,3,'2026-05-18','complete',0,NULL,NULL,0,'2026-05-18 09:43:24','2026-05-19 05:19:32'),(43,'Chacha-2026-05-18-11-12',NULL,6,430,1,315000.00,'Chacha',315000.00,'2026-05-18',315000.00,'paid',NULL,3,'2026-05-18','complete',0,NULL,NULL,0,'2026-05-18 11:12:13','2026-05-19 05:20:10'),(44,'Chacha-2026-05-18-11-41',NULL,6,430,1,315000.00,'Chacha',315000.00,'2026-05-18',315000.00,'paid',NULL,3,'2026-05-18','complete',0,NULL,NULL,0,'2026-05-18 11:41:22','2026-05-19 05:20:43'),(45,'Chacha-2026-05-18-13-28',NULL,6,430,1,315000.00,'Chacha',315000.00,'2026-05-18',315000.00,'paid',NULL,3,'2026-05-18','complete',0,NULL,NULL,0,'2026-05-18 13:28:36','2026-05-19 05:21:12'),(46,'Chacha-2026-05-19-12-11',NULL,6,430,1,315000.00,'Chacha',315000.00,'2026-05-19',315000.00,'paid',NULL,3,'2026-05-19','complete',0,NULL,NULL,0,'2026-05-19 12:11:20','2026-05-20 05:07:22'),(47,'Chacha-2026-05-19-14-06',NULL,6,430,1,315000.00,'Chacha',315000.00,'2026-05-19',315000.00,'paid',NULL,3,'2026-05-19','complete',0,NULL,NULL,0,'2026-05-19 14:06:49','2026-05-20 05:08:08'),(48,'Willy-2026-05-19-15-25',NULL,3,95,1,200000.00,'Willy',200000.00,'2026-05-19',200000.00,'paid',NULL,7,'2026-05-19','pending',1,NULL,NULL,0,'2026-05-19 15:25:40','2026-05-19 15:25:40'),(49,'Willy-2026-05-19-15-26',NULL,3,91,1,285000.00,'Willy',285000.00,'2026-05-19',285000.00,'paid',NULL,7,'2026-05-19','pending',1,NULL,NULL,0,'2026-05-19 15:26:19','2026-05-19 15:26:19'),(50,'Chacha-2026-05-20-08-54',NULL,6,430,1,315000.00,'Chacha',315000.00,'2026-05-20',315000.00,'paid',NULL,3,'2026-05-20','complete',0,NULL,NULL,0,'2026-05-20 08:54:16','2026-05-21 04:23:35'),(52,'Willy-2026-05-20-10-18',NULL,2,95,100,204000.00,'Willy',20400000.00,'2026-05-20',20400000.00,'paid',NULL,2,'2026-05-20','pending',100,206000.00,NULL,0,'2026-05-20 10:18:32','2026-05-22 14:06:02'),(53,'Chacha-2026-05-23-17-01',NULL,6,430,1,315000.00,'Chacha',315000.00,'2026-05-23',315000.00,'paid',NULL,3,'2026-05-23','complete',0,315000.00,NULL,0,'2026-05-23 17:01:57','2026-05-24 07:17:16'),(54,'Willy-2026-05-25-16-35',NULL,2,429,100,309000.00,'Willy',30900000.00,'2026-05-25',30900000.00,'paid',NULL,2,'2026-05-25','complete',0,NULL,NULL,0,'2026-05-25 16:35:07','2026-05-25 17:21:03'),(55,'Chacha-2026-05-26-11-29',NULL,6,430,1,315000.00,'Chacha',315000.00,'2026-05-26',315000.00,'paid',NULL,2,'2026-05-26','complete',0,NULL,NULL,0,'2026-05-26 11:29:53','2026-05-27 06:20:33'),(57,'Willy-2026-05-26-14-16',NULL,2,95,100,203000.00,'Willy',20300000.00,'2026-05-26',20300000.00,'paid',NULL,2,'2026-05-26','complete',0,NULL,NULL,0,'2026-05-26 14:16:32','2026-05-26 17:07:07'),(58,'Chacha-2026-05-27-08-16',NULL,6,430,1,315000.00,'Chacha',315000.00,'2026-05-27',315000.00,'paid',NULL,3,'2026-05-27','complete',0,NULL,NULL,0,'2026-05-27 08:16:29','2026-05-28 04:09:10'),(59,'Chacha-2026-05-27-11-40',NULL,6,430,1,315000.00,'Chacha',315000.00,'2026-05-27',315000.00,'paid',NULL,3,'2026-05-27','complete',0,NULL,NULL,0,'2026-05-27 11:40:36','2026-05-28 04:10:11');
/*!40000 ALTER TABLE `purchases` ENABLE KEYS */;
UNLOCK TABLES;

--
-- Table structure for table `regions`
--

DROP TABLE IF EXISTS `regions`;
/*!40101 SET @saved_cs_client     = @@character_set_client */;
/*!50503 SET character_set_client = utf8mb4 */;
CREATE TABLE `regions` (
  `id` bigint unsigned NOT NULL AUTO_INCREMENT,
  `name` varchar(255) NOT NULL,
  `created_at` timestamp NULL DEFAULT NULL,
  `updated_at` timestamp NULL DEFAULT NULL,
  PRIMARY KEY (`id`),
  UNIQUE KEY `regions_name_unique` (`name`)
) ENGINE=InnoDB DEFAULT CHARSET=latin1;
/*!40101 SET character_set_client = @saved_cs_client */;

--
-- Dumping data for table `regions`
--

LOCK TABLES `regions` WRITE;
/*!40000 ALTER TABLE `regions` DISABLE KEYS */;
/*!40000 ALTER TABLE `regions` ENABLE KEYS */;
UNLOCK TABLES;

--
-- Table structure for table `selcompays`
--

DROP TABLE IF EXISTS `selcompays`;
/*!40101 SET @saved_cs_client     = @@character_set_client */;
/*!50503 SET character_set_client = utf8mb4 */;
CREATE TABLE `selcompays` (
  `id` bigint unsigned NOT NULL AUTO_INCREMENT,
  `transid` varchar(191) NOT NULL,
  `order_id` varchar(255) DEFAULT NULL,
  `phone_number` varchar(255) NOT NULL,
  `amount` decimal(12,2) NOT NULL,
  `payment_status` varchar(255) NOT NULL DEFAULT 'pending',
  `local_order_id` bigint unsigned DEFAULT NULL,
  `created_at` timestamp NULL DEFAULT NULL,
  `updated_at` timestamp NULL DEFAULT NULL,
  `purpose` varchar(32) NOT NULL DEFAULT 'order_payment',
  `payout_source_type` varchar(32) DEFAULT NULL,
  `payout_source_id` bigint unsigned DEFAULT NULL,
  PRIMARY KEY (`id`),
  UNIQUE KEY `selcompays_transid_unique` (`transid`),
  KEY `selcompays_local_order_id_foreign` (`local_order_id`),
  CONSTRAINT `selcompays_local_order_id_foreign` FOREIGN KEY (`local_order_id`) REFERENCES `orders` (`id`) ON DELETE SET NULL
) ENGINE=InnoDB DEFAULT CHARSET=latin1;
/*!40101 SET character_set_client = @saved_cs_client */;

--
-- Dumping data for table `selcompays`
--

LOCK TABLES `selcompays` WRITE;
/*!40000 ALTER TABLE `selcompays` DISABLE KEYS */;
/*!40000 ALTER TABLE `selcompays` ENABLE KEYS */;
UNLOCK TABLES;

--
-- Table structure for table `sessions`
--

DROP TABLE IF EXISTS `sessions`;
/*!40101 SET @saved_cs_client     = @@character_set_client */;
/*!50503 SET character_set_client = utf8mb4 */;
CREATE TABLE `sessions` (
  `id` varchar(191) NOT NULL,
  `user_id` bigint unsigned DEFAULT NULL,
  `ip_address` varchar(45) DEFAULT NULL,
  `user_agent` text,
  `payload` longtext NOT NULL,
  `last_activity` int NOT NULL,
  PRIMARY KEY (`id`),
  KEY `sessions_user_id_index` (`user_id`),
  KEY `sessions_last_activity_index` (`last_activity`)
) ENGINE=InnoDB DEFAULT CHARSET=latin1;
/*!40101 SET character_set_client = @saved_cs_client */;

--
-- Dumping data for table `sessions`
--

LOCK TABLES `sessions` WRITE;
/*!40000 ALTER TABLE `sessions` DISABLE KEYS */;
INSERT INTO `sessions` VALUES ('04VOD8GshrmFgHDXpdcscsCmSmd6nY3leKcz45PB',66,'41.222.179.225','Dart/3.11 (dart:io)','YToyOntzOjY6Il90b2tlbiI7czo0MDoiUXhGaUhLTUlRQkhSTENtSVBnRnVWUHk3OTdWNG9GNlhvdmRrSlkxNiI7czo2OiJfZmxhc2giO2E6Mjp7czozOiJvbGQiO2E6MDp7fXM6MzoibmV3IjthOjA6e319fQ==',1779979710),('0YpEyW46K2Ss1Y1V00SFybEmFOgKw1TVwDolCrXu',57,'197.250.50.232','Dart/3.11 (dart:io)','YTozOntzOjY6Il90b2tlbiI7czo0MDoiMTdNWks2NkN1QmxlTW9WM3FHOU1jYmdDajFadzlFU0ZKakt0YkFzNCI7czo5OiJfcHJldmlvdXMiO2E6MTp7czozOiJ1cmwiO3M6NjA6Imh0dHBzOi8vb3B0aWNlZGdlYWZyaWNhLm5ldC9hcGkvYWdlbnQvcHJvZHVjdC1saXN0L2F2YWlsYWJsZSI7fXM6NjoiX2ZsYXNoIjthOjI6e3M6Mzoib2xkIjthOjA6e31zOjM6Im5ldyI7YTowOnt9fX0=',1779980570),('1DIMVwwystlX9arGupxI3HJCgiwuPRATN9agAscA',NULL,'57.141.20.64','meta-externalagent/1.1 (+https://developers.facebook.com/docs/sharing/webmasters/crawler)','YTozOntzOjY6Il90b2tlbiI7czo0MDoiY25iNnQ2c2JRTnVPZWZiNld2MlZXbnpFZEpDYkExeHRWSGRQdWROcCI7czo5OiJfcHJldmlvdXMiO2E6MTp7czozOiJ1cmwiO3M6MzE6Imh0dHBzOi8vd3d3Lm9wdGljZWRnZWFmcmljYS5uZXQiO31zOjY6Il9mbGFzaCI7YToyOntzOjM6Im9sZCI7YTowOnt9czozOiJuZXciO2E6MDp7fX19',1779988368),('2Bd159x1aYTAcQvGqqaShkr8UnqxW9opiNCxQA6d',31,'197.250.158.254','Dart/3.11 (dart:io)','YTozOntzOjY6Il90b2tlbiI7czo0MDoiMkNxWmRvendsR0pyVkcwSVFJdzEyMlZHUWZaaWp0b1J1eFllUm5LQiI7czo5OiJfcHJldmlvdXMiO2E6MTp7czozOiJ1cmwiO3M6NDY6Imh0dHBzOi8vb3B0aWNlZGdlYWZyaWNhLm5ldC9hcGkvYWdlbnQvYnJhbmNoZXMiO31zOjY6Il9mbGFzaCI7YToyOntzOjM6Im9sZCI7YTowOnt9czozOiJuZXciO2E6MDp7fX19',1779987788),('2Dyh1ZUdKB9SPbUV34AuDbvLeyuZwuFOicmTtDWx',57,'197.250.50.232','Dart/3.11 (dart:io)','YTozOntzOjY6Il90b2tlbiI7czo0MDoicFVKNFVQRDJUWTdxRjQ1V0U5akhDa1B5RThSd2Q2MFR4eTdGUTliUSI7czo5OiJfcHJldmlvdXMiO2E6MTp7czozOiJ1cmwiO3M6NDc6Imh0dHBzOi8vb3B0aWNlZGdlYWZyaWNhLm5ldC9hcGkvYWdlbnQvZGFzaGJvYXJkIjt9czo2OiJfZmxhc2giO2E6Mjp7czozOiJvbGQiO2E6MDp7fXM6MzoibmV3IjthOjA6e319fQ==',1779980612),('2Mg0pXKqtsYo4ybAhYGoVOEe196XqSqphpPObLSM',65,'102.205.250.207','Dart/3.11 (dart:io)','YTozOntzOjY6Il90b2tlbiI7czo0MDoiYXAxQXdPaUhETzFKb2JhQTE3Tk5uTUNsdjhZV3pITjBNVHdWQm1RSyI7czo5OiJfcHJldmlvdXMiO2E6MTp7czozOiJ1cmwiO3M6NTc6Imh0dHBzOi8vb3B0aWNlZGdlYWZyaWNhLm5ldC9hcGkvYWdlbnQvZGFzaGJvYXJkL2ludmVudG9yeSI7fXM6NjoiX2ZsYXNoIjthOjI6e3M6Mzoib2xkIjthOjA6e31zOjM6Im5ldyI7YTowOnt9fX0=',1779988788),('2r39HPKc1iRvYvhUgFqSCdiyWgB46UwiLnYr2cSR',40,'197.250.153.187','Dart/3.11 (dart:io)','YTozOntzOjY6Il90b2tlbiI7czo0MDoibnhob1lTc0NXVmx5MTd1SWVmd2pzd1J6ajdya3EzN3VQOWhVdXRJcyI7czo5OiJfcHJldmlvdXMiO2E6MTp7czozOiJ1cmwiO3M6NDk6Imh0dHBzOi8vb3B0aWNlZGdlYWZyaWNhLm5ldC9hcGkvYWdlbnQvc2FsZS1jb25maWciO31zOjY6Il9mbGFzaCI7YToyOntzOjM6Im9sZCI7YTowOnt9czozOiJuZXciO2E6MDp7fX19',1779986880),('3easp2jVtZvkcFZDyeK0PxZedx5JzrTLnHZGmZJJ',66,'41.222.179.225','Dart/3.11 (dart:io)','YTozOntzOjY6Il90b2tlbiI7czo0MDoiVTVzZ1NJRzlLQUt0TEh5ejAybTRFUnZmR2VMUWJFMjU0SDhWdFU0dyI7czo5OiJfcHJldmlvdXMiO2E6MTp7czozOiJ1cmwiO3M6NjA6Imh0dHBzOi8vb3B0aWNlZGdlYWZyaWNhLm5ldC9hcGkvYWdlbnQvcHJvZHVjdC1saXN0L2F2YWlsYWJsZSI7fXM6NjoiX2ZsYXNoIjthOjI6e3M6Mzoib2xkIjthOjA6e31zOjM6Im5ldyI7YTowOnt9fX0=',1779984854),('4fgdKsvNdbn58R3MYOVhnFprNtdPDqJHl6QJCj7e',57,'197.250.50.232','Dart/3.11 (dart:io)','YTozOntzOjY6Il90b2tlbiI7czo0MDoiYWo4bzNka0Iza3QxWmxHRG5yU3Z1NVg5MmdqVFpMZlVOWlU2TXltbyI7czo5OiJfcHJldmlvdXMiO2E6MTp7czozOiJ1cmwiO3M6NTc6Imh0dHBzOi8vb3B0aWNlZGdlYWZyaWNhLm5ldC9hcGkvYWdlbnQvZGFzaGJvYXJkL2ludmVudG9yeSI7fXM6NjoiX2ZsYXNoIjthOjI6e3M6Mzoib2xkIjthOjA6e31zOjM6Im5ldyI7YTowOnt9fX0=',1779980614),('4wFOb8gbGuHIhabUWZlS7EdlGRuTq7nP5CstRIWL',84,'154.74.173.25','Dart/3.11 (dart:io)','YTozOntzOjY6Il90b2tlbiI7czo0MDoiTVcyOXlubGM3OWhlZmlVcGd5MldWS3VIY0g4NUNKV0Q1a0NIbVlNTyI7czo5OiJfcHJldmlvdXMiO2E6MTp7czozOiJ1cmwiO3M6NDc6Imh0dHBzOi8vb3B0aWNlZGdlYWZyaWNhLm5ldC9hcGkvYWdlbnQvZGFzaGJvYXJkIjt9czo2OiJfZmxhc2giO2E6Mjp7czozOiJvbGQiO2E6MDp7fXM6MzoibmV3IjthOjA6e319fQ==',1779985441),('4YF5z2uYf1DPU141m6ej6wti5wZ3HtfRhCiNfQTR',NULL,'119.28.140.106','Mozilla/5.0 (iPhone; CPU iPhone OS 13_2_3 like Mac OS X) AppleWebKit/605.1.15 (KHTML, like Gecko) Version/13.0.3 Mobile/15E148 Safari/604.1','YTozOntzOjY6Il90b2tlbiI7czo0MDoiaFFvajNET0psU2RyS1BKVWV5alJWZllVc25KVnlmMVVEbVIxVDlqeiI7czo5OiJfcHJldmlvdXMiO2E6MTp7czozOiJ1cmwiO3M6Mjc6Imh0dHBzOi8vb3B0aWNlZGdlYWZyaWNhLm5ldCI7fXM6NjoiX2ZsYXNoIjthOjI6e3M6Mzoib2xkIjthOjA6e31zOjM6Im5ldyI7YTowOnt9fX0=',1779984492),('5BNjRD1c1wuDwmRVlTE3B9eSxE3ZJapc6DK2EaUY',NULL,'185.12.148.78','Mozilla/5.0 (Windows NT 6.1; Win64; x64; rv:109.0) Gecko/20100101 Firefox/115','YTozOntzOjY6Il90b2tlbiI7czo0MDoiRTNOY0ZHcDg2V2dlZ0ZrRHZON2pDWHZOcFVMSWswS001RWZWelB0VCI7czo5OiJfcHJldmlvdXMiO2E6MTp7czozOiJ1cmwiO3M6NDM6Imh0dHBzOi8vb3B0aWNlZGdlYWZyaWNhLm5ldC9yZWdpc3Rlci9kZWFsZXIiO31zOjY6Il9mbGFzaCI7YToyOntzOjM6Im9sZCI7YTowOnt9czozOiJuZXciO2E6MDp7fX19',1779999985),('6PJ5QmZf55QPWC6sbRXRjNKBDoJyGTlZpx9qHm2H',65,'102.205.250.207','Dart/3.11 (dart:io)','YTozOntzOjY6Il90b2tlbiI7czo0MDoiNW43dDZ0RkkxU2pnZDBzc05JdE55VVczRUdlekRlNFRWcmJRWHZHNyI7czo5OiJfcHJldmlvdXMiO2E6MTp7czozOiJ1cmwiO3M6NDc6Imh0dHBzOi8vb3B0aWNlZGdlYWZyaWNhLm5ldC9hcGkvYWdlbnQvZGFzaGJvYXJkIjt9czo2OiJfZmxhc2giO2E6Mjp7czozOiJvbGQiO2E6MDp7fXM6MzoibmV3IjthOjA6e319fQ==',1779988786),('6vYVq1aIdULyQ0cgmnBdgNFa1FRCB66Kbxz7X9lQ',66,'41.222.179.225','Dart/3.11 (dart:io)','YTozOntzOjY6Il90b2tlbiI7czo0MDoiamFUUTJSQTJlTmRPM2RhUHBvVktaRmRqWE1VRjdTSmRnUkY2SWZtZSI7czo5OiJfcHJldmlvdXMiO2E6MTp7czozOiJ1cmwiO3M6NTg6Imh0dHBzOi8vb3B0aWNlZGdlYWZyaWNhLm5ldC9hcGkvYWdlbnQvY3JlZGl0cy8xMjUyL2ludm9pY2UiO31zOjY6Il9mbGFzaCI7YToyOntzOjM6Im9sZCI7YTowOnt9czozOiJuZXciO2E6MDp7fX19',1779984957),('7Cfns4ESR6HVWfHtJCyAdBDPgWjDMzNJ7RhngUCc',40,'197.250.153.187','Dart/3.11 (dart:io)','YTozOntzOjY6Il90b2tlbiI7czo0MDoiN0xYSENUb2NoUWw1dExRVVF1VjdkSmhJVTJzaWtydDR4c1pEMDlzMCI7czo5OiJfcHJldmlvdXMiO2E6MTp7czozOiJ1cmwiO3M6NDk6Imh0dHBzOi8vb3B0aWNlZGdlYWZyaWNhLm5ldC9hcGkvYWdlbnQvc2FsZS1jb25maWciO31zOjY6Il9mbGFzaCI7YToyOntzOjM6Im9sZCI7YTowOnt9czozOiJuZXciO2E6MDp7fX19',1779986708),('7owbgux3xLEzt3tXtoYB0QmfRVlf31WCiUjkW837',31,'197.250.158.254','Dart/3.11 (dart:io)','YTozOntzOjY6Il90b2tlbiI7czo0MDoiZUJkQWpTMUY2a1Y4TmRzbWQ2T21Od2RjM3lQRjZlQVJKbHVoR2ZzRCI7czo5OiJfcHJldmlvdXMiO2E6MTp7czozOiJ1cmwiO3M6NTY6Imh0dHBzOi8vb3B0aWNlZGdlYWZyaWNhLm5ldC9hcGkvYWdlbnQvY2F0YWxvZy9jYXRlZ29yaWVzIjt9czo2OiJfZmxhc2giO2E6Mjp7czozOiJvbGQiO2E6MDp7fXM6MzoibmV3IjthOjA6e319fQ==',1779987788),('7VET0FukKc4C36E7HuGJuMu4EwLxYlqvQdfZpgtm',40,'197.250.153.187','Dart/3.11 (dart:io)','YTozOntzOjY6Il90b2tlbiI7czo0MDoiT1pKTlUzYm54QkNFQmRyY0hlQW13YnlQa29CS2ZSQlpYOXNQNEZhQSI7czo5OiJfcHJldmlvdXMiO2E6MTp7czozOiJ1cmwiO3M6NTY6Imh0dHBzOi8vb3B0aWNlZGdlYWZyaWNhLm5ldC9hcGkvYWdlbnQvY2F0YWxvZy9jYXRlZ29yaWVzIjt9czo2OiJfZmxhc2giO2E6Mjp7czozOiJvbGQiO2E6MDp7fXM6MzoibmV3IjthOjA6e319fQ==',1779986880),('7Y6h163cR9oTM0g4RyXXU3m4kvCVTBoPBnOLAUXy',40,'197.250.153.187','Dart/3.11 (dart:io)','YTozOntzOjY6Il90b2tlbiI7czo0MDoiT3NPejhSbTVFRUdIQmJadjhJUDhxYW5uY0dLRU80ckJQb3ZybE5ZOSI7czo5OiJfcHJldmlvdXMiO2E6MTp7czozOiJ1cmwiO3M6NDY6Imh0dHBzOi8vb3B0aWNlZGdlYWZyaWNhLm5ldC9hcGkvYWdlbnQvYnJhbmNoZXMiO31zOjY6Il9mbGFzaCI7YToyOntzOjM6Im9sZCI7YTowOnt9czozOiJuZXciO2E6MDp7fX19',1779986708),('8LWRH6nBwThIY3e7m3ygDaV9nhKVw3I7d62kMHYA',66,'41.222.179.225','Dart/3.11 (dart:io)','YTozOntzOjY6Il90b2tlbiI7czo0MDoiS1hFOU5FT212M2txNkZvZzVlRnRkU1BHa3U1SGc1WEtkcmZkS0VXcyI7czo5OiJfcHJldmlvdXMiO2E6MTp7czozOiJ1cmwiO3M6NDc6Imh0dHBzOi8vb3B0aWNlZGdlYWZyaWNhLm5ldC9hcGkvYWdlbnQvZGFzaGJvYXJkIjt9czo2OiJfZmxhc2giO2E6Mjp7czozOiJvbGQiO2E6MDp7fXM6MzoibmV3IjthOjA6e319fQ==',1779979561),('9hR8zRC6y11KvjUWP9e05M2fVG7qW8R2MfkEK7Pj',34,'196.249.111.212','Dart/3.11 (dart:io)','YTozOntzOjY6Il90b2tlbiI7czo0MDoiREkxUkJ5Wm1qdzh0aGQ4OE1kbG5EWVlLajZZN245MGw2WlVaMTdMZSI7czo5OiJfcHJldmlvdXMiO2E6MTp7czozOiJ1cmwiO3M6NDY6Imh0dHBzOi8vb3B0aWNlZGdlYWZyaWNhLm5ldC9hcGkvYWdlbnQvYnJhbmNoZXMiO31zOjY6Il9mbGFzaCI7YToyOntzOjM6Im9sZCI7YTowOnt9czozOiJuZXciO2E6MDp7fX19',1779986509),('9NkI9afzYkcRqBG5mXfKQyTmKoPJleJgAtTBTI0g',40,'197.250.153.187','Dart/3.11 (dart:io)','YTozOntzOjY6Il90b2tlbiI7czo0MDoiUkUwaTVXQVhOS2NmR21CSDJEYWp4ajliUTlZWjY4ZVk3am0zQnJLOSI7czo5OiJfcHJldmlvdXMiO2E6MTp7czozOiJ1cmwiO3M6NjA6Imh0dHBzOi8vb3B0aWNlZGdlYWZyaWNhLm5ldC9hcGkvYWdlbnQvcHJvZHVjdC1saXN0L2F2YWlsYWJsZSI7fXM6NjoiX2ZsYXNoIjthOjI6e3M6Mzoib2xkIjthOjA6e31zOjM6Im5ldyI7YTowOnt9fX0=',1779986880),('9qTa6vsPKNJbYlSPvB81VWrENU4EiJv56j6hzjv0',66,'41.222.179.225','Dart/3.11 (dart:io)','YTozOntzOjY6Il90b2tlbiI7czo0MDoiTG9VNXdhRXQ2ZnBUUUFNUXRuM2lydU9rU2V2STZvZ08wWVBzM0VYciI7czo5OiJfcHJldmlvdXMiO2E6MTp7czozOiJ1cmwiO3M6NjA6Imh0dHBzOi8vb3B0aWNlZGdlYWZyaWNhLm5ldC9hcGkvYWdlbnQvcHJvZHVjdC1saXN0L2F2YWlsYWJsZSI7fXM6NjoiX2ZsYXNoIjthOjI6e3M6Mzoib2xkIjthOjA6e31zOjM6Im5ldyI7YTowOnt9fX0=',1779979586),('a0fl7Z0VbBBaMmrAcQoZ9HEsw73slCYlCBeQDRXc',31,'197.250.158.254','Dart/3.11 (dart:io)','YTozOntzOjY6Il90b2tlbiI7czo0MDoiU0tmcDZXQmFjQmk1MEtWR1lQSWxDdFJoMVhYVlJocXdzVHNya1R6bSI7czo5OiJfcHJldmlvdXMiO2E6MTp7czozOiJ1cmwiO3M6NjA6Imh0dHBzOi8vb3B0aWNlZGdlYWZyaWNhLm5ldC9hcGkvYWdlbnQvcHJvZHVjdC1saXN0L2F2YWlsYWJsZSI7fXM6NjoiX2ZsYXNoIjthOjI6e3M6Mzoib2xkIjthOjA6e31zOjM6Im5ldyI7YTowOnt9fX0=',1779987788),('aJR2PA50GgnShbMlIaDglVAOx3QY6zTwr4AieeNb',34,'196.249.111.212','Dart/3.11 (dart:io)','YTozOntzOjY6Il90b2tlbiI7czo0MDoiVVNOVEk2NmRoOVVGYWY2emxaVnRXU2Z2T1Y4UTdoZE1FMnhMN3JFTCI7czo5OiJfcHJldmlvdXMiO2E6MTp7czozOiJ1cmwiO3M6NDc6Imh0dHBzOi8vb3B0aWNlZGdlYWZyaWNhLm5ldC9hcGkvYWdlbnQvZGFzaGJvYXJkIjt9czo2OiJfZmxhc2giO2E6Mjp7czozOiJvbGQiO2E6MDp7fXM6MzoibmV3IjthOjA6e319fQ==',1779983523),('ArSRVMytRfyrvDVEzJ9QR6n6lHEw9C7hOIOY2Tmi',66,'41.222.179.225','Dart/3.11 (dart:io)','YTozOntzOjY6Il90b2tlbiI7czo0MDoiTWwzT3RWY0NObWFMTzRDMVJtNTE1NWU4dGhoVUEwNm10dHFUMGRvOCI7czo5OiJfcHJldmlvdXMiO2E6MTp7czozOiJ1cmwiO3M6NTc6Imh0dHBzOi8vb3B0aWNlZGdlYWZyaWNhLm5ldC9hcGkvYWdlbnQvZGFzaGJvYXJkL2ludmVudG9yeSI7fXM6NjoiX2ZsYXNoIjthOjI6e3M6Mzoib2xkIjthOjA6e31zOjM6Im5ldyI7YTowOnt9fX0=',1779984956),('asUHo95IPJZHLLLnRmKJkQJ0M78qNWK5nQGh7scc',34,'196.249.111.212','Dart/3.11 (dart:io)','YTozOntzOjY6Il90b2tlbiI7czo0MDoiSTBLU0FFVzhGdTNFang4ME56bEUweDJyOHdWdnJCT3VHRkZpTDFVeSI7czo5OiJfcHJldmlvdXMiO2E6MTp7czozOiJ1cmwiO3M6NTc6Imh0dHBzOi8vb3B0aWNlZGdlYWZyaWNhLm5ldC9hcGkvYWdlbnQvZGFzaGJvYXJkL2ludmVudG9yeSI7fXM6NjoiX2ZsYXNoIjthOjI6e3M6Mzoib2xkIjthOjA6e31zOjM6Im5ldyI7YTowOnt9fX0=',1779983524),('B9775BB8xlH7xXydjDIetJL6vRPn2TF0gEDsuVYs',66,'41.222.179.225','Dart/3.11 (dart:io)','YTozOntzOjY6Il90b2tlbiI7czo0MDoiRUdxWVVXWHhEbEJUSkJHdFdtcEdKblZ2RlNvVlVlcEJaTlRreE1qWCI7czo5OiJfcHJldmlvdXMiO2E6MTp7czozOiJ1cmwiO3M6NDY6Imh0dHBzOi8vb3B0aWNlZGdlYWZyaWNhLm5ldC9hcGkvYWdlbnQvYnJhbmNoZXMiO31zOjY6Il9mbGFzaCI7YToyOntzOjM6Im9sZCI7YTowOnt9czozOiJuZXciO2E6MDp7fX19',1779979586),('bf3teMuTPC5CEeV7A5Lv7jekzpFMd4wBLTvBHrEG',34,'196.249.111.212','Dart/3.11 (dart:io)','YTozOntzOjY6Il90b2tlbiI7czo0MDoiaGYzR05kbjNkb0F1Ym5PUGVNR0R2ZDNQSTlqMXBnbHRGcFpVckI1TyI7czo5OiJfcHJldmlvdXMiO2E6MTp7czozOiJ1cmwiO3M6NDk6Imh0dHBzOi8vb3B0aWNlZGdlYWZyaWNhLm5ldC9hcGkvYWdlbnQvc2FsZS1jb25maWciO31zOjY6Il9mbGFzaCI7YToyOntzOjM6Im9sZCI7YTowOnt9czozOiJuZXciO2E6MDp7fX19',1779983426),('bG2eLLBTMZTZdMfOUnUqaBHpK9Qup0P2328BJBVK',66,'41.222.179.225','Dart/3.11 (dart:io)','YTozOntzOjY6Il90b2tlbiI7czo0MDoiQjBraEVpSWs2TGIyQTBYWjFYU3ZVdzBwRTVrS1hiaWRSd3RZQWNraCI7czo5OiJfcHJldmlvdXMiO2E6MTp7czozOiJ1cmwiO3M6NTQ6Imh0dHBzOi8vb3B0aWNlZGdlYWZyaWNhLm5ldC9hcGkvYWdlbnQvY3VzdG9tZXItbmVlZHMvNiI7fXM6NjoiX2ZsYXNoIjthOjI6e3M6Mzoib2xkIjthOjA6e31zOjM6Im5ldyI7YTowOnt9fX0=',1779979725),('bhgMEz8JXXi0tFJzN3Dwo2g0BarcAibLoBGrYzMd',66,'41.222.179.225','Dart/3.11 (dart:io)','YTozOntzOjY6Il90b2tlbiI7czo0MDoiTmZiWTExeEJkcnRtSkwydXdKMkNSaWxJb2N4NHJnd2xDaXBqUXZLRCI7czo5OiJfcHJldmlvdXMiO2E6MTp7czozOiJ1cmwiO3M6NTc6Imh0dHBzOi8vb3B0aWNlZGdlYWZyaWNhLm5ldC9hcGkvYWdlbnQvY3JlZGl0cy85OTAvaW52b2ljZSI7fXM6NjoiX2ZsYXNoIjthOjI6e3M6Mzoib2xkIjthOjA6e31zOjM6Im5ldyI7YTowOnt9fX0=',1779979566),('bjFQUVsHhYvHgX5p4s5F7sF64ACWJVkxxUyRpmd2',40,'197.250.153.187','Dart/3.11 (dart:io)','YTozOntzOjY6Il90b2tlbiI7czo0MDoieU9ZV0lHMXhWWWg1dzJyRXRLd1hwREtVY2ROc0o5Wlllc21McHpiSCI7czo5OiJfcHJldmlvdXMiO2E6MTp7czozOiJ1cmwiO3M6NTg6Imh0dHBzOi8vb3B0aWNlZGdlYWZyaWNhLm5ldC9hcGkvYWdlbnQvY3JlZGl0cy8xMjU0L2ludm9pY2UiO31zOjY6Il9mbGFzaCI7YToyOntzOjM6Im9sZCI7YTowOnt9czozOiJuZXciO2E6MDp7fX19',1779986894),('BOWhk5lzGtBjUmJ4w3oy7AY7k15HUyX2lvC4zyxH',65,'102.205.250.207','Dart/3.11 (dart:io)','YTozOntzOjY6Il90b2tlbiI7czo0MDoiS1J6bmtNUldFS0V1MUpDdUtvT1FiUWUyQkNERE1sZnppcG05OUVKcyI7czo5OiJfcHJldmlvdXMiO2E6MTp7czozOiJ1cmwiO3M6NDc6Imh0dHBzOi8vb3B0aWNlZGdlYWZyaWNhLm5ldC9hcGkvYWdlbnQvZGFzaGJvYXJkIjt9czo2OiJfZmxhc2giO2E6Mjp7czozOiJvbGQiO2E6MDp7fXM6MzoibmV3IjthOjA6e319fQ==',1779988659),('ByZ3IE5ua8AidhVk85l33N8mKqmokRFqQzdbBX29',65,'102.205.250.207','Dart/3.11 (dart:io)','YToyOntzOjY6Il90b2tlbiI7czo0MDoiWXpBMURTT211WTU0NkNzY2puTWhadUc2UEhWR2hWNjhXMnBTZk9wUiI7czo2OiJfZmxhc2giO2E6Mjp7czozOiJvbGQiO2E6MDp7fXM6MzoibmV3IjthOjA6e319fQ==',1779988782),('cBrOYozdYryHzQFP6q67gPtkpewNyu4zcjKPrsAc',97,'197.250.226.70','Mozilla/5.0 (Windows NT 10.0; Win64; x64) AppleWebKit/537.36 (KHTML, like Gecko) Chrome/148.0.0.0 Safari/537.36','YTo0OntzOjY6Il90b2tlbiI7czo0MDoiMW5INXg2S3ZVeFRET1BUalVkNzZoQXZ2RnVzY1BmU0ZjclpYTHdhRiI7czo1MDoibG9naW5fd2ViXzU5YmEzNmFkZGMyYjJmOTQwMTU4MGYwMTRjN2Y1OGVhNGUzMDk4OWQiO2k6OTc7czo5OiJfcHJldmlvdXMiO2E6MTp7czozOiJ1cmwiO3M6NDk6Imh0dHBzOi8vb3B0aWNlZGdlYWZyaWNhLm5ldC9hZG1pbi9wYXltZW50LW9wdGlvbnMiO31zOjY6Il9mbGFzaCI7YToyOntzOjM6Im9sZCI7YTowOnt9czozOiJuZXciO2E6MDp7fX19',1779990642),('CBVtQN3z3qrjykCCO91Po52Q8U4m3T06KYBQzEqQ',NULL,'185.12.149.40','Mozilla/5.0 (Windows NT 6.1; Win64; x64; rv:109.0) Gecko/20100101 Firefox/115','YTozOntzOjY6Il90b2tlbiI7czo0MDoiMXRXcW1SY2hSNFl4Nnp4RFdRZnZmRkkxbkFaR2VGWE5VWlMwSFJ6OSI7czo5OiJfcHJldmlvdXMiO2E6MTp7czozOiJ1cmwiO3M6Mjc6Imh0dHBzOi8vb3B0aWNlZGdlYWZyaWNhLm5ldCI7fXM6NjoiX2ZsYXNoIjthOjI6e3M6Mzoib2xkIjthOjA6e31zOjM6Im5ldyI7YTowOnt9fX0=',1779999985),('ccdxG0e62IzMRuCUWEvYpGrZhP1YHW5bjaBCzHrr',66,'41.222.179.225','Dart/3.11 (dart:io)','YTozOntzOjY6Il90b2tlbiI7czo0MDoieUYxemV5SjlBZ0t2Y1VBeExMV1RlSDNhaUlsWm1KUkdTN3BtOWxmeCI7czo5OiJfcHJldmlvdXMiO2E6MTp7czozOiJ1cmwiO3M6Njc6Imh0dHBzOi8vb3B0aWNlZGdlYWZyaWNhLm5ldC9hcGkvYWdlbnQvY2F0YWxvZy9jYXRlZ29yaWVzLzEvcHJvZHVjdHMiO31zOjY6Il9mbGFzaCI7YToyOntzOjM6Im9sZCI7YTowOnt9czozOiJuZXciO2E6MDp7fX19',1779979681),('Cj4yH1S8LpaGMZ1kmyMspcltFPrmhmzkiZKFUdYK',34,'196.249.111.212','Dart/3.11 (dart:io)','YTozOntzOjY6Il90b2tlbiI7czo0MDoiQldGMWJjQndyTUVmcVRpQzNJNFY3MU14QmJ5dlhuYURKZzN4dW54VCI7czo5OiJfcHJldmlvdXMiO2E6MTp7czozOiJ1cmwiO3M6NTY6Imh0dHBzOi8vb3B0aWNlZGdlYWZyaWNhLm5ldC9hcGkvYWdlbnQvY2F0YWxvZy9jYXRlZ29yaWVzIjt9czo2OiJfZmxhc2giO2E6Mjp7czozOiJvbGQiO2E6MDp7fXM6MzoibmV3IjthOjA6e319fQ==',1779986509),('Cl1mQb0mEC23HfGQajd0jXF266nbqpKMjpIVKOvI',31,'197.250.158.254','Dart/3.11 (dart:io)','YToyOntzOjY6Il90b2tlbiI7czo0MDoiM3RTOENMcUQ4VlUxQTJjdm5QelhSSFM1MGVEYTJGS1FBVzNtNFVJUyI7czo2OiJfZmxhc2giO2E6Mjp7czozOiJvbGQiO2E6MDp7fXM6MzoibmV3IjthOjA6e319fQ==',1779987850),('DduYXKSSRiyU1Hz9AtDO4L3h1ka3CdLM2BACoQEO',NULL,'49.233.45.47','Mozilla/5.0 (iPhone; CPU iPhone OS 13_2_3 like Mac OS X) AppleWebKit/605.1.15 (KHTML, like Gecko) Version/13.0.3 Mobile/15E148 Safari/604.1','YTozOntzOjY6Il90b2tlbiI7czo0MDoiMG92SFc0eWoxN05aaUhBT0JNMjNGR3pDa0RJMXRDZEVIWVhwMzFSUCI7czo5OiJfcHJldmlvdXMiO2E6MTp7czozOiJ1cmwiO3M6Mjc6Imh0dHBzOi8vb3B0aWNlZGdlYWZyaWNhLm5ldCI7fXM6NjoiX2ZsYXNoIjthOjI6e3M6Mzoib2xkIjthOjA6e31zOjM6Im5ldyI7YTowOnt9fX0=',1779998936),('dXmnI2wy5wDsAXqNOHS9TRgFhKuEnL7LqFvJc1xO',66,'41.222.179.225','Dart/3.11 (dart:io)','YTozOntzOjY6Il90b2tlbiI7czo0MDoidlVzWEZxTWxPUjRrRkpiWHhHbXAyblNvcG9lR0hkZ0xFRVpSb3pmcCI7czo5OiJfcHJldmlvdXMiO2E6MTp7czozOiJ1cmwiO3M6NTc6Imh0dHBzOi8vb3B0aWNlZGdlYWZyaWNhLm5ldC9hcGkvYWdlbnQvY3JlZGl0cy85OTAvaW52b2ljZSI7fXM6NjoiX2ZsYXNoIjthOjI6e3M6Mzoib2xkIjthOjA6e31zOjM6Im5ldyI7YTowOnt9fX0=',1779979891),('eECZElk6ubLYuzOfGXbXVIrMUzS6mJZCrXUynQa4',31,'197.250.158.254','Dart/3.11 (dart:io)','YTozOntzOjY6Il90b2tlbiI7czo0MDoiSHNMUWNod3VlUTdqaG1ocnc5MWQyVmN3WUgzeHJ4SFBTUUh1bWhHUiI7czo5OiJfcHJldmlvdXMiO2E6MTp7czozOiJ1cmwiO3M6NDc6Imh0dHBzOi8vb3B0aWNlZGdlYWZyaWNhLm5ldC9hcGkvYWdlbnQvZGFzaGJvYXJkIjt9czo2OiJfZmxhc2giO2E6Mjp7czozOiJvbGQiO2E6MDp7fXM6MzoibmV3IjthOjA6e319fQ==',1779987853),('ETb0gR9xrXngZSntpM8LUnzOmrT1W5PNfs2DubqV',34,'196.249.111.212','Dart/3.11 (dart:io)','YToyOntzOjY6Il90b2tlbiI7czo0MDoiaFhzbVJ5Y3FqcGhCNjJwejh4ejJJQW15bnJSQWwwdTBCbTNlUlQ1QyI7czo2OiJfZmxhc2giO2E6Mjp7czozOiJvbGQiO2E6MDp7fXM6MzoibmV3IjthOjA6e319fQ==',1779983517),('f14dSS4zLyfgUBdNhN5AjkWtiGMHdG9eJfrPYfUE',66,'41.222.179.225','Dart/3.11 (dart:io)','YTozOntzOjY6Il90b2tlbiI7czo0MDoiTmx4Z2x5TnAzRmFwZGl2RFhqRkQ1RWxKUUZ1UTFqZmNnV3Vxa280aiI7czo5OiJfcHJldmlvdXMiO2E6MTp7czozOiJ1cmwiO3M6NTc6Imh0dHBzOi8vb3B0aWNlZGdlYWZyaWNhLm5ldC9hcGkvYWdlbnQvY3JlZGl0cy85OTAvaW52b2ljZSI7fXM6NjoiX2ZsYXNoIjthOjI6e3M6Mzoib2xkIjthOjA6e31zOjM6Im5ldyI7YTowOnt9fX0=',1779979567),('fBkpaqKLqi4hXNrYr20mp9UB1RqQKrwWwzUw0uDK',NULL,'85.121.215.242','Mozilla/5.0 (Macintosh; Intel Mac OS X 10_15_7) AppleWebKit/605.1.15 (KHTML, like Gecko) Version/18.0 Safari/605.1.15','YTozOntzOjY6Il90b2tlbiI7czo0MDoiejk5VHZxQmRPNlhhNEpKOWlsckZPOU9iMzBEMzZJa0p3bUFLeXpObCI7czo5OiJfcHJldmlvdXMiO2E6MTp7czozOiJ1cmwiO3M6Mjc6Imh0dHBzOi8vb3B0aWNlZGdlYWZyaWNhLm5ldCI7fXM6NjoiX2ZsYXNoIjthOjI6e3M6Mzoib2xkIjthOjA6e31zOjM6Im5ldyI7YTowOnt9fX0=',1780012697),('fmrhEDh1XnUEm367EysbssltlE3YvL6zknIl4l5X',NULL,'74.7.241.37','Mozilla/5.0 AppleWebKit/537.36 (KHTML, like Gecko; compatible; GPTBot/1.4; +https://openai.com/gptbot)','YTozOntzOjY6Il90b2tlbiI7czo0MDoiVXZaN2E2WGtEdWM1VTdvSjQ4am1lamR6ak9oUVB2RUNHTWlvbVBGRSI7czo5OiJfcHJldmlvdXMiO2E6MTp7czozOiJ1cmwiO3M6NDM6Imh0dHBzOi8vd3d3Lm9wdGljZWRnZWFmcmljYS5uZXQvcHJvZHVjdC80MzciO31zOjY6Il9mbGFzaCI7YToyOntzOjM6Im9sZCI7YTowOnt9czozOiJuZXciO2E6MDp7fX19',1780005106),('gVjeK1XQAqnndgJwa2jQpbtOktyW76lHQvODUBGO',34,'196.249.111.212','Dart/3.11 (dart:io)','YTozOntzOjY6Il90b2tlbiI7czo0MDoiSFBMQ2lBODVHN3dWZXAwZjdCWWdwQ2k5YzRSYjFWbHRsalJ5QWZqNiI7czo5OiJfcHJldmlvdXMiO2E6MTp7czozOiJ1cmwiO3M6NjA6Imh0dHBzOi8vb3B0aWNlZGdlYWZyaWNhLm5ldC9hcGkvYWdlbnQvcHJvZHVjdC1saXN0L2F2YWlsYWJsZSI7fXM6NjoiX2ZsYXNoIjthOjI6e3M6Mzoib2xkIjthOjA6e31zOjM6Im5ldyI7YTowOnt9fX0=',1779983518),('gW1n9tsCy71oHbwm7RU5X9QpNkFTnO7NeiET9qge',66,'41.222.179.225','Dart/3.11 (dart:io)','YTozOntzOjY6Il90b2tlbiI7czo0MDoiTm80SDBSeUt0R3ptWGNWbEVWdXBVeHVhc0RDNEhMUDgwdWtpTmtQTiI7czo5OiJfcHJldmlvdXMiO2E6MTp7czozOiJ1cmwiO3M6NTY6Imh0dHBzOi8vb3B0aWNlZGdlYWZyaWNhLm5ldC9hcGkvYWdlbnQvY2F0YWxvZy9jYXRlZ29yaWVzIjt9czo2OiJfZmxhc2giO2E6Mjp7czozOiJvbGQiO2E6MDp7fXM6MzoibmV3IjthOjA6e319fQ==',1779979586),('H9Qh6mH1I1H4i6vsO9U0KVPvNlz1ebAOFugRba9U',NULL,'43.167.232.38','Mozilla/5.0 (iPhone; CPU iPhone OS 13_2_3 like Mac OS X) AppleWebKit/605.1.15 (KHTML, like Gecko) Version/13.0.3 Mobile/15E148 Safari/604.1','YTozOntzOjY6Il90b2tlbiI7czo0MDoidDI2enNVOHZsZ0plTjNZZ2Q2QWpjRXM4a1g1ZFhaMUlhQkh6QXBBSyI7czo5OiJfcHJldmlvdXMiO2E6MTp7czozOiJ1cmwiO3M6MzE6Imh0dHBzOi8vd3d3Lm9wdGljZWRnZWFmcmljYS5uZXQiO31zOjY6Il9mbGFzaCI7YToyOntzOjM6Im9sZCI7YTowOnt9czozOiJuZXciO2E6MDp7fX19',1779996834),('HFi3Vz7xQ8GSY631UNebtUa8eskhkCuohXPCIHw3',40,'197.250.153.187','Dart/3.11 (dart:io)','YTozOntzOjY6Il90b2tlbiI7czo0MDoiNFdLak5DTHdoMWl2eDR0V1ZyVXpZQndoZ3lOWDV6blZBOTZ5bUdseiI7czo5OiJfcHJldmlvdXMiO2E6MTp7czozOiJ1cmwiO3M6NjA6Imh0dHBzOi8vb3B0aWNlZGdlYWZyaWNhLm5ldC9hcGkvYWdlbnQvcHJvZHVjdC1saXN0L2F2YWlsYWJsZSI7fXM6NjoiX2ZsYXNoIjthOjI6e3M6Mzoib2xkIjthOjA6e31zOjM6Im5ldyI7YTowOnt9fX0=',1779986708),('hfJQ8Nmh3e8x2PHIPXShzJmIQDjpi3jUqz4peRpY',NULL,'51.68.236.93','Mozilla/5.0 (compatible; MJ12bot/v2.0.5; http://mj12bot.com/)','YTozOntzOjY6Il90b2tlbiI7czo0MDoiQ2g3NkNUVnVwNjhNRllFQ2Fya1h0UTNEdjNYVk9HNnRCeTBibk5OaiI7czo5OiJfcHJldmlvdXMiO2E6MTp7czozOiJ1cmwiO3M6Mjc6Imh0dHBzOi8vb3B0aWNlZGdlYWZyaWNhLm5ldCI7fXM6NjoiX2ZsYXNoIjthOjI6e3M6Mzoib2xkIjthOjA6e31zOjM6Im5ldyI7YTowOnt9fX0=',1779989967),('hpZO90i27ccCxp8QKFPDj34nqM25ZWlYbqOtqtY7',66,'41.222.179.225','Dart/3.11 (dart:io)','YTozOntzOjY6Il90b2tlbiI7czo0MDoiRzZaVDVnYTNoT2t6b2o3TmFIbWcyb3Nxb3dqQ0Y5cVdsZFB6S3RtbiI7czo5OiJfcHJldmlvdXMiO2E6MTp7czozOiJ1cmwiO3M6NDk6Imh0dHBzOi8vb3B0aWNlZGdlYWZyaWNhLm5ldC9hcGkvYWdlbnQvc2FsZS1jb25maWciO31zOjY6Il9mbGFzaCI7YToyOntzOjM6Im9sZCI7YTowOnt9czozOiJuZXciO2E6MDp7fX19',1779984854),('Hr70BiLvCG9p2HDisdKlqQM4W7n9d7gdYZBaAVwd',40,'197.250.153.187','Dart/3.11 (dart:io)','YTozOntzOjY6Il90b2tlbiI7czo0MDoiUTdMdlNEeUN0bk4xR0hPUnkzNE0wS0dGeUpUUGpRMFhKZFVodEhGSSI7czo5OiJfcHJldmlvdXMiO2E6MTp7czozOiJ1cmwiO3M6NTc6Imh0dHBzOi8vb3B0aWNlZGdlYWZyaWNhLm5ldC9hcGkvYWdlbnQvZGFzaGJvYXJkL2ludmVudG9yeSI7fXM6NjoiX2ZsYXNoIjthOjI6e3M6Mzoib2xkIjthOjA6e31zOjM6Im5ldyI7YTowOnt9fX0=',1779985185),('idp8W8CQus47iRoUGHh1gAMkRlYJU6ytk4CMRwwp',40,'197.250.153.187','Dart/3.11 (dart:io)','YTozOntzOjY6Il90b2tlbiI7czo0MDoiNGZkZmJFZ09WZW9HZmVnblZGbVVuNTFyS2U2VlFkOWx5d2pQVWs2cyI7czo5OiJfcHJldmlvdXMiO2E6MTp7czozOiJ1cmwiO3M6NDc6Imh0dHBzOi8vb3B0aWNlZGdlYWZyaWNhLm5ldC9hcGkvYWdlbnQvZGFzaGJvYXJkIjt9czo2OiJfZmxhc2giO2E6Mjp7czozOiJvbGQiO2E6MDp7fXM6MzoibmV3IjthOjA6e319fQ==',1779985133),('IetGDwc4bhMgWZmJSnH6n2ospcvSXOFQVSIyKrpX',65,'102.205.250.207','Dart/3.11 (dart:io)','YTozOntzOjY6Il90b2tlbiI7czo0MDoicWRmU2QzQzR3MzRWbHVVbnVnY3oxakROM3pzbTJ5SzZGNU5LWFREciI7czo5OiJfcHJldmlvdXMiO2E6MTp7czozOiJ1cmwiO3M6NTg6Imh0dHBzOi8vb3B0aWNlZGdlYWZyaWNhLm5ldC9hcGkvYWdlbnQvY3JlZGl0cy8xMjU2L2ludm9pY2UiO31zOjY6Il9mbGFzaCI7YToyOntzOjM6Im9sZCI7YTowOnt9czozOiJuZXciO2E6MDp7fX19',1779988792),('ilFhxHBzmURNSyITTVhSjLGBqXKikmVn9jjaNWB7',31,'197.250.158.254','Dart/3.11 (dart:io)','YTozOntzOjY6Il90b2tlbiI7czo0MDoidE5QMmZCU2pHYWJuajFkVE9pS0duRExNeFJnZGNLSUJ5Ymo0blJ6eSI7czo5OiJfcHJldmlvdXMiO2E6MTp7czozOiJ1cmwiO3M6NTg6Imh0dHBzOi8vb3B0aWNlZGdlYWZyaWNhLm5ldC9hcGkvYWdlbnQvY3JlZGl0cy8xMjU1L2ludm9pY2UiO31zOjY6Il9mbGFzaCI7YToyOntzOjM6Im9sZCI7YTowOnt9czozOiJuZXciO2E6MDp7fX19',1779988194),('IOFtASoBpLDGsk2PoNUNYr53kvJ4OE19lLoVA0pj',57,'197.250.50.232','Dart/3.11 (dart:io)','YToyOntzOjY6Il90b2tlbiI7czo0MDoiSTh5TGdSM0Vla3I5b0U1bmg4Z25PMkVwR00xMWFKbmpKcFZuOGdqVCI7czo2OiJfZmxhc2giO2E6Mjp7czozOiJvbGQiO2E6MDp7fXM6MzoibmV3IjthOjA6e319fQ==',1779980609),('IRpAKFfg22MYCQHJqsCdc8LQgGkbbeIAPFcPBPw6',40,'197.250.153.187','Dart/3.11 (dart:io)','YTozOntzOjY6Il90b2tlbiI7czo0MDoib1h2dGxVOE1nNDdJNlNuMFhvcG5lVjN1S3NWMWVkb09Yb2d5ckdMSiI7czo5OiJfcHJldmlvdXMiO2E6MTp7czozOiJ1cmwiO3M6NTc6Imh0dHBzOi8vb3B0aWNlZGdlYWZyaWNhLm5ldC9hcGkvYWdlbnQvZGFzaGJvYXJkL2ludmVudG9yeSI7fXM6NjoiX2ZsYXNoIjthOjI6e3M6Mzoib2xkIjthOjA6e31zOjM6Im5ldyI7YTowOnt9fX0=',1779986891),('iS9dF5Lsjt4Y9na25ooyEAhr0UesF3pWEv1XFeAL',57,'197.250.50.232','Dart/3.11 (dart:io)','YTozOntzOjY6Il90b2tlbiI7czo0MDoibkoxbHVuZ3JoYmsyeFRFaWZIM1JpeG55cDA5dXZoREdaWjl1WVFpWiI7czo5OiJfcHJldmlvdXMiO2E6MTp7czozOiJ1cmwiO3M6NjA6Imh0dHBzOi8vb3B0aWNlZGdlYWZyaWNhLm5ldC9hcGkvYWdlbnQvcHJvZHVjdC1saXN0L2F2YWlsYWJsZSI7fXM6NjoiX2ZsYXNoIjthOjI6e3M6Mzoib2xkIjthOjA6e31zOjM6Im5ldyI7YTowOnt9fX0=',1779980610),('izH1lObzLNnErCdnvNyGN4W2Vl3shoOH53QOLOkG',1,'197.250.51.231','Mozilla/5.0 (Windows NT 10.0; Win64; x64) AppleWebKit/537.36 (KHTML, like Gecko) Chrome/148.0.0.0 Safari/537.36','YTo0OntzOjY6Il90b2tlbiI7czo0MDoiTndoV0pjeU8wV0ZwMDVGeFR6cVpjOWxGWkI3eDZFUmQ3Z3VhRnZrTyI7czo2OiJfZmxhc2giO2E6Mjp7czozOiJvbGQiO2E6MDp7fXM6MzoibmV3IjthOjA6e319czo5OiJfcHJldmlvdXMiO2E6MTp7czozOiJ1cmwiO3M6NDM6Imh0dHBzOi8vb3B0aWNlZGdlYWZyaWNhLm5ldC9hZG1pbi9kYXNoYm9hcmQiO31zOjUwOiJsb2dpbl93ZWJfNTliYTM2YWRkYzJiMmY5NDAxNTgwZjAxNGM3ZjU4ZWE0ZTMwOTg5ZCI7aToxO30=',1779982684),('J17joWrGGNVEJ14yPxdeWCOTz8SMqLVOgpsjrXUZ',34,'196.249.111.212','Dart/3.11 (dart:io)','YTozOntzOjY6Il90b2tlbiI7czo0MDoiMWFNMHFSa0RjNkhTc1ZST1RESmpNVFNhYmV2RlBFTUhFN2NvUnQwdSI7czo5OiJfcHJldmlvdXMiO2E6MTp7czozOiJ1cmwiO3M6NDY6Imh0dHBzOi8vb3B0aWNlZGdlYWZyaWNhLm5ldC9hcGkvYWdlbnQvYnJhbmNoZXMiO31zOjY6Il9mbGFzaCI7YToyOntzOjM6Im9sZCI7YTowOnt9czozOiJuZXciO2E6MDp7fX19',1779983426),('JCpjADOZ6ItC5Pgq1B4QThkDEuFy9cL3Gp6CUvPt',31,'197.250.158.254','Dart/3.11 (dart:io)','YTozOntzOjY6Il90b2tlbiI7czo0MDoidUxaU1laS2pQQXV2WUlrOXp4ZjI3ZEcxcnZXc2hhb0hHTEhOTWxsSyI7czo5OiJfcHJldmlvdXMiO2E6MTp7czozOiJ1cmwiO3M6NjA6Imh0dHBzOi8vb3B0aWNlZGdlYWZyaWNhLm5ldC9hcGkvYWdlbnQvcHJvZHVjdC1saXN0L2F2YWlsYWJsZSI7fXM6NjoiX2ZsYXNoIjthOjI6e3M6Mzoib2xkIjthOjA6e31zOjM6Im5ldyI7YTowOnt9fX0=',1779987850),('JrPUDWTl9YUDtbRw2VFWeYkEckaj5tewlFDyDpLC',NULL,'104.194.9.138','Mozilla/5.0 (X11; Linux x86_64) AppleWebKit/537.36 (KHTML, like Gecko) Chrome/143.0.0.0 Safari/537.36','YTozOntzOjY6Il90b2tlbiI7czo0MDoiVVhkZDRCM2lUbm1BVFV4SElNc3Y4bnVwSDFHMFI1VlpNSFNORzlFRiI7czo5OiJfcHJldmlvdXMiO2E6MTp7czozOiJ1cmwiO3M6Mjc6Imh0dHBzOi8vb3B0aWNlZGdlYWZyaWNhLm5ldCI7fXM6NjoiX2ZsYXNoIjthOjI6e3M6Mzoib2xkIjthOjA6e31zOjM6Im5ldyI7YTowOnt9fX0=',1780008554),('jVVApnAVGIlC9b76DQdxN2WNDCCBtkj7J1ZYX6ve',34,'196.249.111.212','Dart/3.11 (dart:io)','YTozOntzOjY6Il90b2tlbiI7czo0MDoia3RLSUFGUFdKcnRuY3BOMWFjR0dVQXFvVXFVOWhvOWdCWDZyam1heiI7czo5OiJfcHJldmlvdXMiO2E6MTp7czozOiJ1cmwiO3M6NjA6Imh0dHBzOi8vb3B0aWNlZGdlYWZyaWNhLm5ldC9hcGkvYWdlbnQvcHJvZHVjdC1saXN0L2F2YWlsYWJsZSI7fXM6NjoiX2ZsYXNoIjthOjI6e3M6Mzoib2xkIjthOjA6e31zOjM6Im5ldyI7YTowOnt9fX0=',1779986509),('JYIXfMwc1KEhVjmOFkrJ8PWvF6MlTuCCliyFixEo',34,'196.249.111.212','Dart/3.11 (dart:io)','YTozOntzOjY6Il90b2tlbiI7czo0MDoiV0VNT0RwSlY0bDVKdmswcFVPWWNlcjE0RFBaRXk3ZDFsNUw0TEFPTCI7czo5OiJfcHJldmlvdXMiO2E6MTp7czozOiJ1cmwiO3M6NTY6Imh0dHBzOi8vb3B0aWNlZGdlYWZyaWNhLm5ldC9hcGkvYWdlbnQvY2F0YWxvZy9jYXRlZ29yaWVzIjt9czo2OiJfZmxhc2giO2E6Mjp7czozOiJvbGQiO2E6MDp7fXM6MzoibmV3IjthOjA6e319fQ==',1779983426),('jzV3WLW04Zpj7y8FFblacfOpgJVqrETGIY2ujGsN',65,'102.205.250.207','Dart/3.11 (dart:io)','YTozOntzOjY6Il90b2tlbiI7czo0MDoiNXoyY2liT09NR24xZ1VqOEFRMXJHRzNNeGxXd2I2blZ5V0trMG1yYiI7czo5OiJfcHJldmlvdXMiO2E6MTp7czozOiJ1cmwiO3M6NjA6Imh0dHBzOi8vb3B0aWNlZGdlYWZyaWNhLm5ldC9hcGkvYWdlbnQvcHJvZHVjdC1saXN0L2F2YWlsYWJsZSI7fXM6NjoiX2ZsYXNoIjthOjI6e3M6Mzoib2xkIjthOjA6e31zOjM6Im5ldyI7YTowOnt9fX0=',1779988783),('k6jKwxUkTdhYWVMGbAJubGYu08OM8JUWPfgP1MP6',NULL,'66.249.66.12','Mozilla/5.0 (Linux; Android 6.0.1; Nexus 5X Build/MMB29P) AppleWebKit/537.36 (KHTML, like Gecko) Chrome/148.0.7778.96 Mobile Safari/537.36 (compatible; GoogleOther)','YTozOntzOjY6Il90b2tlbiI7czo0MDoiVWJKNXdQYjNUZmtpZmY3enhhdTMzRTVreGJFY0Y0d0VRbXR1cjV2RiI7czo5OiJfcHJldmlvdXMiO2E6MTp7czozOiJ1cmwiO3M6Mzg6Imh0dHBzOi8vb3B0aWNlZGdlYWZyaWNhLm5ldC9wcm9kdWN0Lzk1Ijt9czo2OiJfZmxhc2giO2E6Mjp7czozOiJvbGQiO2E6MDp7fXM6MzoibmV3IjthOjA6e319fQ==',1779984812),('k9HvBMg4GViL9Tf6k0CUDQ5SmcjZ7bUPyejQpqdZ',98,'197.250.51.151','Mozilla/5.0 (Windows NT 10.0; Win64; x64) AppleWebKit/537.36 (KHTML, like Gecko) Chrome/147.0.0.0 Safari/537.36','YTo0OntzOjY6Il90b2tlbiI7czo0MDoiOFcwaEtpVWtqREsxc0VJcm83VlBYNU0wWWhJRlFBdmZnRkxGWjVXTyI7czo1MDoibG9naW5fd2ViXzU5YmEzNmFkZGMyYjJmOTQwMTU4MGYwMTRjN2Y1OGVhNGUzMDk4OWQiO2k6OTg7czo5OiJfcHJldmlvdXMiO2E6MTp7czozOiJ1cmwiO3M6NjU6Imh0dHBzOi8vb3B0aWNlZGdlYWZyaWNhLm5ldC9hZG1pbi9zdG9jay9hZ2VudC1jcmVkaXRzLzk5MC9pbnZvaWNlIjt9czo2OiJfZmxhc2giO2E6Mjp7czozOiJvbGQiO2E6MDp7fXM6MzoibmV3IjthOjA6e319fQ==',1779980892),('KJVJx464LnPCNU6o2usFsiqWrYWHMZL6n7V5n2Wp',34,'196.249.111.212','Dart/3.11 (dart:io)','YToyOntzOjY6Il90b2tlbiI7czo0MDoiS1NtdkxSazV3MWIzVHR1SE12S3MxSWdPU0xmdjJHR2tGbzlMb0pvbSI7czo2OiJfZmxhc2giO2E6Mjp7czozOiJvbGQiO2E6MDp7fXM6MzoibmV3IjthOjA6e319fQ==',1779986660),('LAfYTTPmnXCg9Xzu1shqZ1LZJDaRSxKd3D1EeEdh',66,'41.222.179.225','Dart/3.11 (dart:io)','YTozOntzOjY6Il90b2tlbiI7czo0MDoib2JSbUFtQUtrM1JNYTQ1bkFuMEx5ZEdmamIxUktMM1JsVmN0cXhGaiI7czo5OiJfcHJldmlvdXMiO2E6MTp7czozOiJ1cmwiO3M6NTY6Imh0dHBzOi8vb3B0aWNlZGdlYWZyaWNhLm5ldC9hcGkvYWdlbnQvY2F0YWxvZy9jYXRlZ29yaWVzIjt9czo2OiJfZmxhc2giO2E6Mjp7czozOiJvbGQiO2E6MDp7fXM6MzoibmV3IjthOjA6e319fQ==',1779984854),('LEfVEfP8NSaNZlKwLS3xydtkhir7Cvx8kYCcxQor',34,'196.249.111.212','Dart/3.11 (dart:io)','YTozOntzOjY6Il90b2tlbiI7czo0MDoiT1NWQ1o4Zkh2MzNISERwbTZ2dTZUOE42dDVWamhvNHV0S0g1SFNEViI7czo5OiJfcHJldmlvdXMiO2E6MTp7czozOiJ1cmwiO3M6NDc6Imh0dHBzOi8vb3B0aWNlZGdlYWZyaWNhLm5ldC9hcGkvYWdlbnQvZGFzaGJvYXJkIjt9czo2OiJfZmxhc2giO2E6Mjp7czozOiJvbGQiO2E6MDp7fXM6MzoibmV3IjthOjA6e319fQ==',1779986504),('m9mEmzdx2yHjImLtdNrKMQw5kr4X8Mt5ntasra4W',57,'197.250.50.232','Dart/3.11 (dart:io)','YTozOntzOjY6Il90b2tlbiI7czo0MDoiNXBRbHBQa1E4NGZHVVJEcGRFV1pOWWxwS2hDR2tkb2dHblQ3REs4QiI7czo5OiJfcHJldmlvdXMiO2E6MTp7czozOiJ1cmwiO3M6NDc6Imh0dHBzOi8vb3B0aWNlZGdlYWZyaWNhLm5ldC9hcGkvYWdlbnQvZGFzaGJvYXJkIjt9czo2OiJfZmxhc2giO2E6Mjp7czozOiJvbGQiO2E6MDp7fXM6MzoibmV3IjthOjA6e319fQ==',1779980508),('mRyiweUyqUeyyjV88L3G2Or7yU6iTuvknykDoGgm',NULL,'104.155.11.101','python-requests/2.32.5','YTozOntzOjY6Il90b2tlbiI7czo0MDoiNzRRN1BpSjdoYUJldnZUZUx2V3k4Mko4U0kyQXFrZkxHTVlYc2pvSyI7czo5OiJfcHJldmlvdXMiO2E6MTp7czozOiJ1cmwiO3M6Mjc6Imh0dHBzOi8vb3B0aWNlZGdlYWZyaWNhLm5ldCI7fXM6NjoiX2ZsYXNoIjthOjI6e3M6Mzoib2xkIjthOjA6e31zOjM6Im5ldyI7YTowOnt9fX0=',1779981877),('MsEy7Oh95r8WGsslF09diqC8rl2WF9jdJur1ZYO3',34,'196.249.111.212','Dart/3.11 (dart:io)','YTozOntzOjY6Il90b2tlbiI7czo0MDoieHRpYkxCdWpDZ1NxUDBLZlN6d1lRb3pKRkNuQzZRcGlxT2lmQjd6NyI7czo5OiJfcHJldmlvdXMiO2E6MTp7czozOiJ1cmwiO3M6NTc6Imh0dHBzOi8vb3B0aWNlZGdlYWZyaWNhLm5ldC9hcGkvYWdlbnQvZGFzaGJvYXJkL2ludmVudG9yeSI7fXM6NjoiX2ZsYXNoIjthOjI6e3M6Mzoib2xkIjthOjA6e31zOjM6Im5ldyI7YTowOnt9fX0=',1779986691),('mYmBiAPhRbIGyyvIlgg5VmZ20c2CaVqi62i4BjkU',66,'41.222.179.225','Dart/3.11 (dart:io)','YTozOntzOjY6Il90b2tlbiI7czo0MDoiYzBleExISzI0RDBMazZNYmF2bHhJQmM0MXlhU1A5NTF1dnFQZWkxSyI7czo5OiJfcHJldmlvdXMiO2E6MTp7czozOiJ1cmwiO3M6NTI6Imh0dHBzOi8vb3B0aWNlZGdlYWZyaWNhLm5ldC9hcGkvYWdlbnQvY3VzdG9tZXItbmVlZHMiO31zOjY6Il9mbGFzaCI7YToyOntzOjM6Im9sZCI7YTowOnt9czozOiJuZXciO2E6MDp7fX19',1779979723),('mZKzD18qsLhFhzjQDOWHlfwhnbas7d31PGqYEftA',34,'196.249.111.212','Dart/3.11 (dart:io)','YTozOntzOjY6Il90b2tlbiI7czo0MDoidWpraVlYeE14M3VaYVpXak9UZEhqNlVOcG5YWXZhVzZtV1FUWmNYRSI7czo5OiJfcHJldmlvdXMiO2E6MTp7czozOiJ1cmwiO3M6NjA6Imh0dHBzOi8vb3B0aWNlZGdlYWZyaWNhLm5ldC9hcGkvYWdlbnQvcHJvZHVjdC1saXN0L2F2YWlsYWJsZSI7fXM6NjoiX2ZsYXNoIjthOjI6e3M6Mzoib2xkIjthOjA6e31zOjM6Im5ldyI7YTowOnt9fX0=',1779986661),('N3eQyi6owFwjRcCHYSXgbtXvqzoE7uxzh9QLzfDr',34,'196.249.111.212','Dart/3.11 (dart:io)','YTozOntzOjY6Il90b2tlbiI7czo0MDoiVU1NRG5SM2c2QXN6ZjFlZDJSbmNaWlVaaTlDUDNnalJydlRHeGR5TiI7czo5OiJfcHJldmlvdXMiO2E6MTp7czozOiJ1cmwiO3M6NDk6Imh0dHBzOi8vb3B0aWNlZGdlYWZyaWNhLm5ldC9hcGkvYWdlbnQvc2FsZS1jb25maWciO31zOjY6Il9mbGFzaCI7YToyOntzOjM6Im9sZCI7YTowOnt9czozOiJuZXciO2E6MDp7fX19',1779986509),('NblIIBn6s9ZHncQGGmAfGqn33WjF3epmglGJCLqE',NULL,'104.194.9.138','Mozilla/5.0 (X11; Linux x86_64) AppleWebKit/537.36 (KHTML, like Gecko) Chrome/143.0.0.0 Safari/537.36','YTozOntzOjY6Il90b2tlbiI7czo0MDoiQ3pjbFlDY0FMblZSb2R3SHdDU3plcUF5NjlubDVRM1BTMjZDVVRLVSI7czo5OiJfcHJldmlvdXMiO2E6MTp7czozOiJ1cmwiO3M6Mjc6Imh0dHBzOi8vb3B0aWNlZGdlYWZyaWNhLm5ldCI7fXM6NjoiX2ZsYXNoIjthOjI6e3M6Mzoib2xkIjthOjA6e31zOjM6Im5ldyI7YTowOnt9fX0=',1780008557),('ncvzMuKXFhMeuFQBUrMMSSKBEzAep6n1AvH6rWzO',57,'197.250.50.232','Dart/3.11 (dart:io)','YTozOntzOjY6Il90b2tlbiI7czo0MDoiQTBLdmpueGZhWmxPZGZ3RzVxcU55UW9TTEpIM3RCWVBaNFRVTXk5YiI7czo5OiJfcHJldmlvdXMiO2E6MTp7czozOiJ1cmwiO3M6NDY6Imh0dHBzOi8vb3B0aWNlZGdlYWZyaWNhLm5ldC9hcGkvYWdlbnQvYnJhbmNoZXMiO31zOjY6Il9mbGFzaCI7YToyOntzOjM6Im9sZCI7YTowOnt9czozOiJuZXciO2E6MDp7fX19',1779980570),('Ng3wNTKyvi06JPGxqA76DNVQGyzTopBqRSmRgsZ9',65,'102.205.250.207','Dart/3.11 (dart:io)','YTozOntzOjY6Il90b2tlbiI7czo0MDoiYnI3Z3pBV1BtZW4yOENrYjVFVlZ2Y2NhZlN6WmRZMVQ0WnNvc1JNciI7czo5OiJfcHJldmlvdXMiO2E6MTp7czozOiJ1cmwiO3M6NjA6Imh0dHBzOi8vb3B0aWNlZGdlYWZyaWNhLm5ldC9hcGkvYWdlbnQvcHJvZHVjdC1saXN0L2F2YWlsYWJsZSI7fXM6NjoiX2ZsYXNoIjthOjI6e3M6Mzoib2xkIjthOjA6e31zOjM6Im5ldyI7YTowOnt9fX0=',1779988666),('nJVegpuAXnrBhUIlaAr8Pc4AfTtGab2UzmNRxGKw',57,'197.250.50.232','Dart/3.11 (dart:io)','YTozOntzOjY6Il90b2tlbiI7czo0MDoiN1BBUW1kazNBWTNINU1VMHMzV01xVXdVWGFHVGxlY1Fzcjd2VFdVRyI7czo5OiJfcHJldmlvdXMiO2E6MTp7czozOiJ1cmwiO3M6NDk6Imh0dHBzOi8vb3B0aWNlZGdlYWZyaWNhLm5ldC9hcGkvYWdlbnQvc2FsZS1jb25maWciO31zOjY6Il9mbGFzaCI7YToyOntzOjM6Im9sZCI7YTowOnt9czozOiJuZXciO2E6MDp7fX19',1779980570),('Nua0gLlNDkFSkk39u20qQOP6EVVjQ79wuRLloZmA',34,'196.249.111.212','Dart/3.11 (dart:io)','YTozOntzOjY6Il90b2tlbiI7czo0MDoiSHQzOVQ3MnM4THIwYndvZTdWMlVKU0ZHOUFmVFQ1UUJaUVpRWGNsZSI7czo5OiJfcHJldmlvdXMiO2E6MTp7czozOiJ1cmwiO3M6NTg6Imh0dHBzOi8vb3B0aWNlZGdlYWZyaWNhLm5ldC9hcGkvYWdlbnQvY3JlZGl0cy8xMjUzL2ludm9pY2UiO31zOjY6Il9mbGFzaCI7YToyOntzOjM6Im9sZCI7YTowOnt9czozOiJuZXciO2E6MDp7fX19',1779986697),('OiQZU4d3UqnCPhgGMRwuTYwS3qOQXUqzCxiXYgC3',65,'102.205.250.207','Dart/3.11 (dart:io)','YTozOntzOjY6Il90b2tlbiI7czo0MDoiR3J2aTd6TE1tR1ZaSmsxQzNuRmlqRlZ0NzExN3ZVcnRMWW43OWlXZiI7czo5OiJfcHJldmlvdXMiO2E6MTp7czozOiJ1cmwiO3M6NTY6Imh0dHBzOi8vb3B0aWNlZGdlYWZyaWNhLm5ldC9hcGkvYWdlbnQvY2F0YWxvZy9jYXRlZ29yaWVzIjt9czo2OiJfZmxhc2giO2E6Mjp7czozOiJvbGQiO2E6MDp7fXM6MzoibmV3IjthOjA6e319fQ==',1779988663),('OQrbQ8hCADixUIrEZTqQERDAmZ5fWkewrPPfwfD7',66,'41.222.179.225','Dart/3.11 (dart:io)','YTozOntzOjY6Il90b2tlbiI7czo0MDoiWlRkdDV2MlJzZ2NrcENJZlpuVVVpcmU5cm1tOGJNYUtBZXpYdUptSiI7czo5OiJfcHJldmlvdXMiO2E6MTp7czozOiJ1cmwiO3M6NDY6Imh0dHBzOi8vb3B0aWNlZGdlYWZyaWNhLm5ldC9hcGkvYWdlbnQvYnJhbmNoZXMiO31zOjY6Il9mbGFzaCI7YToyOntzOjM6Im9sZCI7YTowOnt9czozOiJuZXciO2E6MDp7fX19',1779984854),('OtGOMpMl54Efis347jHO87CU4AyViSeMWLTQ02WL',40,'197.250.153.187','Dart/3.11 (dart:io)','YTozOntzOjY6Il90b2tlbiI7czo0MDoiUGptMUJ1SjBWMkhsNTRJbEVCU0IwOEZtNHlSRzcxcVk3NXdMSG9PZSI7czo5OiJfcHJldmlvdXMiO2E6MTp7czozOiJ1cmwiO3M6NjA6Imh0dHBzOi8vb3B0aWNlZGdlYWZyaWNhLm5ldC9hcGkvYWdlbnQvcHJvZHVjdC1saXN0L2F2YWlsYWJsZSI7fXM6NjoiX2ZsYXNoIjthOjI6e3M6Mzoib2xkIjthOjA6e31zOjM6Im5ldyI7YTowOnt9fX0=',1779986875),('p1OnqCmls5MnvzqY0iwpMpyU7jMJICDauXk9QgdJ',40,'197.250.153.187','Dart/3.11 (dart:io)','YTozOntzOjY6Il90b2tlbiI7czo0MDoiMjZIMWdxT0Uxdjc4U0c5MG9yMnZneW9OTGxjMkhuTFE5M044UWMxTSI7czo5OiJfcHJldmlvdXMiO2E6MTp7czozOiJ1cmwiO3M6NDY6Imh0dHBzOi8vb3B0aWNlZGdlYWZyaWNhLm5ldC9hcGkvYWdlbnQvYnJhbmNoZXMiO31zOjY6Il9mbGFzaCI7YToyOntzOjM6Im9sZCI7YTowOnt9czozOiJuZXciO2E6MDp7fX19',1779986880),('PGtRA57LXwCqgo40zO9HaIeorFqKSqFrpREnDYei',66,'41.222.179.225','Dart/3.11 (dart:io)','YTozOntzOjY6Il90b2tlbiI7czo0MDoiWjV3aEdXa0RNZk5lMXdCUWpHR0QybXExM0Z2WW1PM3I1aTdHU3pNeCI7czo5OiJfcHJldmlvdXMiO2E6MTp7czozOiJ1cmwiO3M6NjA6Imh0dHBzOi8vb3B0aWNlZGdlYWZyaWNhLm5ldC9hcGkvYWdlbnQvcHJvZHVjdC1saXN0L2F2YWlsYWJsZSI7fXM6NjoiX2ZsYXNoIjthOjI6e3M6Mzoib2xkIjthOjA6e31zOjM6Im5ldyI7YTowOnt9fX0=',1779984949),('Qtk8gjCDlkkadkMrK0WTYLOo71nGe46OU43jZrCz',34,'196.249.111.212','Dart/3.11 (dart:io)','YTozOntzOjY6Il90b2tlbiI7czo0MDoiZlpYV2FWZW55V0NYZFA0R2diWW52RXhwaDRUS2VZSTI0alRZUnhFZCI7czo5OiJfcHJldmlvdXMiO2E6MTp7czozOiJ1cmwiO3M6NDc6Imh0dHBzOi8vb3B0aWNlZGdlYWZyaWNhLm5ldC9hcGkvYWdlbnQvZGFzaGJvYXJkIjt9czo2OiJfZmxhc2giO2E6Mjp7czozOiJvbGQiO2E6MDp7fXM6MzoibmV3IjthOjA6e319fQ==',1779986690),('RcXEB3I6NDwXhqln1Ora37axma6xx1j7yVnQbZgX',NULL,'104.194.9.138','Mozilla/5.0 (X11; Linux x86_64) AppleWebKit/537.36 (KHTML, like Gecko) Chrome/143.0.0.0 Safari/537.36','YTozOntzOjY6Il90b2tlbiI7czo0MDoibndDRFRPQmhJOURHV2FSVjh6bVBNcUZtTjBLbXFLNEloWjlvRXI5aiI7czo5OiJfcHJldmlvdXMiO2E6MTp7czozOiJ1cmwiO3M6Mjc6Imh0dHBzOi8vb3B0aWNlZGdlYWZyaWNhLm5ldCI7fXM6NjoiX2ZsYXNoIjthOjI6e3M6Mzoib2xkIjthOjA6e31zOjM6Im5ldyI7YTowOnt9fX0=',1780008563),('roI4wWAnrp7nai09zJUu9u1fdKxTrUdh0H1I0ILM',31,'197.250.158.254','Dart/3.11 (dart:io)','YTozOntzOjY6Il90b2tlbiI7czo0MDoiYkRiS1V2R2s3eGpQYlRxa0NvcUZwSXpRQmFITlFXd0dGYW1XRzBxYSI7czo5OiJfcHJldmlvdXMiO2E6MTp7czozOiJ1cmwiO3M6NDc6Imh0dHBzOi8vb3B0aWNlZGdlYWZyaWNhLm5ldC9hcGkvYWdlbnQvZGFzaGJvYXJkIjt9czo2OiJfZmxhc2giO2E6Mjp7czozOiJvbGQiO2E6MDp7fXM6MzoibmV3IjthOjA6e319fQ==',1779987779),('rP1LR5FdsGy5BLbeNL5pqLmah35K36hX1y676el9',66,'41.222.179.225','Dart/3.11 (dart:io)','YTozOntzOjY6Il90b2tlbiI7czo0MDoieEI2ekhkZUg4bDZlRGJvdTNNTzZJV1J2aklvRDcyOUVVN3JVdnlwViI7czo5OiJfcHJldmlvdXMiO2E6MTp7czozOiJ1cmwiO3M6NDc6Imh0dHBzOi8vb3B0aWNlZGdlYWZyaWNhLm5ldC9hcGkvYWdlbnQvZGFzaGJvYXJkIjt9czo2OiJfZmxhc2giO2E6Mjp7czozOiJvbGQiO2E6MDp7fXM6MzoibmV3IjthOjA6e319fQ==',1779984853),('RPpxzPt5N1hWWE76KFZi7dPpOUThqyVQ27uoK2r6',34,'196.249.111.212','Dart/3.11 (dart:io)','YTozOntzOjY6Il90b2tlbiI7czo0MDoialJrUUh5Z0NkYmtoVkdNSDl3TEI4ajBEUEZoVnhZZDIxUWVjOW5SbyI7czo5OiJfcHJldmlvdXMiO2E6MTp7czozOiJ1cmwiO3M6NjA6Imh0dHBzOi8vb3B0aWNlZGdlYWZyaWNhLm5ldC9hcGkvYWdlbnQvcHJvZHVjdC1saXN0L2F2YWlsYWJsZSI7fXM6NjoiX2ZsYXNoIjthOjI6e3M6Mzoib2xkIjthOjA6e31zOjM6Im5ldyI7YTowOnt9fX0=',1779983426),('s5ADdaqycQDtQZMEoP9UwDsRWbih2J7K5LAjLB7X',40,'197.250.153.187','Dart/3.11 (dart:io)','YTozOntzOjY6Il90b2tlbiI7czo0MDoiUlZWT1hFVEJQOWphUGdzZFVORk9IaHhBZ3lGQVd2U0kzVnJ0cWJBQyI7czo5OiJfcHJldmlvdXMiO2E6MTp7czozOiJ1cmwiO3M6NDc6Imh0dHBzOi8vb3B0aWNlZGdlYWZyaWNhLm5ldC9hcGkvYWdlbnQvZGFzaGJvYXJkIjt9czo2OiJfZmxhc2giO2E6Mjp7czozOiJvbGQiO2E6MDp7fXM6MzoibmV3IjthOjA6e319fQ==',1779986703),('sfVEPUAL6U7ij75i5EzP4nPM9aT2peQZdRtQ8LTt',34,'196.249.111.212','Dart/3.11 (dart:io)','YTozOntzOjY6Il90b2tlbiI7czo0MDoiQk5yWUFmeGJhZEdYTFdqRVhXZTltZElObDJXUnN6YUFmSUhSbHM3ayI7czo5OiJfcHJldmlvdXMiO2E6MTp7czozOiJ1cmwiO3M6NTg6Imh0dHBzOi8vb3B0aWNlZGdlYWZyaWNhLm5ldC9hcGkvYWdlbnQvY3JlZGl0cy8xMjUzL2ludm9pY2UiO31zOjY6Il9mbGFzaCI7YToyOntzOjM6Im9sZCI7YTowOnt9czozOiJuZXciO2E6MDp7fX19',1779986695),('SQwPFrOVn7LmQF7QplEm9YH8G5FjJrHAwUX0lGgP',65,'102.205.250.207','Dart/3.11 (dart:io)','YTozOntzOjY6Il90b2tlbiI7czo0MDoiNDhPbmFPTHNnS0ZHakRyTGdHR3RSejlQbGROcW5kZ3AwV0JhaG9UUiI7czo5OiJfcHJldmlvdXMiO2E6MTp7czozOiJ1cmwiO3M6NDY6Imh0dHBzOi8vb3B0aWNlZGdlYWZyaWNhLm5ldC9hcGkvYWdlbnQvYnJhbmNoZXMiO31zOjY6Il9mbGFzaCI7YToyOntzOjM6Im9sZCI7YTowOnt9czozOiJuZXciO2E6MDp7fX19',1779988663),('TCScE90P2rXu8dVRYkaRI3K4uYo3cG6i3MTKBRss',45,'154.74.191.48','Dart/3.11 (dart:io)','YTozOntzOjY6Il90b2tlbiI7czo0MDoiSVhBMllxSGswdVI0bVN4WmhDVGhOc3M3OTBDQjBLTjdVWUZrWVFEcCI7czo5OiJfcHJldmlvdXMiO2E6MTp7czozOiJ1cmwiO3M6NDc6Imh0dHBzOi8vb3B0aWNlZGdlYWZyaWNhLm5ldC9hcGkvYWdlbnQvZGFzaGJvYXJkIjt9czo2OiJfZmxhc2giO2E6Mjp7czozOiJvbGQiO2E6MDp7fXM6MzoibmV3IjthOjA6e319fQ==',1779979841),('TGZjkiZMSIHc8OtQHvcu7Z4jJXBNmf7oUEncuArg',66,'41.222.179.225','Dart/3.11 (dart:io)','YToyOntzOjY6Il90b2tlbiI7czo0MDoiWU1vM0VQMUR6VlI3OWRyRVRtQ0RuT3Y4M0tPcTV3ZTVpaUFTdUdhNSI7czo2OiJfZmxhc2giO2E6Mjp7czozOiJvbGQiO2E6MDp7fXM6MzoibmV3IjthOjA6e319fQ==',1779984948),('TNRaCvDxt9ps9DldSLjRAQ0FwfDCj9AunQNfh6yZ',NULL,'66.249.66.39','Mozilla/5.0 (Linux; Android 6.0.1; Nexus 5X Build/MMB29P) AppleWebKit/537.36 (KHTML, like Gecko) Chrome/148.0.7778.96 Mobile Safari/537.36 (compatible; GoogleOther)','YTozOntzOjY6Il90b2tlbiI7czo0MDoieTMxNThSRmM2WFBKT3k1NE5CeHVqQk9WeUV5bGtSczk4OGxNU1NVaiI7czo5OiJfcHJldmlvdXMiO2E6MTp7czozOiJ1cmwiO3M6Mzk6Imh0dHBzOi8vb3B0aWNlZGdlYWZyaWNhLm5ldC9wcm9kdWN0LzQzNSI7fXM6NjoiX2ZsYXNoIjthOjI6e3M6Mzoib2xkIjthOjA6e31zOjM6Im5ldyI7YTowOnt9fX0=',1779986333),('UIOW3tnL9U0cw8qxMLIkigMC92FMJsLA3VGZH9oo',31,'197.250.158.254','Dart/3.11 (dart:io)','YTozOntzOjY6Il90b2tlbiI7czo0MDoiR1Y3M1V1ODU4b2g0UmVTU3RrOGwzQlFyR2RGYzFCSWdwMUdwTVJjTCI7czo5OiJfcHJldmlvdXMiO2E6MTp7czozOiJ1cmwiO3M6NDk6Imh0dHBzOi8vb3B0aWNlZGdlYWZyaWNhLm5ldC9hcGkvYWdlbnQvc2FsZS1jb25maWciO31zOjY6Il9mbGFzaCI7YToyOntzOjM6Im9sZCI7YTowOnt9czozOiJuZXciO2E6MDp7fX19',1779987788),('Ujnp6IqG0hQj7D3eQYxwMlXxkKPlSvgAhUkxm2Qz',45,'154.74.191.48','Dart/3.11 (dart:io)','YTozOntzOjY6Il90b2tlbiI7czo0MDoic2JidkFPb2RqdTlCaGlVTHk4TmZOTkdhbGp5eVQ1V0ZzcE9MdDIwQSI7czo5OiJfcHJldmlvdXMiO2E6MTp7czozOiJ1cmwiO3M6NTc6Imh0dHBzOi8vb3B0aWNlZGdlYWZyaWNhLm5ldC9hcGkvYWdlbnQvZGFzaGJvYXJkL2ludmVudG9yeSI7fXM6NjoiX2ZsYXNoIjthOjI6e3M6Mzoib2xkIjthOjA6e31zOjM6Im5ldyI7YTowOnt9fX0=',1779979842),('up2gStmBwJYz987aBIw5ENWLh0Osb5ejgG04Mb3O',66,'41.222.179.225','Dart/3.11 (dart:io)','YTozOntzOjY6Il90b2tlbiI7czo0MDoiRW9sbm5YTnBQdXQ1RHJuN0IzWWRwTXJwRFh4VzkxWURwNWdwRGN4RyI7czo5OiJfcHJldmlvdXMiO2E6MTp7czozOiJ1cmwiO3M6NDk6Imh0dHBzOi8vb3B0aWNlZGdlYWZyaWNhLm5ldC9hcGkvYWdlbnQvc2FsZS1jb25maWciO31zOjY6Il9mbGFzaCI7YToyOntzOjM6Im9sZCI7YTowOnt9czozOiJuZXciO2E6MDp7fX19',1779979586),('V3CRsPaWrxuThpSn3k6P1eTmB4d82riBKoAlZbq2',34,'196.249.111.212','Dart/3.11 (dart:io)','YTozOntzOjY6Il90b2tlbiI7czo0MDoiU3lQRGM1UDZBa0xsV2REajg3S0dQaENtenZjM0Q4QjJTWGJaUUpkbiI7czo5OiJfcHJldmlvdXMiO2E6MTp7czozOiJ1cmwiO3M6NDc6Imh0dHBzOi8vb3B0aWNlZGdlYWZyaWNhLm5ldC9hcGkvYWdlbnQvZGFzaGJvYXJkIjt9czo2OiJfZmxhc2giO2E6Mjp7czozOiJvbGQiO2E6MDp7fXM6MzoibmV3IjthOjA6e319fQ==',1779983418),('V6Fj6xwiAKm5HPWB3raEK9HQGHr3OidJ9oh8WLGA',NULL,'57.141.20.55','meta-externalagent/1.1 (+https://developers.facebook.com/docs/sharing/webmasters/crawler)','YTozOntzOjY6Il90b2tlbiI7czo0MDoiNmo0b05WcDN4eXFLblZSajhGeUdmaTMyYVVQWG44NzY2NXdibDZyWiI7czo5OiJfcHJldmlvdXMiO2E6MTp7czozOiJ1cmwiO3M6NDI6Imh0dHBzOi8vd3d3Lm9wdGljZWRnZWFmcmljYS5uZXQvcHJvZHVjdC85NSI7fXM6NjoiX2ZsYXNoIjthOjI6e3M6Mzoib2xkIjthOjA6e31zOjM6Im5ldyI7YTowOnt9fX0=',1779988387),('vNo2xouvpikEIZaXkbltP6aMjSxOLqAZT0WceNfK',NULL,'57.141.20.2','meta-externalagent/1.1 (+https://developers.facebook.com/docs/sharing/webmasters/crawler)','YTozOntzOjY6Il90b2tlbiI7czo0MDoiamZuSE5qSVpRNVlwZ0RudldEYkFPMHhmem55UXplaU5FeTVwaW1MaiI7czo5OiJfcHJldmlvdXMiO2E6MTp7czozOiJ1cmwiO3M6NDM6Imh0dHBzOi8vd3d3Lm9wdGljZWRnZWFmcmljYS5uZXQvcHJvZHVjdC80MjkiO31zOjY6Il9mbGFzaCI7YToyOntzOjM6Im9sZCI7YTowOnt9czozOiJuZXciO2E6MDp7fX19',1779988390),('votDJE2CsaZUlst22MyKbGfqebxBcqyWyIewf5zp',57,'197.250.50.232','Dart/3.11 (dart:io)','YTozOntzOjY6Il90b2tlbiI7czo0MDoidDh4MEx4bWZNbEJCaXBxSm1SSlc0bVVWREE2ek1TN2FzRTBQb0xiNSI7czo5OiJfcHJldmlvdXMiO2E6MTp7czozOiJ1cmwiO3M6NTg6Imh0dHBzOi8vb3B0aWNlZGdlYWZyaWNhLm5ldC9hcGkvYWdlbnQvY3JlZGl0cy8xMjUwL2ludm9pY2UiO31zOjY6Il9mbGFzaCI7YToyOntzOjM6Im9sZCI7YTowOnt9czozOiJuZXciO2E6MDp7fX19',1779980618),('vtPRMifuPMgl3JY3cMGEmBApuPuUN23Xv7hCA4k8',NULL,'192.71.3.222','Mozilla/5.0 (Windows NT 6.1; Win64; x64; rv:109.0) Gecko/20100101 Firefox/115','YTozOntzOjY6Il90b2tlbiI7czo0MDoiUlR1WjNYWjZmSWNYaWptbmhMY3lxdk5UeG9xejFPaFFDZkhQUjgzZiI7czo5OiJfcHJldmlvdXMiO2E6MTp7czozOiJ1cmwiO3M6Mzk6Imh0dHBzOi8vb3B0aWNlZGdlYWZyaWNhLm5ldC9wcm9kdWN0LzQzOCI7fXM6NjoiX2ZsYXNoIjthOjI6e3M6Mzoib2xkIjthOjA6e31zOjM6Im5ldyI7YTowOnt9fX0=',1779999986),('vvxUHECxWajx0L0CV0GgvOqTM9OFJyZpD7xz6vlh',NULL,'87.106.134.37','Mozilla/5.0','YTozOntzOjY6Il90b2tlbiI7czo0MDoiZVZaalBZMURzREV3Qm5hY2NneGg3eFI4Sm55blNyQk55M1NiZW5QYSI7czo5OiJfcHJldmlvdXMiO2E6MTp7czozOiJ1cmwiO3M6Mjc6Imh0dHBzOi8vb3B0aWNlZGdlYWZyaWNhLm5ldCI7fXM6NjoiX2ZsYXNoIjthOjI6e3M6Mzoib2xkIjthOjA6e31zOjM6Im5ldyI7YTowOnt9fX0=',1779991786),('W3smefUuWBoCVUbxS4udlUnVEzXWJgCN5RofNy1X',66,'41.222.179.225','Dart/3.11 (dart:io)','YTozOntzOjY6Il90b2tlbiI7czo0MDoiVG1nQnBhZDR0QThia0hNVDRGNGprdTcxeDI5R3ZnQVNrQUJzbnlWYyI7czo5OiJfcHJldmlvdXMiO2E6MTp7czozOiJ1cmwiO3M6NTc6Imh0dHBzOi8vb3B0aWNlZGdlYWZyaWNhLm5ldC9hcGkvYWdlbnQvZGFzaGJvYXJkL2ludmVudG9yeSI7fXM6NjoiX2ZsYXNoIjthOjI6e3M6Mzoib2xkIjthOjA6e31zOjM6Im5ldyI7YTowOnt9fX0=',1779979564),('wH2vcAtK8ULyieONgdkqCeTruHhkrMk0I9TvxwRE',65,'102.205.250.207','Dart/3.11 (dart:io)','YTozOntzOjY6Il90b2tlbiI7czo0MDoiUW5FN1F4TTlKZUh4V3o4VXZMMVNOd0lPSzUyT0U1N29vZEo2a1F2aSI7czo5OiJfcHJldmlvdXMiO2E6MTp7czozOiJ1cmwiO3M6NDk6Imh0dHBzOi8vb3B0aWNlZGdlYWZyaWNhLm5ldC9hcGkvYWdlbnQvc2FsZS1jb25maWciO31zOjY6Il9mbGFzaCI7YToyOntzOjM6Im9sZCI7YTowOnt9czozOiJuZXciO2E6MDp7fX19',1779988663),('wrNBW8n85E1vm5g8HmjuylO65qIXZFFwxVs7Qm1X',66,'41.222.179.225','Dart/3.11 (dart:io)','YTozOntzOjY6Il90b2tlbiI7czo0MDoic3djVTVTc2V6djUxbUZmUWF4Tm9hN2k4eWQ4NFhud2tRVW5aMVBiRCI7czo5OiJfcHJldmlvdXMiO2E6MTp7czozOiJ1cmwiO3M6NDc6Imh0dHBzOi8vb3B0aWNlZGdlYWZyaWNhLm5ldC9hcGkvYWdlbnQvZGFzaGJvYXJkIjt9czo2OiJfZmxhc2giO2E6Mjp7czozOiJvbGQiO2E6MDp7fXM6MzoibmV3IjthOjA6e319fQ==',1779984953),('XDY5ybbHSKwqdWa0sWJJx31SFvbK9uMxsDXlJqrh',NULL,'104.194.9.138','Mozilla/5.0 (X11; Linux x86_64) AppleWebKit/537.36 (KHTML, like Gecko) Chrome/143.0.0.0 Safari/537.36','YTozOntzOjY6Il90b2tlbiI7czo0MDoiNTdOUjNFMHJac2tsczlBUVZoZHdpbGhpeFZCN0V3TVQ5bVV1ZXZFSiI7czo5OiJfcHJldmlvdXMiO2E6MTp7czozOiJ1cmwiO3M6Mjc6Imh0dHBzOi8vb3B0aWNlZGdlYWZyaWNhLm5ldCI7fXM6NjoiX2ZsYXNoIjthOjI6e3M6Mzoib2xkIjthOjA6e31zOjM6Im5ldyI7YTowOnt9fX0=',1780008548),('y8Frypm0qaK9bE1MUe9G82opmkzeablwIKq4qlEF',57,'197.250.50.232','Dart/3.11 (dart:io)','YTozOntzOjY6Il90b2tlbiI7czo0MDoiT1VCVVNld1ZDcWdtRmhCSEZwellTN20wUURwcXR6MnluNFNkMENENiI7czo5OiJfcHJldmlvdXMiO2E6MTp7czozOiJ1cmwiO3M6NTY6Imh0dHBzOi8vb3B0aWNlZGdlYWZyaWNhLm5ldC9hcGkvYWdlbnQvY2F0YWxvZy9jYXRlZ29yaWVzIjt9czo2OiJfZmxhc2giO2E6Mjp7czozOiJvbGQiO2E6MDp7fXM6MzoibmV3IjthOjA6e319fQ==',1779980570),('yAUHtFP1zdty6vGOYCYv9mcXgLBoVfxsZosOH6kM',NULL,'185.6.9.148','Mozilla/5.0 (Windows NT 6.1; Win64; x64; rv:109.0) Gecko/20100101 Firefox/115','YTozOntzOjY6Il90b2tlbiI7czo0MDoiM01pNWNxUUdFdElFa3dBak1RZTdBZzZxNERleGU1SGsxZmE5TkZkbiI7czo5OiJfcHJldmlvdXMiO2E6MTp7czozOiJ1cmwiO3M6Mzk6Imh0dHBzOi8vb3B0aWNlZGdlYWZyaWNhLm5ldC9wcm9kdWN0LzQzNyI7fXM6NjoiX2ZsYXNoIjthOjI6e3M6Mzoib2xkIjthOjA6e31zOjM6Im5ldyI7YTowOnt9fX0=',1779999986),('YBvje4f8CND08JKkaFqgAaLR7ah8vIF4zT4mdnVF',NULL,'85.121.215.245','Mozilla/5.0 (Windows NT 10.0; Win64; x64) AppleWebKit/537.36 (KHTML, like Gecko) Chrome/124.0.0.0 YaBrowser/24.10.0.0 Safari/537.36','YTozOntzOjY6Il90b2tlbiI7czo0MDoidVBzazBrNzk0bGNpWkY5RnJkaHF0bDVjSGs0YUtlblZkZmZBN0NTUCI7czo5OiJfcHJldmlvdXMiO2E6MTp7czozOiJ1cmwiO3M6Mjc6Imh0dHBzOi8vb3B0aWNlZGdlYWZyaWNhLm5ldCI7fXM6NjoiX2ZsYXNoIjthOjI6e3M6Mzoib2xkIjthOjA6e31zOjM6Im5ldyI7YTowOnt9fX0=',1780004161),('yhWUnVyhyEU4AXUyv2yDYcVkeOGHwF4I1L286KVp',40,'197.250.153.187','Dart/3.11 (dart:io)','YTozOntzOjY6Il90b2tlbiI7czo0MDoiQTJIaDRZT25hVjd4WURSVmZKdmE2dzJGam1uMFNqNm9OVHVKajRXQiI7czo5OiJfcHJldmlvdXMiO2E6MTp7czozOiJ1cmwiO3M6NTY6Imh0dHBzOi8vb3B0aWNlZGdlYWZyaWNhLm5ldC9hcGkvYWdlbnQvY2F0YWxvZy9jYXRlZ29yaWVzIjt9czo2OiJfZmxhc2giO2E6Mjp7czozOiJvbGQiO2E6MDp7fXM6MzoibmV3IjthOjA6e319fQ==',1779986708),('YSICLMiE8cQ8iQUd7Lb6Ez5ZeFK2hWvn0SU7erSN',40,'197.250.153.187','Dart/3.11 (dart:io)','YToyOntzOjY6Il90b2tlbiI7czo0MDoiVktJa1NxRXNWQWUxaE41ZE9Sd3d2d1JLMmJweVBqSEJvUWpZeDhXTiI7czo2OiJfZmxhc2giO2E6Mjp7czozOiJvbGQiO2E6MDp7fXM6MzoibmV3IjthOjA6e319fQ==',1779986875),('zrdqauMlgtdpuZYJrZMQoH9g3nzBMaGcrNTQU5Uh',34,'196.249.111.212','Dart/3.11 (dart:io)','YTozOntzOjY6Il90b2tlbiI7czo0MDoiMk1nWnp2SDVOekhGemVoaUVjTVJMRUsyZmRVQnRCcW1HSTFzdk1HdiI7czo5OiJfcHJldmlvdXMiO2E6MTp7czozOiJ1cmwiO3M6NTg6Imh0dHBzOi8vb3B0aWNlZGdlYWZyaWNhLm5ldC9hcGkvYWdlbnQvY3JlZGl0cy8xMjUxL2ludm9pY2UiO31zOjY6Il9mbGFzaCI7YToyOntzOjM6Im9sZCI7YTowOnt9czozOiJuZXciO2E6MDp7fX19',1779983527),('ZXGeIQ8gvsNISjSpDU59DF3YDazbvcGYFERpQIH3',40,'197.250.153.187','Dart/3.11 (dart:io)','YTozOntzOjY6Il90b2tlbiI7czo0MDoiUlkyY2pKdVpubHpPTGoxTnBCeHpkSDlFRkJQUDZIcVM4NlBCOGY2byI7czo5OiJfcHJldmlvdXMiO2E6MTp7czozOiJ1cmwiO3M6NTc6Imh0dHBzOi8vb3B0aWNlZGdlYWZyaWNhLm5ldC9hcGkvYWdlbnQvY3JlZGl0cy81NDMvaW52b2ljZSI7fXM6NjoiX2ZsYXNoIjthOjI6e3M6Mzoib2xkIjthOjA6e31zOjM6Im5ldyI7YTowOnt9fX0=',1779985223),('zyVVExaUCQhE6ZcOlXTe3EwdXg7oYZd6ZXl605KE',31,'197.250.158.254','Dart/3.11 (dart:io)','YTozOntzOjY6Il90b2tlbiI7czo0MDoic3YyZ2NHRXo3SzFQdHJ1ZTFVSERpOGh3WE1YcXZrYmYzWmIwY0VETyI7czo5OiJfcHJldmlvdXMiO2E6MTp7czozOiJ1cmwiO3M6NTc6Imh0dHBzOi8vb3B0aWNlZGdlYWZyaWNhLm5ldC9hcGkvYWdlbnQvZGFzaGJvYXJkL2ludmVudG9yeSI7fXM6NjoiX2ZsYXNoIjthOjI6e3M6Mzoib2xkIjthOjA6e31zOjM6Im5ldyI7YTowOnt9fX0=',1779988191);
/*!40000 ALTER TABLE `sessions` ENABLE KEYS */;
UNLOCK TABLES;

--
-- Table structure for table `settings`
--

DROP TABLE IF EXISTS `settings`;
/*!40101 SET @saved_cs_client     = @@character_set_client */;
/*!50503 SET character_set_client = utf8mb4 */;
CREATE TABLE `settings` (
  `id` bigint unsigned NOT NULL AUTO_INCREMENT,
  `key` varchar(150) NOT NULL,
  `value` text,
  `created_at` timestamp NULL DEFAULT NULL,
  `updated_at` timestamp NULL DEFAULT NULL,
  PRIMARY KEY (`id`),
  UNIQUE KEY `settings_key_unique` (`key`)
) ENGINE=InnoDB AUTO_INCREMENT=16 DEFAULT CHARSET=latin1;
/*!40101 SET character_set_client = @saved_cs_client */;

--
-- Dumping data for table `settings`
--

LOCK TABLES `settings` WRITE;
/*!40000 ALTER TABLE `settings` DISABLE KEYS */;
INSERT INTO `settings` VALUES (1,'selcom_vendor_id',NULL,'2026-04-27 23:48:51','2026-04-27 23:48:51'),(2,'selcom_api_key',NULL,'2026-04-27 23:48:51','2026-04-27 23:48:51'),(3,'selcom_api_secret',NULL,'2026-04-27 23:48:51','2026-04-27 23:48:51'),(4,'selcom_is_live','0','2026-04-27 23:48:51','2026-04-27 23:48:51'),(5,'default_agent_sale_channel_id',NULL,'2026-04-27 23:48:51','2026-04-27 23:48:51'),(6,'default_agent_commission_channel_id','1','2026-04-27 23:48:51','2026-04-28 18:12:40'),(7,'default_watu_channel_id','1','2026-04-27 23:48:51','2026-04-27 23:48:51'),(8,'mail_mailer',NULL,'2026-04-27 23:48:51','2026-04-27 23:48:51'),(9,'mail_host',NULL,'2026-04-27 23:48:51','2026-04-27 23:48:51'),(10,'mail_port',NULL,'2026-04-27 23:48:51','2026-04-27 23:48:51'),(11,'mail_username',NULL,'2026-04-27 23:48:51','2026-04-27 23:48:51'),(12,'mail_password',NULL,'2026-04-27 23:48:51','2026-04-27 23:48:51'),(13,'mail_encryption',NULL,'2026-04-27 23:48:51','2026-04-27 23:48:51'),(14,'mail_from_address',NULL,'2026-04-27 23:48:51','2026-04-27 23:48:51'),(15,'mail_from_name',NULL,'2026-04-27 23:48:51','2026-04-27 23:48:51');
/*!40000 ALTER TABLE `settings` ENABLE KEYS */;
UNLOCK TABLES;

--
-- Table structure for table `shop_records`
--

DROP TABLE IF EXISTS `shop_records`;
/*!40101 SET @saved_cs_client     = @@character_set_client */;
/*!50503 SET character_set_client = utf8mb4 */;
CREATE TABLE `shop_records` (
  `id` bigint unsigned NOT NULL AUTO_INCREMENT,
  `product_id` bigint unsigned NOT NULL,
  `opening_stock` int NOT NULL DEFAULT '0',
  `quantity_sold` int NOT NULL DEFAULT '0',
  `transfer_quantity` int NOT NULL DEFAULT '0',
  `date` date NOT NULL,
  `created_at` timestamp NULL DEFAULT NULL,
  `updated_at` timestamp NULL DEFAULT NULL,
  PRIMARY KEY (`id`),
  KEY `shop_records_product_id_foreign` (`product_id`),
  CONSTRAINT `shop_records_product_id_foreign` FOREIGN KEY (`product_id`) REFERENCES `models` (`id`) ON DELETE CASCADE
) ENGINE=InnoDB DEFAULT CHARSET=latin1;
/*!40101 SET character_set_client = @saved_cs_client */;

--
-- Dumping data for table `shop_records`
--

LOCK TABLES `shop_records` WRITE;
/*!40000 ALTER TABLE `shop_records` DISABLE KEYS */;
/*!40000 ALTER TABLE `shop_records` ENABLE KEYS */;
UNLOCK TABLES;

--
-- Table structure for table `stocks`
--

DROP TABLE IF EXISTS `stocks`;
/*!40101 SET @saved_cs_client     = @@character_set_client */;
/*!50503 SET character_set_client = utf8mb4 */;
CREATE TABLE `stocks` (
  `id` bigint unsigned NOT NULL AUTO_INCREMENT,
  `name` varchar(255) NOT NULL,
  `stock_limit` int unsigned NOT NULL,
  `default_category_id` bigint unsigned DEFAULT NULL,
  `default_model` varchar(255) DEFAULT NULL,
  `default_quantity` int unsigned DEFAULT NULL,
  `created_at` timestamp NULL DEFAULT NULL,
  `updated_at` timestamp NULL DEFAULT NULL,
  PRIMARY KEY (`id`),
  KEY `stocks_default_category_id_foreign` (`default_category_id`),
  CONSTRAINT `stocks_default_category_id_foreign` FOREIGN KEY (`default_category_id`) REFERENCES `brands` (`id`) ON DELETE SET NULL
) ENGINE=InnoDB DEFAULT CHARSET=latin1;
/*!40101 SET character_set_client = @saved_cs_client */;

--
-- Dumping data for table `stocks`
--

LOCK TABLES `stocks` WRITE;
/*!40000 ALTER TABLE `stocks` DISABLE KEYS */;
/*!40000 ALTER TABLE `stocks` ENABLE KEYS */;
UNLOCK TABLES;

--
-- Table structure for table `subadmin_role_permissions`
--

DROP TABLE IF EXISTS `subadmin_role_permissions`;
/*!40101 SET @saved_cs_client     = @@character_set_client */;
/*!50503 SET character_set_client = utf8mb4 */;
CREATE TABLE `subadmin_role_permissions` (
  `id` bigint unsigned NOT NULL AUTO_INCREMENT,
  `subadmin_role_id` bigint unsigned NOT NULL,
  `module` varchar(255) NOT NULL,
  `action` varchar(255) NOT NULL,
  `created_at` timestamp NULL DEFAULT NULL,
  `updated_at` timestamp NULL DEFAULT NULL,
  PRIMARY KEY (`id`),
  UNIQUE KEY `subadmin_role_permissions_unique` (`subadmin_role_id`,`module`,`action`),
  CONSTRAINT `subadmin_role_permissions_subadmin_role_id_foreign` FOREIGN KEY (`subadmin_role_id`) REFERENCES `subadmin_roles` (`id`) ON DELETE CASCADE
) ENGINE=InnoDB AUTO_INCREMENT=481 DEFAULT CHARSET=latin1;
/*!40101 SET character_set_client = @saved_cs_client */;

--
-- Dumping data for table `subadmin_role_permissions`
--

LOCK TABLES `subadmin_role_permissions` WRITE;
/*!40000 ALTER TABLE `subadmin_role_permissions` DISABLE KEYS */;
INSERT INTO `subadmin_role_permissions` VALUES (252,2,'agents','view','2026-05-01 06:09:17','2026-05-01 06:09:17'),(253,2,'assignable-imeis','view','2026-05-01 06:09:17','2026-05-01 06:09:17'),(254,2,'branches','view','2026-05-01 06:09:17','2026-05-01 06:09:17'),(255,2,'categories','view','2026-05-01 06:09:17','2026-05-01 06:09:17'),(256,2,'command','view','2026-05-01 06:09:17','2026-05-01 06:09:17'),(257,2,'customer-needs','view','2026-05-01 06:09:17','2026-05-01 06:09:17'),(258,2,'customers','view','2026-05-01 06:09:17','2026-05-01 06:09:17'),(259,2,'dashboard','view','2026-05-01 06:09:17','2026-05-01 06:09:17'),(260,2,'dealers','view','2026-05-01 06:09:17','2026-05-01 06:09:17'),(261,2,'expenses','view','2026-05-01 06:09:17','2026-05-01 06:09:17'),(262,2,'orders','view','2026-05-01 06:09:17','2026-05-01 06:09:17'),(263,2,'payment-options','view','2026-05-01 06:09:17','2026-05-01 06:09:17'),(264,2,'payment-transfer','view','2026-05-01 06:09:17','2026-05-01 06:09:17'),(265,2,'products','view','2026-05-01 06:09:17','2026-05-01 06:09:17'),(266,2,'reports','view','2026-05-01 06:09:17','2026-05-01 06:09:17'),(267,2,'settings','view','2026-05-01 06:09:17','2026-05-01 06:09:17'),(268,2,'stock','view','2026-05-01 06:09:17','2026-05-01 06:09:17'),(269,2,'subadmins','view','2026-05-01 06:09:17','2026-05-01 06:09:17'),(270,2,'system','view','2026-05-01 06:09:17','2026-05-01 06:09:17'),(271,2,'users','view','2026-05-01 06:09:17','2026-05-01 06:09:17'),(272,2,'vendors','view','2026-05-01 06:09:17','2026-05-01 06:09:17'),(278,4,'agents','view','2026-05-01 10:09:56','2026-05-01 10:09:56'),(279,4,'assignable-imeis','view','2026-05-01 10:09:56','2026-05-01 10:09:56'),(280,4,'branches','view','2026-05-01 10:09:56','2026-05-01 10:09:56'),(281,4,'dashboard','view','2026-05-01 10:09:56','2026-05-01 10:09:56'),(282,4,'expenses','view','2026-05-01 10:09:56','2026-05-01 10:09:56'),(283,4,'expenses','create','2026-05-01 10:09:56','2026-05-01 10:09:56'),(284,4,'payment-transfer','view','2026-05-01 10:09:56','2026-05-01 10:09:56'),(285,4,'reports','view','2026-05-01 10:09:56','2026-05-01 10:09:56'),(379,3,'agents','view','2026-05-15 06:43:21','2026-05-15 06:43:21'),(380,3,'agents','create','2026-05-15 06:43:21','2026-05-15 06:43:21'),(381,3,'agents','edit','2026-05-15 06:43:21','2026-05-15 06:43:21'),(382,3,'agents','approve','2026-05-15 06:43:21','2026-05-15 06:43:21'),(383,3,'agents','export','2026-05-15 06:43:21','2026-05-15 06:43:21'),(384,3,'agents','all','2026-05-15 06:43:21','2026-05-15 06:43:21'),(385,3,'assignable-imeis','view','2026-05-15 06:43:21','2026-05-15 06:43:21'),(386,3,'assignable-imeis','create','2026-05-15 06:43:21','2026-05-15 06:43:21'),(387,3,'assignable-imeis','edit','2026-05-15 06:43:21','2026-05-15 06:43:21'),(388,3,'assignable-imeis','approve','2026-05-15 06:43:21','2026-05-15 06:43:21'),(389,3,'assignable-imeis','export','2026-05-15 06:43:21','2026-05-15 06:43:21'),(390,3,'assignable-imeis','all','2026-05-15 06:43:21','2026-05-15 06:43:21'),(391,3,'branches','view','2026-05-15 06:43:21','2026-05-15 06:43:21'),(392,3,'branches','create','2026-05-15 06:43:21','2026-05-15 06:43:21'),(393,3,'branches','edit','2026-05-15 06:43:21','2026-05-15 06:43:21'),(394,3,'branches','approve','2026-05-15 06:43:21','2026-05-15 06:43:21'),(395,3,'branches','export','2026-05-15 06:43:21','2026-05-15 06:43:21'),(396,3,'branches','all','2026-05-15 06:43:21','2026-05-15 06:43:21'),(397,3,'categories','view','2026-05-15 06:43:21','2026-05-15 06:43:21'),(398,3,'categories','create','2026-05-15 06:43:21','2026-05-15 06:43:21'),(399,3,'categories','edit','2026-05-15 06:43:21','2026-05-15 06:43:21'),(400,3,'categories','approve','2026-05-15 06:43:21','2026-05-15 06:43:21'),(401,3,'categories','export','2026-05-15 06:43:21','2026-05-15 06:43:21'),(402,3,'categories','all','2026-05-15 06:43:21','2026-05-15 06:43:21'),(403,3,'command','all','2026-05-15 06:43:21','2026-05-15 06:43:21'),(404,3,'customer-needs','view','2026-05-15 06:43:21','2026-05-15 06:43:21'),(405,3,'customer-needs','create','2026-05-15 06:43:21','2026-05-15 06:43:21'),(406,3,'customer-needs','edit','2026-05-15 06:43:21','2026-05-15 06:43:21'),(407,3,'customer-needs','approve','2026-05-15 06:43:22','2026-05-15 06:43:22'),(408,3,'customer-needs','export','2026-05-15 06:43:22','2026-05-15 06:43:22'),(409,3,'customer-needs','all','2026-05-15 06:43:22','2026-05-15 06:43:22'),(410,3,'customers','view','2026-05-15 06:43:22','2026-05-15 06:43:22'),(411,3,'customers','create','2026-05-15 06:43:22','2026-05-15 06:43:22'),(412,3,'customers','edit','2026-05-15 06:43:22','2026-05-15 06:43:22'),(413,3,'customers','approve','2026-05-15 06:43:22','2026-05-15 06:43:22'),(414,3,'customers','export','2026-05-15 06:43:22','2026-05-15 06:43:22'),(415,3,'customers','all','2026-05-15 06:43:22','2026-05-15 06:43:22'),(416,3,'dashboard','view','2026-05-15 06:43:22','2026-05-15 06:43:22'),(417,3,'dashboard','all','2026-05-15 06:43:22','2026-05-15 06:43:22'),(418,3,'dealers','view','2026-05-15 06:43:22','2026-05-15 06:43:22'),(419,3,'dealers','create','2026-05-15 06:43:22','2026-05-15 06:43:22'),(420,3,'dealers','edit','2026-05-15 06:43:22','2026-05-15 06:43:22'),(421,3,'dealers','approve','2026-05-15 06:43:22','2026-05-15 06:43:22'),(422,3,'dealers','export','2026-05-15 06:43:22','2026-05-15 06:43:22'),(423,3,'dealers','all','2026-05-15 06:43:22','2026-05-15 06:43:22'),(424,3,'expenses','view','2026-05-15 06:43:22','2026-05-15 06:43:22'),(425,3,'expenses','create','2026-05-15 06:43:22','2026-05-15 06:43:22'),(426,3,'expenses','edit','2026-05-15 06:43:22','2026-05-15 06:43:22'),(427,3,'expenses','approve','2026-05-15 06:43:22','2026-05-15 06:43:22'),(428,3,'expenses','export','2026-05-15 06:43:22','2026-05-15 06:43:22'),(429,3,'expenses','all','2026-05-15 06:43:22','2026-05-15 06:43:22'),(430,3,'orders','view','2026-05-15 06:43:22','2026-05-15 06:43:22'),(431,3,'orders','create','2026-05-15 06:43:22','2026-05-15 06:43:22'),(432,3,'orders','edit','2026-05-15 06:43:22','2026-05-15 06:43:22'),(433,3,'orders','approve','2026-05-15 06:43:22','2026-05-15 06:43:22'),(434,3,'orders','export','2026-05-15 06:43:22','2026-05-15 06:43:22'),(435,3,'orders','all','2026-05-15 06:43:22','2026-05-15 06:43:22'),(436,3,'payment-options','view','2026-05-15 06:43:22','2026-05-15 06:43:22'),(437,3,'payment-options','create','2026-05-15 06:43:22','2026-05-15 06:43:22'),(438,3,'payment-options','edit','2026-05-15 06:43:22','2026-05-15 06:43:22'),(439,3,'payment-options','approve','2026-05-15 06:43:22','2026-05-15 06:43:22'),(440,3,'payment-options','export','2026-05-15 06:43:22','2026-05-15 06:43:22'),(441,3,'payment-options','all','2026-05-15 06:43:22','2026-05-15 06:43:22'),(442,3,'payment-transfer','view','2026-05-15 06:43:22','2026-05-15 06:43:22'),(443,3,'payment-transfer','create','2026-05-15 06:43:22','2026-05-15 06:43:22'),(444,3,'payment-transfer','edit','2026-05-15 06:43:22','2026-05-15 06:43:22'),(445,3,'payment-transfer','approve','2026-05-15 06:43:22','2026-05-15 06:43:22'),(446,3,'payment-transfer','export','2026-05-15 06:43:22','2026-05-15 06:43:22'),(447,3,'payment-transfer','all','2026-05-15 06:43:22','2026-05-15 06:43:22'),(448,3,'products','view','2026-05-15 06:43:22','2026-05-15 06:43:22'),(449,3,'products','create','2026-05-15 06:43:22','2026-05-15 06:43:22'),(450,3,'products','edit','2026-05-15 06:43:22','2026-05-15 06:43:22'),(451,3,'products','approve','2026-05-15 06:43:22','2026-05-15 06:43:22'),(452,3,'products','all','2026-05-15 06:43:22','2026-05-15 06:43:22'),(453,3,'reports','view','2026-05-15 06:43:22','2026-05-15 06:43:22'),(454,3,'reports','create','2026-05-15 06:43:22','2026-05-15 06:43:22'),(455,3,'reports','edit','2026-05-15 06:43:22','2026-05-15 06:43:22'),(456,3,'reports','approve','2026-05-15 06:43:22','2026-05-15 06:43:22'),(457,3,'reports','export','2026-05-15 06:43:22','2026-05-15 06:43:22'),(458,3,'reports','all','2026-05-15 06:43:22','2026-05-15 06:43:22'),(459,3,'settings','view','2026-05-15 06:43:22','2026-05-15 06:43:22'),(460,3,'settings','create','2026-05-15 06:43:22','2026-05-15 06:43:22'),(461,3,'stock','view','2026-05-15 06:43:22','2026-05-15 06:43:22'),(462,3,'stock','create','2026-05-15 06:43:22','2026-05-15 06:43:22'),(463,3,'stock','edit','2026-05-15 06:43:22','2026-05-15 06:43:22'),(464,3,'stock','export','2026-05-15 06:43:22','2026-05-15 06:43:22'),(465,3,'stock','all','2026-05-15 06:43:22','2026-05-15 06:43:22'),(466,3,'subadmins','view','2026-05-15 06:43:22','2026-05-15 06:43:22'),(467,3,'subadmins','create','2026-05-15 06:43:22','2026-05-15 06:43:22'),(468,3,'subadmins','export','2026-05-15 06:43:22','2026-05-15 06:43:22'),(469,3,'subadmins','all','2026-05-15 06:43:22','2026-05-15 06:43:22'),(470,3,'system','view','2026-05-15 06:43:22','2026-05-15 06:43:22'),(471,3,'system','all','2026-05-15 06:43:22','2026-05-15 06:43:22'),(472,3,'users','view','2026-05-15 06:43:22','2026-05-15 06:43:22'),(473,3,'users','create','2026-05-15 06:43:22','2026-05-15 06:43:22'),(474,3,'users','edit','2026-05-15 06:43:22','2026-05-15 06:43:22'),(475,3,'users','export','2026-05-15 06:43:22','2026-05-15 06:43:22'),(476,3,'users','all','2026-05-15 06:43:22','2026-05-15 06:43:22'),(477,3,'vendors','view','2026-05-15 06:43:22','2026-05-15 06:43:22'),(478,3,'vendors','create','2026-05-15 06:43:22','2026-05-15 06:43:22'),(479,3,'vendors','export','2026-05-15 06:43:22','2026-05-15 06:43:22'),(480,3,'vendors','all','2026-05-15 06:43:22','2026-05-15 06:43:22');
/*!40000 ALTER TABLE `subadmin_role_permissions` ENABLE KEYS */;
UNLOCK TABLES;

--
-- Table structure for table `subadmin_roles`
--

DROP TABLE IF EXISTS `subadmin_roles`;
/*!40101 SET @saved_cs_client     = @@character_set_client */;
/*!50503 SET character_set_client = utf8mb4 */;
CREATE TABLE `subadmin_roles` (
  `id` bigint unsigned NOT NULL AUTO_INCREMENT,
  `name` varchar(255) NOT NULL,
  `system_key` varchar(255) DEFAULT NULL,
  `description` text,
  `created_at` timestamp NULL DEFAULT NULL,
  `updated_at` timestamp NULL DEFAULT NULL,
  PRIMARY KEY (`id`),
  UNIQUE KEY `subadmin_roles_system_key_unique` (`system_key`)
) ENGINE=InnoDB AUTO_INCREMENT=5 DEFAULT CHARSET=latin1;
/*!40101 SET character_set_client = @saved_cs_client */;

--
-- Dumping data for table `subadmin_roles`
--

LOCK TABLES `subadmin_roles` WRITE;
/*!40000 ALTER TABLE `subadmin_roles` DISABLE KEYS */;
INSERT INTO `subadmin_roles` VALUES (1,'Full Access','fullaccess','Can access all subadmin modules and actions.','2026-04-27 23:40:56','2026-04-27 23:40:56'),(2,'View Only','view','Can view pages and reports, but cannot mutate data.','2026-04-27 23:40:56','2026-04-27 23:40:56'),(3,'Agent',NULL,NULL,'2026-04-28 20:32:23','2026-04-28 20:32:23'),(4,'Team leader',NULL,NULL,'2026-05-01 06:08:23','2026-05-01 06:08:23');
/*!40000 ALTER TABLE `subadmin_roles` ENABLE KEYS */;
UNLOCK TABLES;

--
-- Table structure for table `users`
--

DROP TABLE IF EXISTS `users`;
/*!40101 SET @saved_cs_client     = @@character_set_client */;
/*!50503 SET character_set_client = utf8mb4 */;
CREATE TABLE `users` (
  `id` bigint unsigned NOT NULL AUTO_INCREMENT,
  `name` varchar(191) NOT NULL,
  `business_name` varchar(100) DEFAULT NULL,
  `business_type` varchar(100) DEFAULT NULL,
  `email` varchar(191) NOT NULL,
  `email_verified_at` timestamp NULL DEFAULT NULL,
  `password` varchar(191) NOT NULL,
  `remember_token` varchar(100) DEFAULT NULL,
  `created_at` timestamp NULL DEFAULT NULL,
  `updated_at` timestamp NULL DEFAULT NULL,
  `role` varchar(255) NOT NULL DEFAULT 'customer',
  `status` varchar(255) NOT NULL DEFAULT 'active',
  `ability` varchar(255) NOT NULL DEFAULT 'fullaccess',
  `category_id` bigint unsigned DEFAULT NULL,
  `phone` varchar(100) DEFAULT NULL,
  `branch_id` bigint unsigned DEFAULT NULL,
  `regional_manager_id` bigint unsigned DEFAULT NULL,
  `team_leader_id` bigint unsigned DEFAULT NULL,
  `notes` text,
  `region_id` bigint unsigned DEFAULT NULL,
  `how_did_you_hear` varchar(255) DEFAULT NULL,
  `referred_by` bigint unsigned DEFAULT NULL,
  `subadmin_role_id` bigint unsigned DEFAULT NULL,
  PRIMARY KEY (`id`),
  UNIQUE KEY `users_email_unique` (`email`),
  KEY `users_category_id_foreign` (`category_id`),
  KEY `users_referred_by_foreign` (`referred_by`),
  KEY `users_branch_id_foreign` (`branch_id`),
  KEY `users_subadmin_role_id_foreign` (`subadmin_role_id`),
  KEY `users_region_id_foreign` (`region_id`),
  KEY `users_regional_manager_id_foreign` (`regional_manager_id`),
  KEY `users_team_leader_id_foreign` (`team_leader_id`),
  CONSTRAINT `users_branch_id_foreign` FOREIGN KEY (`branch_id`) REFERENCES `branches` (`id`) ON DELETE SET NULL,
  CONSTRAINT `users_category_id_foreign` FOREIGN KEY (`category_id`) REFERENCES `brands` (`id`),
  CONSTRAINT `users_referred_by_foreign` FOREIGN KEY (`referred_by`) REFERENCES `users` (`id`) ON DELETE SET NULL,
  CONSTRAINT `users_region_id_foreign` FOREIGN KEY (`region_id`) REFERENCES `regions` (`id`) ON DELETE SET NULL,
  CONSTRAINT `users_regional_manager_id_foreign` FOREIGN KEY (`regional_manager_id`) REFERENCES `users` (`id`) ON DELETE SET NULL,
  CONSTRAINT `users_subadmin_role_id_foreign` FOREIGN KEY (`subadmin_role_id`) REFERENCES `subadmin_roles` (`id`) ON DELETE SET NULL,
  CONSTRAINT `users_team_leader_id_foreign` FOREIGN KEY (`team_leader_id`) REFERENCES `users` (`id`) ON DELETE SET NULL
) ENGINE=InnoDB AUTO_INCREMENT=113 DEFAULT CHARSET=latin1;
/*!40101 SET character_set_client = @saved_cs_client */;

--
-- Dumping data for table `users`
--

LOCK TABLES `users` WRITE;
/*!40000 ALTER TABLE `users` DISABLE KEYS */;
INSERT INTO `users` VALUES (1,'Admin User',NULL,NULL,'admin@opticedgeafrica.com','2026-04-27 23:41:21','$2y$12$IuQpbCDkzh5FB.5QzILLSOqD1/NhWdJD5b/V5zBnHrXV2.FDIPqQq','Wn67raMJWhtlkggVUJpMnF1mvzeifY6TJsxqsyQLYBYFJBX99SiFovljLFt0','2026-04-27 23:41:22','2026-04-28 07:32:45','admin','active','fullaccess',NULL,NULL,NULL,NULL,NULL,NULL,NULL,NULL,NULL,NULL),(7,'Ibuma','Ibuma shop',NULL,'ibuma@gmail.com','2026-04-30 19:38:59','$2y$12$U9XwEtJTtpNAIOxgy25JG.Umw66YeatV.mpPSNPY2R7qGSOTkWGoe',NULL,'2026-04-30 19:38:59','2026-04-30 19:38:59','dealer','active','fullaccess',NULL,NULL,NULL,NULL,NULL,NULL,NULL,NULL,NULL,NULL),(9,'kelvin Goodluck minja',NULL,NULL,'kelvinminjait@gmail.com','2026-05-01 06:15:30','$2y$12$8j2p4QLnJFdBB/1Lm1Po.OCtloZX9ujHjv/4E4lYu2//0NIYqVTdW',NULL,'2026-05-01 06:15:30','2026-05-01 06:15:30','subadmin','active','fullaccess',NULL,'+255753228505',NULL,NULL,NULL,NULL,NULL,NULL,NULL,4),(10,'Golden Mwangoka',NULL,NULL,'mgolden@100xtrading.net','2026-05-01 08:44:04','$2y$12$wTfgtb9Hx6kaA6sSflN36OB4H1x5EOKnzNxDHuqbkXKbdZH9B1RPS',NULL,'2026-05-01 08:44:04','2026-05-01 08:44:04','agent','active','fullaccess',NULL,'0655066691',2,NULL,NULL,NULL,NULL,NULL,NULL,NULL),(13,'Reggie',NULL,NULL,'reggierocker2@gmail.com','2026-05-01 09:02:15','$2y$12$UhSMh83YeEWVSv6w/7DKSOlKRC2N892f2NF/xeV0rbP79z1rHUTHq',NULL,'2026-05-01 09:02:15','2026-05-01 09:02:15','agent','active','fullaccess',NULL,'+255654438201',3,NULL,NULL,NULL,NULL,NULL,NULL,NULL),(15,'kelvin',NULL,NULL,'kelvinminja@gmail.com','2026-05-01 10:14:44','$2y$12$hllriiewmCJB.fEpMOii9ueWLs.NMKQ9aqbmTu/C4ZkMzVGYEJqb6',NULL,'2026-05-01 10:14:44','2026-05-01 10:14:44','agent','active','fullaccess',NULL,'+255753228505',2,NULL,NULL,NULL,NULL,NULL,NULL,NULL),(16,'Oscar Maulid',NULL,NULL,'oscarmaulid123@gmail.com','2026-05-01 17:17:06','$2y$12$P1eg00WmH8Fkr7pC3Fq9pOuI.So1OUJqzIg6WW5.F/KnICwuGhFWy',NULL,'2026-05-01 17:17:06','2026-05-01 17:17:06','agent','active','fullaccess',NULL,'0675205541',3,NULL,NULL,NULL,NULL,NULL,NULL,NULL),(17,'Paskazia Mjalifu Mjalifu',NULL,NULL,'pascazia700@gmail.com','2026-05-01 17:18:19','$2y$12$RORQ0es/R5VrN2/5/JSOcepBIqeYNzy85OtZz1ACeSIRyVv/tf1wq',NULL,'2026-05-01 17:18:19','2026-05-01 17:18:19','agent','active','fullaccess',NULL,'0629703915',3,NULL,NULL,NULL,NULL,NULL,NULL,NULL),(18,'Juliana Sangwa Mathias',NULL,NULL,'julianasangwa11@gmail.com','2026-05-01 17:19:31','$2y$12$DY50nxRpLUB9M.nqT5AJqucoZgrhTEsriCZpLYabngbvd6m5nQ.9i',NULL,'2026-05-01 17:19:31','2026-05-01 17:19:31','agent','active','fullaccess',NULL,'0689360228',3,NULL,NULL,NULL,NULL,NULL,NULL,NULL),(19,'BETINA EZROM MISHITA',NULL,NULL,'mishitabetina@gmail.com','2026-05-01 17:20:30','$2y$12$GafyRYdeCelSSyTraGWDEuk.7CU8UEhcBEOvfXdwMW4LwFQz/.2Vq',NULL,'2026-05-01 17:20:30','2026-05-01 17:20:30','agent','active','fullaccess',NULL,'0763970820',3,NULL,NULL,NULL,NULL,NULL,NULL,NULL),(20,'Issa Ramadhani Omari',NULL,NULL,'Kingisser042@gmail.com','2026-05-01 17:21:21','$2y$12$pffpMvZg5Ipu0iO5CvOWXuqkl2ZdT305nyJqVOFi.4eHtGV7LFMZy',NULL,'2026-05-01 17:21:21','2026-05-15 11:13:37','agent','active','fullaccess',NULL,'0687 708 396',10,NULL,NULL,NULL,NULL,NULL,NULL,NULL),(21,'Sophia Michael Herman',NULL,NULL,'sophiamichael535@gmail.com','2026-05-01 17:23:05','$2y$12$s8GeMfDg6P6h5sHknqIypuCG0EZfnVLYHmfCt0igLlh8eSad0t8a6',NULL,'2026-05-01 17:23:05','2026-05-01 17:23:05','agent','active','fullaccess',NULL,'0754279026',3,NULL,NULL,NULL,NULL,NULL,NULL,NULL),(22,'STELLAH AMIN MNDIKA',NULL,NULL,'mndikastellah@gmail.com','2026-05-01 17:24:34','$2y$12$YST0G8B7rxXuksTXaNlgKeTPbJnUdgUGUGXwNxCy9R9nSbm9HeEW.',NULL,'2026-05-01 17:24:34','2026-05-01 17:24:34','agent','active','fullaccess',NULL,'0612581060',3,NULL,NULL,NULL,NULL,NULL,NULL,NULL),(23,'ELIZABERTH NDALAHWA SIAJALI',NULL,NULL,'ndalahwaelizabeth@gmail.com','2026-05-01 17:25:41','$2y$12$sUbxjUilTwndX0n7fbgu5OxiEjmRHJZY1MbjChgIJStLMhyXwZo/m',NULL,'2026-05-01 17:25:41','2026-05-01 17:25:41','agent','active','fullaccess',NULL,'0753145925',3,NULL,NULL,NULL,NULL,NULL,NULL,NULL),(24,'Ashura Ayubu Hassan',NULL,NULL,'ashurah160@gmail.com','2026-05-01 17:26:55','$2y$12$wgnf.Cefim/hmn3GEoiVBeeg.9tiyThZWSfQG3oJworSF4VoVA0Au',NULL,'2026-05-01 17:26:55','2026-05-01 17:26:55','agent','active','fullaccess',NULL,'0765634255',3,NULL,NULL,NULL,NULL,NULL,NULL,NULL),(25,'Muhsini Hassani',NULL,NULL,'Hassanimwigogo@gmail.com','2026-05-01 17:31:45','$2y$12$EmvscDz/7I.Ke2lS4P8oeeIpOpgQ.6Tx1c9NLGcb4JlRZq0L09NKa',NULL,'2026-05-01 17:31:44','2026-05-15 11:22:16','agent','active','fullaccess',NULL,'0688464444',9,NULL,NULL,NULL,NULL,NULL,NULL,NULL),(26,'Zaituni juma rusili',NULL,NULL,'zaitunirusili@gmail.com','2026-05-01 17:36:09','$2y$12$IzNtE2jLzAKfdW34uDSO2O2g9ivt7RUS7P7qcq2wnmGbgq8GLqvjG',NULL,'2026-05-01 17:36:09','2026-05-15 11:26:16','agent','active','fullaccess',NULL,'0696744168',9,NULL,NULL,NULL,NULL,NULL,NULL,NULL),(27,'Elizabeth Hemedy Msuya',NULL,NULL,'Msuyae871@gmail.com','2026-05-01 17:38:15','$2y$12$8i7K4IUthMKF80lhsT3hxuB8hsTOHpmIDciRqpJuH60EgFx9VoLSu',NULL,'2026-05-01 17:38:15','2026-05-15 09:33:12','agent','active','fullaccess',NULL,'0716493399',8,NULL,NULL,NULL,NULL,NULL,NULL,NULL),(28,'Claudiana Agustino',NULL,NULL,'claudianaagustino@gmail.com','2026-05-01 17:50:22','$2y$12$VihKtG5Xj7KLTLl0rtAn3uXqoh8.gSU.kU6hKTtU1FH80lAZLunfm',NULL,'2026-05-01 17:50:22','2026-05-15 11:12:19','agent','active','fullaccess',NULL,'0763531513',9,NULL,NULL,NULL,NULL,NULL,NULL,NULL),(29,'Abdallah Athumani Sebea',NULL,NULL,'abdallahsebea@gmail.com','2026-05-01 17:53:59','$2y$12$7Ovnp9a8sO3uJl89R06AKecQNoziQnYHEGmlccpDyicX4WSj6vI2K',NULL,'2026-05-01 17:53:59','2026-05-01 17:53:59','agent','active','fullaccess',NULL,'0788799535',2,NULL,NULL,NULL,NULL,NULL,NULL,NULL),(30,'Ruth Gervas Mwashimaha',NULL,NULL,'ruthmwashimaha97@gmail.com','2026-05-01 17:57:03','$2y$12$czzHesf04TnFjDW8S3AiqOLbul6GvPh.EYHkC1k0fXLg6xB3yNZf.',NULL,'2026-05-01 17:57:03','2026-05-15 11:24:56','agent','active','fullaccess',NULL,'0628489145',11,NULL,NULL,NULL,NULL,NULL,NULL,NULL),(31,'Latifa Ibrahim Juma',NULL,NULL,'latifadallas2020@gmail.com','2026-05-01 17:59:03','$2y$12$y/0cSMTqavlOo9lZi27HzeZuuHelV0KIc3EE5Y60nvjpESzcnRb/u',NULL,'2026-05-01 17:59:03','2026-05-15 11:19:23','agent','active','fullaccess',NULL,'0765397535',10,NULL,NULL,NULL,NULL,NULL,NULL,NULL),(32,'FILBERT HENRY NYANGA',NULL,NULL,'nyangafilbert@gmail.com','2026-05-01 18:00:41','$2y$12$cjc7bs0Dqmhc2ymcaBqIve/ymjuaSjLqILiPocmDgy.gvXGrolkfC',NULL,'2026-05-01 18:00:41','2026-05-01 18:00:41','agent','active','fullaccess',NULL,'0620872066',4,NULL,NULL,NULL,NULL,NULL,NULL,NULL),(33,'Loveness Mathias Mpoma',NULL,NULL,'mpomaloveness77@gmail.com','2026-05-01 18:05:33','$2y$12$pBMauvs.Azd76NF73WCj0ucgAHC8Yh0e.I5.Dn6GBtJgZaFgkjyTu',NULL,'2026-05-01 18:05:33','2026-05-01 18:05:33','agent','active','fullaccess',NULL,'0741027934',2,NULL,NULL,NULL,NULL,NULL,NULL,NULL),(34,'Kasim Athumani Jumanne',NULL,NULL,'Kassimjumanne13@gmail.com','2026-05-01 18:19:51','$2y$12$WWe9MOSkG0eeG1MpJkLxKOeCZQVcq2h.cWPee9dyZsn.cpUHeI4I2',NULL,'2026-05-01 18:19:51','2026-05-15 11:18:58','agent','active','fullaccess',NULL,'0656592280',11,NULL,NULL,NULL,NULL,NULL,NULL,NULL),(35,'Mwajabu Stephan',NULL,NULL,'Mwajabustephan@gmail.com','2026-05-01 18:27:51','$2y$12$682LSMPqrAV7y8QjyegTIelo9TBB.jVac5SzEXpTYQ7PY4hbchNae',NULL,'2026-05-01 18:27:51','2026-05-15 11:23:21','agent','active','fullaccess',NULL,'0695713095',9,NULL,NULL,NULL,NULL,NULL,NULL,NULL),(36,'Queen','Rajabu Musa Maura',NULL,'rajabumussa3191@gmail.com','2026-05-01 18:28:26','$2y$12$O.TSKuuLIhRbJ/.NUSZ1T.glAtbZnjQuFJnULG8uwwGijIShNPbWu',NULL,'2026-05-01 18:28:26','2026-05-01 18:28:26','dealer','active','fullaccess',NULL,'0717242331',NULL,NULL,NULL,NULL,NULL,NULL,NULL,NULL),(37,'Jumanne Mustapha',NULL,NULL,'Kingjmstapha86@gmail.com','2026-05-01 18:32:37','$2y$12$yssRKTfq2RrA5DRVuvqK/OIH5KMLOG2i3YrIA1YaKoKHGNb8afIJW',NULL,'2026-05-01 18:32:37','2026-05-01 18:32:37','agent','active','fullaccess',NULL,'0787755444',3,NULL,NULL,NULL,NULL,NULL,NULL,NULL),(38,'Dorice Kaindoa','Justry Solution',NULL,'justinehodari@gmail.com','2026-05-01 18:33:37','$2y$12$Zf/K8SpjOQEIU1PNQLJ1eu6x58ogmrbU8Jinj5zBiId12A8on3NT.',NULL,'2026-05-01 18:33:37','2026-05-01 18:33:37','dealer','active','fullaccess',NULL,'0759900528',NULL,NULL,NULL,NULL,NULL,NULL,NULL,NULL),(39,'Nehemia Meshack Victor',NULL,NULL,'Nehemiahvictor577@gmail.com','2026-05-01 18:34:07','$2y$12$5LBlktHfFIXmYs8TFCuCG.FsABCfn9ThAFduOn52Om1K9ht..8rD.',NULL,'2026-05-01 18:34:07','2026-05-01 18:34:07','agent','active','fullaccess',NULL,'0794472473',2,NULL,NULL,NULL,NULL,NULL,NULL,NULL),(40,'Shadrack Nichoraus',NULL,NULL,'shadracknichoraus856@gmail.com','2026-05-01 18:38:38','$2y$12$wBp0aAkKVKZyhyrai4JZ8.6KnGaqK0IUseK9DHVLGn/IOgtV5J8xC',NULL,'2026-05-01 18:38:38','2026-05-01 18:38:38','agent','active','fullaccess',NULL,'0769098717',3,NULL,NULL,NULL,NULL,NULL,NULL,NULL),(41,'Emmanuel Prof','Josephine Kabanza',NULL,'nchingaemmanuel@gmail.com','2026-05-01 18:39:05','$2y$12$VDMt2h9kPGA4z/UpcCHxcuIkqrj1ZUvrYae.XpxDN5s0y.6i2S5iq',NULL,'2026-05-01 18:39:05','2026-05-01 18:39:05','dealer','active','fullaccess',NULL,'0686826150',NULL,NULL,NULL,NULL,NULL,NULL,NULL,NULL),(42,'Doreen','Christina Kisonga',NULL,'Mwanjemadoreen@gmail.com','2026-05-01 18:43:32','$2y$12$q2L11P5r62opG.i03kqJaerzAUze4Vay2.WabTysQlgZ6V.E/dbaS',NULL,'2026-05-01 18:43:32','2026-05-01 18:43:32','dealer','active','fullaccess',NULL,'0717991704',NULL,NULL,NULL,NULL,NULL,NULL,NULL,NULL),(43,'Cecilia Tesha','Altage Co LTD',NULL,'ceciliatesha@gmail.com','2026-05-01 18:48:21','$2y$12$Nb81wsD.JcdbhgkYzsj.LO/jN6QXFvKCWKd3c/XkTC7nnDrcvQIJC',NULL,'2026-05-01 18:48:21','2026-05-01 18:48:21','dealer','active','fullaccess',NULL,'0754608733',NULL,NULL,NULL,NULL,NULL,NULL,NULL,NULL),(44,'Joseph Julius',NULL,NULL,'jasjoe29@gmail.com','2026-05-01 18:48:28','$2y$12$P5DaR3.mYcJy5bKbFd2JOOp16e3kT462NLVt7NRh4nE7A5t5.GA16',NULL,'2026-05-01 18:48:28','2026-05-01 18:48:28','agent','active','fullaccess',NULL,'0789995444',3,NULL,NULL,NULL,NULL,NULL,NULL,NULL),(45,'Ndaizera Bahingae',NULL,NULL,'Majirapascal20@gmail.com','2026-05-01 18:52:57','$2y$12$VEbw1Yb2CTV2.lLK6Tg/2.RPPBZU.70804vNhN4yjDM5rTw8U2ByK',NULL,'2026-05-01 18:52:57','2026-05-01 18:52:57','agent','active','fullaccess',NULL,'0753948602',2,NULL,NULL,NULL,NULL,NULL,NULL,NULL),(46,'Evelyn Mwangalimi','Foibe E Sanga',NULL,'foibeenocksanga@gmail.com','2026-05-01 18:55:52','$2y$12$dLFBNwGS0Rsy8cFYTeKmM.x3BpIWgos2fb.GIHBlzZDyza0YZSBc2',NULL,'2026-05-01 18:55:52','2026-05-01 18:55:52','dealer','active','fullaccess',NULL,'0778611325',NULL,NULL,NULL,NULL,NULL,NULL,NULL,NULL),(47,'Rodric','Asha Mnyaghata',NULL,'kenzotronics1@gmail.com','2026-05-01 20:04:35','$2y$12$wIJLVogbKqEQoy2fG7CjuO87Uw7mjx.8NgCL3nrWx47BeYd9VnJe.',NULL,'2026-05-01 20:04:35','2026-05-01 20:04:35','dealer','active','fullaccess',NULL,'0658149001',NULL,NULL,NULL,NULL,NULL,NULL,NULL,NULL),(48,'Ramadhan amin',NULL,NULL,'ramadhanamin193@gmail.com','2026-05-02 05:23:06','$2y$12$CByyv5721pYloUiOiLvW4OIWTSGlOIJwgoyT9QZo7MvNdiQZkDCyq',NULL,'2026-05-02 05:23:06','2026-05-02 05:23:06','agent','active','fullaccess',NULL,'0786692182',3,NULL,NULL,NULL,NULL,NULL,NULL,NULL),(49,'LEONARD SOUTH MWAIJENGO',NULL,NULL,'Southnardy@gmail.com','2026-05-02 05:24:18','$2y$12$Rt4oe2AZF6m9me/axj9I5udl8YA0.UCizO5bh.cZd/ZBchXMj5.fG',NULL,'2026-05-02 05:24:18','2026-05-15 11:19:47','agent','active','fullaccess',NULL,'0687308494',10,NULL,NULL,NULL,NULL,NULL,NULL,NULL),(50,'Morris Erasto Kembo',NULL,NULL,'morryk88@gmail.com','2026-05-02 05:29:00','$2y$12$rsE5TKb60ScPA7Afv/2evO9cYRtFXEl.XrsJ/H8je7Vo6NJody.kq',NULL,'2026-05-02 05:29:00','2026-05-02 05:29:00','agent','active','fullaccess',NULL,'0628404924',2,NULL,NULL,NULL,NULL,NULL,NULL,NULL),(51,'JULIETHA ERNEST MIAMOJA',NULL,NULL,'juliethaernest@gmail.com','2026-05-02 05:34:25','$2y$12$IzW6x4577lzx75sNwHkxqOoyk9.j/9LQlHkA76BlXlv5FTckT6B3y',NULL,'2026-05-02 05:34:25','2026-05-02 05:34:25','agent','active','fullaccess',NULL,'0745505393',3,NULL,NULL,NULL,NULL,NULL,NULL,NULL),(52,'Jamila Mohamed',NULL,NULL,'najimamohamed192@gmail.com','2026-05-02 05:38:57','$2y$12$WM9BwP/bsbGUkp2aYoD/l.d1.yFgOTgiS07Oy.KbG5BY6A1keFLra',NULL,'2026-05-02 05:38:57','2026-05-15 11:17:22','agent','active','fullaccess',NULL,'0787599136',11,NULL,NULL,NULL,NULL,NULL,NULL,NULL),(53,'Omary Rashid Salum',NULL,NULL,'omryjoka99@gmail.com','2026-05-02 05:41:48','$2y$12$WVV1z8HhRGgPBgOabjQOS.irfsSu4EFnjX.H1VlcWhBg4tUigBKMe',NULL,'2026-05-02 05:41:48','2026-05-02 05:41:48','agent','active','fullaccess',NULL,'0783682464',2,NULL,NULL,NULL,NULL,NULL,NULL,NULL),(54,'Tatu juma omary',NULL,NULL,'Jtatu2863@gmail.com','2026-05-02 05:44:02','$2y$12$5eN/z58rLm20JS5q/cLkeusGootGe1jNJuudSxhvmxWZC03bio9j6',NULL,'2026-05-02 05:44:02','2026-05-15 11:25:24','agent','active','fullaccess',NULL,'0752313187',9,NULL,NULL,NULL,NULL,NULL,NULL,NULL),(55,'Walter Albert',NULL,NULL,'dogoalvi@gmail.com','2026-05-02 05:44:58','$2y$12$J./YFyiuX.lBDeQaq0U8ROj67///1xFiKseJOn19KfhDw0/xBl7xS',NULL,'2026-05-02 05:44:58','2026-05-15 11:25:53','agent','active','fullaccess',NULL,'0788620666',10,NULL,NULL,NULL,NULL,NULL,NULL,NULL),(56,'ROPHINE JUSTINE RASHID',NULL,NULL,'rophinerashid05@gmail.com','2026-05-02 05:53:36','$2y$12$pLaAkaGlcycA1w.UmGfOEeKkRZ1PBjuSesuIPhbqR2jE/Xouuj1tK',NULL,'2026-05-02 05:53:36','2026-05-15 11:24:19','agent','active','fullaccess',NULL,'0746504193',10,NULL,NULL,NULL,NULL,NULL,NULL,NULL),(57,'HANSLA JAPHET CHAZYA',NULL,NULL,'hansrachazya@gmail.com','2026-05-02 05:59:12','$2y$12$5RLky1L3Lx98Dv.YpCgHzOi/vpdad8iMj9dYcY3PlQKU005ZlcXG2',NULL,'2026-05-02 05:59:12','2026-05-02 05:59:12','agent','active','fullaccess',NULL,'0759182282',2,NULL,NULL,NULL,NULL,NULL,NULL,NULL),(58,'Elikani Abdallah Mohamed',NULL,NULL,'elcanabdalah0@gmail.com','2026-05-02 06:00:09','$2y$12$wqFepDxlp.zptWXzqz.p1eXDWRqdlORHj0hoGs70yd1wXs42FMVIy',NULL,'2026-05-02 06:00:09','2026-05-15 11:12:41','agent','active','fullaccess',NULL,'0788214874',9,NULL,NULL,NULL,NULL,NULL,NULL,NULL),(59,'John yohana mponzi',NULL,NULL,'johnmponzi41@gmail.com','2026-05-02 06:22:21','$2y$12$Q1D46WNbhh4y4m8UDlkROOF.d61IbeJp3QSVKL68jPAkU0cvZAy.u',NULL,'2026-05-02 06:22:21','2026-05-02 06:22:21','agent','active','fullaccess',NULL,'0627832608',2,NULL,NULL,NULL,NULL,NULL,NULL,NULL),(60,'ESSAU ISSAYA TEGETE',NULL,NULL,'essautegete950@gmail.com','2026-05-02 06:43:48','$2y$12$5a8smFtDb0ZixvBvskYyWekxMrAP5pY/aQqARA27pZxSP/DPeKNt6',NULL,'2026-05-02 06:43:48','2026-05-02 06:43:48','agent','active','fullaccess',NULL,'0624805484',4,NULL,NULL,NULL,NULL,NULL,NULL,NULL),(61,'Anthony leonard',NULL,NULL,'anthonycavenagi@gmail.com','2026-05-02 08:00:12','$2y$12$hlqJEmr8Z9gM.t80zj0DreQGBjPdsr3JiVDnI4ULDzbQVhkiy52U6',NULL,'2026-05-02 08:00:12','2026-05-02 08:00:12','agent','active','fullaccess',NULL,'0743350286',2,NULL,NULL,NULL,NULL,NULL,NULL,NULL),(63,'Kelvin John Katondo',NULL,NULL,'kelvnkat850@gmail.com','2026-05-02 09:55:39','$2y$12$wSXJOTFFQiNM8UWLhCi5dOBgR/gYjR/HhgwXqafoX6kdRouOVLO0y',NULL,'2026-05-02 09:55:39','2026-05-02 09:55:39','agent','active','fullaccess',NULL,'0799778570',3,NULL,NULL,NULL,NULL,NULL,NULL,NULL),(64,'Heri Chami',NULL,NULL,'raboli.icl@gmail.com','2026-05-02 13:44:13','$2y$12$OquRMd6aoTzfN46k1L1JkuZhxu/6g/j0ZfE2xcYhkVGueOUZ7R77i',NULL,'2026-05-02 13:44:13','2026-05-02 13:44:13','agent','active','fullaccess',NULL,'0714829184',2,NULL,NULL,NULL,NULL,NULL,NULL,NULL),(65,'Yasinta Justin Mushi',NULL,NULL,'Yasintajustun88@gmail.com','2026-05-02 14:05:18','$2y$12$p4SGQpjG8j/zFG1V/GRvO.otKhAlAsyLZbGw4FWXGgSPUUt518s9O',NULL,'2026-05-02 14:05:18','2026-05-02 21:15:30','agent','active','fullaccess',NULL,'0655207079',5,NULL,NULL,NULL,NULL,NULL,NULL,NULL),(66,'Julius Kiguku',NULL,NULL,'kigukujulius10@gmail.com','2026-05-02 21:23:22','$2y$12$h5Bo3m3Q02WaboAgKl54BO2TK6X/N1GGns9ubYkyfszURGDG6ex9O',NULL,'2026-05-02 21:23:22','2026-05-15 11:17:47','agent','active','fullaccess',NULL,'0785561945',8,NULL,NULL,NULL,NULL,NULL,NULL,NULL),(67,'Edward Ally Dyoba',NULL,NULL,'edwardalltza@gmail.com','2026-05-02 21:25:14','$2y$12$oTUS1YCAsIiIhTSjq2JcFu3Gtev7WpDIHxHGFDJi5kKT/W2hI/P4a',NULL,'2026-05-02 21:25:14','2026-05-02 21:25:14','agent','active','fullaccess',NULL,'0748341870',2,NULL,NULL,NULL,NULL,NULL,NULL,NULL),(68,'Habiba Abdully Mohammedi',NULL,NULL,'h17760757@gmail.com','2026-05-02 21:27:16','$2y$12$8mr9X/VofrV1iioWSTXw6us0sOLICybQz5bGHAtS1FUqUjnxya2oe',NULL,'2026-05-02 21:27:16','2026-05-02 21:27:16','agent','active','fullaccess',NULL,'0756197630',5,NULL,NULL,NULL,NULL,NULL,NULL,NULL),(69,'DATIUS FRUGENCE KARUGABA',NULL,NULL,'datiuskarugaba@gmail.com','2026-05-02 21:29:45','$2y$12$Q0ZB7sO6tLXK5ELfb2PlHe.49nrfLep3S5Bs7tGGg1nDYqcuOdqoK',NULL,'2026-05-02 21:29:45','2026-05-02 21:29:45','agent','active','fullaccess',NULL,'0696975007',2,NULL,NULL,NULL,NULL,NULL,NULL,NULL),(70,'JOHNSTONE OBADIA JOHANSEN',NULL,NULL,'johnstonejohansen23@gmail.com','2026-05-02 21:31:09','$2y$12$fyT4wetsx3vBMilr8C6kHernyflYxNzw4CINnMUoDa/Kr4gisIFu2',NULL,'2026-05-02 21:31:09','2026-05-02 21:31:09','agent','active','fullaccess',NULL,'0762765709',4,NULL,NULL,NULL,NULL,NULL,NULL,NULL),(71,'Mawinga','Mawinga',NULL,'mmtweve2005@gmail.com','2026-05-03 17:57:31','$2y$12$BDJ3dpmatT1gikagS1bZKeQVj656FwDE2HKHAwcieO3GZGPtPLU3W',NULL,'2026-05-03 17:57:31','2026-05-03 17:57:31','dealer','active','fullaccess',NULL,'+255654438201',NULL,NULL,NULL,NULL,NULL,NULL,NULL,NULL),(72,'Ally Herman Masua',NULL,NULL,'allymasua@gmail.com','2026-05-04 09:31:04','$2y$12$wNRE3PNGrK92Ohs67Q3Ux.rSorzlY8Cjhn0HAH7AFYjQ4HimCHKk2',NULL,'2026-05-04 09:31:04','2026-05-15 11:11:49','agent','active','fullaccess',NULL,'0659500003',8,NULL,NULL,NULL,NULL,NULL,NULL,NULL),(73,'Andrea Alex',NULL,NULL,'Alexmgisha5@gmail.com','2026-05-04 10:33:57','$2y$12$hIAGXKaNNMzWcNTPsC5TtesYPvd94BgJH3g1ZAHm8B4XoxACIIse.',NULL,'2026-05-04 10:33:57','2026-05-04 10:33:57','agent','active','fullaccess',NULL,'0675142023',2,NULL,NULL,NULL,NULL,NULL,NULL,NULL),(74,'Medelina Oscar Kasese',NULL,NULL,'medelinekasese9@gmail.com','2026-05-04 10:40:32','$2y$12$0D3vmFOw4CcFRG2tV.fn.ecro.dn6IYrZDFI25p3I6uoIvO.ZKEvi',NULL,'2026-05-04 10:40:32','2026-05-15 11:21:40','agent','active','fullaccess',NULL,'+255716936878',11,NULL,NULL,NULL,NULL,NULL,NULL,NULL),(75,'Irene Humphrey',NULL,NULL,'Irenehumphrey182@gmail.com','2026-05-04 17:35:34','$2y$12$uRFq9iEXn/1WEooPsrXvm.OYGWUYdwUP/jUa9qvcyPlLvBRMGA.wm',NULL,'2026-05-04 17:35:34','2026-05-04 17:35:34','agent','active','fullaccess',NULL,'+255778502786',2,NULL,NULL,NULL,NULL,NULL,NULL,NULL),(76,'Twahla','Kingai Twalha',NULL,'kingaitwalha857@gmail.com','2026-05-04 18:34:58','$2y$12$HvjFJQ1X3GFueFkHzUfZ8.dzBS5mrcr0woi7RAopNru/VtVJMVNNu',NULL,'2026-05-04 18:34:58','2026-05-04 18:34:58','dealer','active','fullaccess',NULL,'0656480720',NULL,NULL,NULL,NULL,NULL,NULL,NULL,NULL),(78,'Kassim Riyami',NULL,NULL,'kriyami05@gmail.com','2026-05-05 10:48:44','$2y$12$S9GTJAUWhDAUlJvvfRdMHOgoifX0Wx/966dFJhD07g2NognTIfaky',NULL,'2026-05-05 10:48:44','2026-05-05 10:48:44','agent','active','fullaccess',NULL,'0761349348',2,NULL,NULL,NULL,NULL,NULL,NULL,NULL),(79,'Shadya Rashid Salum',NULL,NULL,'salumshadya73@gmail.com','2026-05-06 09:33:27','$2y$12$7RORFYAmCnA/GEGZxo.3M.G/tsbxpJd8mjmg6FmlPHEfxiDm7CNSS',NULL,'2026-05-06 09:33:27','2026-05-06 09:33:27','agent','active','fullaccess',NULL,'0799990687',2,NULL,NULL,NULL,NULL,NULL,NULL,NULL),(80,'Majige Rulinga Mansama',NULL,NULL,'Adenmansama440@gmail.com','2026-05-07 06:48:10','$2y$12$A.uBrk/TxXUR7RLHbmRZAOqWxLvvw3VU57vmpcZwCnXSJNbVIiQWO',NULL,'2026-05-07 06:48:10','2026-05-07 06:48:10','agent','active','fullaccess',NULL,'0760276326',3,NULL,NULL,NULL,NULL,NULL,NULL,NULL),(81,'George Julius Mchae',NULL,NULL,'Mchaegeorge6@gmail.com','2026-05-07 08:09:02','$2y$12$wN7RhBXuysb8nVnTRjLVpugU3PJH4pLIh5DAWnSfMvcuF13rOa3Nu',NULL,'2026-05-07 08:09:02','2026-05-07 08:09:02','agent','active','fullaccess',NULL,'0626861689',3,NULL,NULL,NULL,NULL,NULL,NULL,NULL),(83,'Sephania Elisha Sanukuli',NULL,NULL,'sephaniasanukuli@gmail.com','2026-05-08 07:11:33','$2y$12$nVqNB0qdKVSl60ZvSo65YuDzgTJUUEb0.JLqqjFZRf67dq8MDppA2',NULL,'2026-05-08 07:11:33','2026-05-08 07:11:33','agent','active','fullaccess',NULL,'0750247870',3,NULL,NULL,NULL,NULL,NULL,NULL,NULL),(84,'Nawiya athuman majid',NULL,NULL,'nawiyaathuman@gmail.com','2026-05-08 12:08:50','$2y$12$JPN8YV7u0FjBlUg/A/G1MOkeJC58aQu0ovM5edm1M6mPO/IQV8WOm',NULL,'2026-05-08 12:08:50','2026-05-08 12:08:50','agent','active','fullaccess',NULL,'0760 400 609',3,NULL,NULL,NULL,NULL,NULL,NULL,NULL),(85,'Stephen George Fernandez',NULL,NULL,'nandezstivini@gmail.com','2026-05-11 09:22:26','$2y$12$Y7RyiY90z1DaKSVKr9dxKO/Y8CXLWi0xT2wJJf4yJEFVtVVQIpjYO',NULL,'2026-05-11 09:22:26','2026-05-11 11:24:23','agent','active','fullaccess',NULL,'0755960060',7,NULL,NULL,NULL,NULL,NULL,NULL,NULL),(86,'Ally Maumbe',NULL,NULL,'allymaumbe@gmail.com','2026-05-11 11:23:55','$2y$12$/sxgoIJvTfZeFLX/ws8r1.p4gmKleQwVbRzEDDG6BUFVQpQSoJ9p.',NULL,'2026-05-11 11:23:55','2026-05-11 11:23:55','agent','active','fullaccess',NULL,'0702846736',7,NULL,NULL,NULL,NULL,NULL,NULL,NULL),(87,'Zakia Muhaji',NULL,NULL,'zakiamayele896@gmail.com','2026-05-11 11:28:27','$2y$12$eOmMYRB6xIZCmZ1IsJX9D.K2y5LVwebfP7WfAx544/3nLuNI.Yvda',NULL,'2026-05-11 11:28:27','2026-05-11 11:28:27','agent','active','fullaccess',NULL,'0670757672',7,NULL,NULL,NULL,NULL,NULL,NULL,NULL),(88,'Esha Hassan',NULL,NULL,'eshahasani4980@gmail.com','2026-05-11 11:30:54','$2y$12$n.sT9ahXq7bpodzEAmdEV.YNdWEG/eQ1AunOY3ssx7MlB9.MM7vOi',NULL,'2026-05-11 11:30:54','2026-05-11 11:30:54','agent','active','fullaccess',NULL,'0620498023',7,NULL,NULL,NULL,NULL,NULL,NULL,NULL),(89,'Hassan Swalehe Mkwahe',NULL,NULL,'hassanmkwahe22@gmail.com','2026-05-11 11:44:49','$2y$12$RNGx2Ri2i/HfnJglEwN0TeDernoDxdNnWIZLKgkjqKOcfS28O4vQW',NULL,'2026-05-11 11:44:49','2026-05-11 11:44:49','agent','active','fullaccess',NULL,'0789278720',7,NULL,NULL,NULL,NULL,NULL,NULL,NULL),(90,'Hassan Mnyengulo',NULL,NULL,'mnyengulomnyeng@gmail.com','2026-05-11 11:46:46','$2y$12$eBbn9bzjtO2SoS1KNZacA.PPfyWubJaq91STSsUHkV/Fuzph5luHK',NULL,'2026-05-11 11:46:46','2026-05-11 11:46:46','agent','active','fullaccess',NULL,'0679140490',7,NULL,NULL,NULL,NULL,NULL,NULL,NULL),(91,'Faudhia','Faudhia',NULL,'zuberi07.matari@gmail.com','2026-05-12 17:25:41','$2y$12$cRnPtECHAOZDxDOEHBxiyOQrj80f26GGwzdm3fA7Nuw3O2xIxtg6.',NULL,'2026-05-12 17:25:41','2026-05-12 17:25:41','dealer','active','fullaccess',NULL,'0714467695',NULL,NULL,NULL,NULL,NULL,NULL,NULL,NULL),(92,'Lucy Christian Tairo',NULL,NULL,'tairolucy7@gmail.com','2026-05-13 08:39:55','$2y$12$5mGwC17zulIxcoU6BxtNg.zDHkpkUgSKXiCHJWyotD.Jh0SuqMM0G',NULL,'2026-05-13 08:39:55','2026-05-15 11:20:53','agent','active','fullaccess',NULL,'0782335029',8,NULL,NULL,NULL,NULL,NULL,NULL,NULL),(93,'Sefroza Miyaye Kang\'oko',NULL,NULL,'sefrozaemanuel8@gmail.com','2026-05-13 12:04:21','$2y$12$Bev235AAE3/WEohPGyQnHuGpIc323F7uVAJ5cE2XwDR65wnsPDXBC',NULL,'2026-05-13 12:04:21','2026-05-13 12:04:21','agent','active','fullaccess',NULL,'0662718071',3,NULL,NULL,NULL,NULL,NULL,NULL,NULL),(94,'Nasma Richard Hungaya',NULL,NULL,'nasmahangaya@gmail.com','2026-05-13 12:05:44','$2y$12$WDfxq7T1Tki/uqmCLGNrruF4BSPNGM5LLbrSHhdvZhf71f9gAETne',NULL,'2026-05-13 12:05:44','2026-05-13 12:05:44','agent','active','fullaccess',NULL,'0761524605',3,NULL,NULL,NULL,NULL,NULL,NULL,NULL),(95,'Neema Gervas Nhwaje',NULL,NULL,'neemagervas723@gmail.com','2026-05-13 12:07:13','$2y$12$fXhHjX5VZwRUb9z2tf37jO1EEH8JlhmNhi.xpwI1buf7caLh995sO',NULL,'2026-05-13 12:07:13','2026-05-13 12:07:13','agent','active','fullaccess',NULL,'0679085649',3,NULL,NULL,NULL,NULL,NULL,NULL,NULL),(96,'Conchesta Cornel Mulaki',NULL,NULL,'conchemulaki@gmail.com','2026-05-13 13:17:36','$2y$12$tS/HS7IklwiHBl1./KSroe2PFlUVrCq3hp4rGV.Bs1sEA32nPuoV6',NULL,'2026-05-13 13:17:36','2026-05-13 13:17:36','agent','active','fullaccess',NULL,'0756147207',4,NULL,NULL,NULL,NULL,NULL,NULL,NULL),(97,'Golden Mwangoka',NULL,NULL,'mosesmwangoka@gmail.com','2026-05-13 14:44:47','$2y$12$SLAFb1VPuM996mztHmuPdeqWL1Ar6nCz6TtmrwmtA26dFJ2OikFeK','Lxi8FFoamJDyrNl4PkFYoSAZbvhiU0Tnm6EMtaPkgBEwvFt6Bq6E0ErHQZLw','2026-05-13 14:44:47','2026-05-13 14:44:47','subadmin','active','fullaccess',NULL,'0655066691',NULL,NULL,NULL,NULL,NULL,NULL,NULL,1),(98,'Michael Nchinga',NULL,NULL,'nchingamike@gmail.com','2026-05-15 06:44:13','$2y$12$dVK775asoBDSTVFHIQZAdu5GaO1RHmV3UjbH6JDI8gjweN/AZJCvS','GhgdGefBLqGfWy8lnDBDZIb2WoGy21JD6a8LVr8FtlYEbypUj6dzJcUt1zJI','2026-05-15 06:44:13','2026-05-15 06:44:13','subadmin','active','fullaccess',NULL,'0755788995',NULL,NULL,NULL,NULL,NULL,NULL,NULL,1),(99,'Aswell Mwamlima','Mwamlima Mbeya',NULL,'aswellmwamlima@gmail.com','2026-05-16 12:53:01','$2y$12$SDEgOhbIvszy1..ok36APOPMjGLfb5AvMVKMZTtC16L3GIKeu2p7i',NULL,'2026-05-16 12:53:01','2026-05-16 12:53:01','dealer','active','fullaccess',NULL,'0762306614',NULL,NULL,NULL,NULL,NULL,NULL,NULL,NULL),(100,'Ally IbrahimMalimbi',NULL,NULL,'allyibrahim320@gmail.com','2026-05-17 09:08:25','$2y$12$94L4AqWrm5SjVo/UFDfmteBIz8uTmL.BdUqvWAyACvUxxNdit4n2G',NULL,'2026-05-17 09:08:25','2026-05-17 09:08:25','agent','active','fullaccess',NULL,'0650718808',4,NULL,NULL,NULL,NULL,NULL,NULL,NULL),(101,'RAHMA ADAM MOHAMED',NULL,NULL,'rahmaadam676@gmail.com','2026-05-18 12:29:15','$2y$12$Zh982sBsxpYWZ1btX8Kiv.Dtz9rRAW6iA3QOold57qXXLf066E23u',NULL,'2026-05-18 12:29:15','2026-05-18 12:29:15','agent','active','fullaccess',NULL,'0785756789',3,NULL,NULL,NULL,NULL,NULL,NULL,NULL),(102,'GEDION KABONAK',NULL,NULL,'mshua941@gmail.com','2026-05-18 12:30:34','$2y$12$6EwgTC.t7O/rPODpyVz93eRoeZC3i5z010BEpFaeEgkzIdiWxUtzq',NULL,'2026-05-18 12:30:34','2026-05-18 12:30:34','agent','active','fullaccess',NULL,'0676584462',3,NULL,NULL,NULL,NULL,NULL,NULL,NULL),(103,'GULAM NOOR',NULL,NULL,'nurugulam018@gmail.com','2026-05-18 12:31:31','$2y$12$TNI1.pO1hsFm8dMRkWjXueOddZh3vOei4So4Q/Zp2arDY.6g/aUxK',NULL,'2026-05-18 12:31:31','2026-05-18 12:31:31','agent','active','fullaccess',NULL,'0654 064 293',3,NULL,NULL,NULL,NULL,NULL,NULL,NULL),(104,'Dorka Opiyo Kasuku',NULL,NULL,'dorkaopiyo661@gmail.com','2026-05-18 14:06:30','$2y$12$gh6hndguQrpgsMrSFJZDduwCDZu2s/UAqGQD46/uxr2dnBmOZ0Z2y',NULL,'2026-05-18 14:06:30','2026-05-18 14:06:30','agent','active','fullaccess',NULL,'0624173277',2,NULL,NULL,NULL,NULL,NULL,NULL,NULL),(105,'Tajiri Mollel',NULL,NULL,'williamrambey@gmail.com','2026-05-19 07:55:14','$2y$12$sKkRWHe5lCPTh5SZQXCs9OZ37WadkZ2O6Fchf87ye0x7RQuVPc4O6',NULL,'2026-05-19 07:55:14','2026-05-19 07:55:14','agent','active','fullaccess',NULL,'0682777311',2,NULL,NULL,NULL,NULL,NULL,NULL,NULL),(106,'Elisha Revocatus Raymond',NULL,NULL,'kimbudodi@gmail.com','2026-05-19 09:40:14','$2y$12$Yzgbni22Fsa9WXJKfe/KVu9YWuXODGSrhAFiz0m86Ps1EXcUA7Fgi',NULL,'2026-05-19 09:40:14','2026-05-19 09:40:14','agent','active','fullaccess',NULL,'0764646328',3,NULL,NULL,NULL,NULL,NULL,NULL,NULL),(107,'Fredrick Fabian Chomola',NULL,NULL,'fredrickfabian93@gmail.com','2026-05-19 12:49:22','$2y$12$AaBnSTdMwpOaW.jWcJ1DoucQu8yTZbmG1Meg5osipJXgrGe1ppggS',NULL,'2026-05-19 12:49:22','2026-05-19 12:49:22','agent','active','fullaccess',NULL,'0615814937',13,NULL,NULL,NULL,NULL,NULL,NULL,NULL),(108,'JANETH KOKUHUMULA',NULL,NULL,'janethkoku8@gmail.com','2026-05-19 14:16:51','$2y$12$u/rtkqLRPtPfJ0oyQEiSSuOqsOUy4HPXX5uQyJWw8aHJezBGc3cLG',NULL,'2026-05-19 14:16:51','2026-05-19 14:16:51','agent','active','fullaccess',NULL,'0753863414',3,NULL,NULL,NULL,NULL,NULL,NULL,NULL),(109,'Kelvin Kimath','Smartphone Solutions',NULL,'smartphonessolutiontz@gmail.com','2026-05-19 15:32:04','$2y$12$XEm6HCS8/Qvn4mDgkH1EdOnpvn8B3u5PXNtQO78wmGZ.77pBZ38cy',NULL,'2026-05-19 15:32:04','2026-05-19 15:32:04','dealer','active','fullaccess',NULL,'0758075661',NULL,NULL,NULL,NULL,NULL,NULL,NULL,NULL),(110,'Godbless Giddas',NULL,NULL,'godblessjohngiddas984@gmail.com','2026-05-21 16:14:58','$2y$12$Qtu3P1gihLT6/pBf/wBhMeHpbbNNxFyL5ZxBHgw60vMvXSZhyfG.y',NULL,'2026-05-21 16:14:58','2026-05-21 16:14:58','agent','active','fullaccess',NULL,'0796748867',2,NULL,NULL,NULL,NULL,NULL,NULL,NULL),(111,'Constantine Mussa Lucas',NULL,NULL,'ivannylucas913@gmail.com','2026-05-25 08:26:15','$2y$12$85AuvS6GJf2XXdNHBmMAYOica3HghvMq8maRWl5QO0bakI.r0RCJe',NULL,'2026-05-25 08:26:15','2026-05-25 08:26:15','agent','active','fullaccess',NULL,'0747738082',3,NULL,NULL,NULL,NULL,NULL,NULL,NULL),(112,'Athumani Abedi Mngoya',NULL,NULL,'Mngoyaathuman@gmail.com','2026-05-26 11:52:09','$2y$12$sBYhvDs6.x6slUdg.NZokevn72/zLPpkWjyyr5rWp2jsKrIEjuGma',NULL,'2026-05-26 11:52:09','2026-05-26 11:52:09','agent','active','fullaccess',NULL,'0675762838',2,NULL,NULL,NULL,NULL,NULL,NULL,NULL);
/*!40000 ALTER TABLE `users` ENABLE KEYS */;
UNLOCK TABLES;

--
-- Table structure for table `vendors`
--

DROP TABLE IF EXISTS `vendors`;
/*!40101 SET @saved_cs_client     = @@character_set_client */;
/*!50503 SET character_set_client = utf8mb4 */;
CREATE TABLE `vendors` (
  `id` bigint unsigned NOT NULL AUTO_INCREMENT,
  `name` varchar(255) NOT NULL,
  `phone` varchar(255) DEFAULT NULL,
  `email` varchar(255) DEFAULT NULL,
  `office_name` varchar(255) DEFAULT NULL,
  `location` varchar(255) DEFAULT NULL,
  `created_at` timestamp NULL DEFAULT NULL,
  `updated_at` timestamp NULL DEFAULT NULL,
  PRIMARY KEY (`id`)
) ENGINE=InnoDB AUTO_INCREMENT=7 DEFAULT CHARSET=latin1;
/*!40101 SET character_set_client = @saved_cs_client */;

--
-- Dumping data for table `vendors`
--

LOCK TABLES `vendors` WRITE;
/*!40000 ALTER TABLE `vendors` DISABLE KEYS */;
INSERT INTO `vendors` VALUES (2,'Willy',NULL,NULL,NULL,NULL,'2026-04-30 19:35:51','2026-04-30 19:35:51'),(3,'Hamis','0787848800',NULL,NULL,'K/Koo','2026-05-01 17:28:39','2026-05-01 17:28:39'),(4,'Freedom','0689313130',NULL,NULL,NULL,'2026-05-01 17:29:58','2026-05-01 17:29:58'),(5,'Leon',NULL,NULL,NULL,NULL,'2026-05-04 09:40:43','2026-05-04 09:40:43'),(6,'Chacha','0719994862',NULL,NULL,NULL,'2026-05-04 09:48:46','2026-05-04 09:48:46');
/*!40000 ALTER TABLE `vendors` ENABLE KEYS */;
UNLOCK TABLES;
/*!40103 SET TIME_ZONE=@OLD_TIME_ZONE */;

/*!40101 SET SQL_MODE=@OLD_SQL_MODE */;
/*!40014 SET FOREIGN_KEY_CHECKS=@OLD_FOREIGN_KEY_CHECKS */;
/*!40014 SET UNIQUE_CHECKS=@OLD_UNIQUE_CHECKS */;
/*!40101 SET CHARACTER_SET_CLIENT=@OLD_CHARACTER_SET_CLIENT */;
/*!40101 SET CHARACTER_SET_RESULTS=@OLD_CHARACTER_SET_RESULTS */;
/*!40101 SET COLLATION_CONNECTION=@OLD_COLLATION_CONNECTION */;
/*!40111 SET SQL_NOTES=@OLD_SQL_NOTES */;

-- Dump completed on 2026-05-29  0:00:04
